Customer ID,frequency,recency,T,monetary_value,prob_alive,pred_purchases_6m,pred_purchases_12m,pred_aov,clv_6m,clv_12m,CLV_segment,AcquisitionChannel,AcquisitionCost,AttributedRevenue
12346.0,10,196,725,11.29878787878788,0.0004302285504203,0.0010799244671024,0.0021639500180805,11.597696925486382,0.0120992133918839,0.0232341878474909,Low,Paid Social,8,0.005808546961872725
12347.0,7,402,403,22.26608695652174,0.9835672144345978,3.007090073120219,5.988525523412731,22.44759552570629,65.21402856087332,124.49913597852668,Top,Organic,0,18.674870396779003
12348.0,4,362,437,39.59607843137255,0.9383466234120684,1.7152631512001717,3.415863248971951,39.24844112040847,65.03959492475782,124.16518607816842,Top,Email,2,24.833037215633684
12349.0,3,570,588,25.3068,0.9596272085569628,1.1062339153513194,2.208874569389244,25.56569338060217,27.32213259559475,52.29179260822382,High,Paid Social,8,13.072948152055956
12352.0,9,356,392,27.668349514563108,0.9715613005995326,3.769240755099745,7.506424072594757,27.71679006516741,100.93029452977515,192.68692432651875,Top,Paid Search,12,77.0747697306075
12353.0,1,204,408,16.948333333333334,0.7306269877343446,0.616221365952313,1.222141170707048,18.797100315403394,11.191152083801825,21.28143983903992,Mid,Paid Search,12,8.512575935615969
12355.0,1,353,567,27.074571428571428,0.7906843686736172,0.505395274828779,1.0063931820536158,27.538738256805715,13.446195807458562,25.667967737625045,Mid,Paid Search,12,10.26718709505002
12356.0,5,401,424,44.57118881118881,0.9701946448066566,2.1604651464232547,4.302710789930202,44.13818044419223,92.12682375136993,175.88625851725322,Top,Organic,0,26.382938777587984
12357.0,2,355,388,61.78263513513514,0.9345051384650398,1.175610693324564,2.3343698159102044,59.48473332336565,67.56315263390206,128.62667968984425,Top,Email,2,25.72533593796885
12358.0,4,730,731,50.48142857142857,0.9722781544310788,1.1391490294922573,2.2805268445788403,49.71917283208904,54.71431865615168,104.976690293405,Top,Email,2,20.995338058681
12359.0,9,676,733,24.482027397260275,0.9734603809848346,2.206020086502868,4.420465079315978,24.585574347744465,52.39402474042925,100.61356796983137,High,Paid Search,12,40.24542718793255
12360.0,7,603,655,19.59857142857143,0.9705485793182738,1.9596827838231248,3.921943706910796,19.839103241970307,37.55831467047382,72.03869851421791,High,Organic,0,10.805804777132687
12361.0,3,394,681,17.629310344827587,0.7728096497250837,0.7831930292912407,1.566161451028958,18.27322511211836,13.825672782368962,26.49819181673243,Mid,Organic,0,3.9747287725098643
12362.0,10,735,738,20.06078651685393,0.9880896078022796,2.4411546243711446,4.8923323152577165,20.22307697306826,47.69070579369914,91.59409628889308,High,Paid Search,12,36.637638515557235
12363.0,1,132,241,24.0,0.7845929111892472,0.9969932412387228,1.963879669047614,24.884565008974377,23.972430264464347,45.29150257944701,Mid,Paid Search,12,18.116601031778806
12364.0,3,104,111,15.448235294117646,0.9578318871839232,3.770379313785482,7.3861426142355615,16.2015296344477,59.02982239620859,110.9409333855705,Top,Paid Search,12,44.37637335422821
12365.0,1,0,290,29.15363636363636,0.2023719843458805,0.2238431656409543,0.4419902238475802,29.33352450892331,6.344278809894764,12.013905450958834,Low,Paid Search,12,4.805562180383534
12369.0,2,228,641,19.25967741935484,0.5118865643920139,0.4206468605258047,0.8400275545778113,20.082280198588865,8.16093502395009,15.620983238486176,Low,Paid Social,8,3.905245809621544
12370.0,6,617,668,21.387673267326736,0.9688770591089744,1.6916782129674297,3.3856159685535263,21.62124766201909,35.33431846604903,67.77361545744228,High,Paid Social,8,16.94340386436057
12371.0,4,600,644,24.35556886227545,0.9618761047985576,1.2608790838144217,2.521185956974109,24.588436178528426,29.95070964925621,57.39875830769183,High,Paid Search,12,22.95950332307673
12372.0,2,224,296,24.962307692307693,0.89919466437933,1.402317642271218,2.775338210252208,25.36642867009964,34.368963940122,65.22590848253463,High,Email,2,13.045181696506928
12373.0,2,362,673,22.11078431372549,0.7533919000631435,0.5931098384208581,1.185032992327846,22.72416147387649,13.02055742406606,24.934826640134418,Mid,Paid Search,12,9.973930656053767
12374.0,3,563,587,36.01469879518072,0.9580228461744572,1.1060198640945582,2.208408145019702,35.73659763358066,38.18442656998823,73.07989627914964,High,Paid Search,12,29.231958511659855
12375.0,1,87,97,26.91176470588235,0.8942299885216325,2.026217896226396,3.948695526144096,27.39819273429391,53.65076801690012,100.3306696650841,High,Paid Social,8,25.082667416271025
12376.0,1,28,417,38.70384615384615,0.2070404957260225,0.1715169441974507,0.3402605789443497,37.5778967491641,6.2270888429557765,11.844737342561206,Low,Paid Social,8,2.9611843356403016
12377.0,3,274,588,22.54157894736842,0.6264532657924194,0.7221594415234139,1.441973169769266,22.93914646391911,16.003699847997837,30.629459486288297,Mid,Email,2,6.1258918972576595
12378.0,1,432,561,17.994418604651162,0.8513223490667221,0.5491696315358845,1.0934241734376788,19.700150254748028,10.45203744770046,19.94992940083972,Mid,Paid Search,12,7.979971760335889
12379.0,3,452,534,20.00271604938272,0.9347800521181902,1.1711113178572807,2.3360430275829653,20.527605979573668,23.224800464063133,44.40702446499645,Mid,Paid Social,8,11.101756116249112
12380.0,10,640,662,34.93249097472925,0.9839778342789384,2.677577548034166,5.360995077444986,34.86289925599033,90.1782188571946,173.03721754217315,Top,Paid Social,8,43.25930438554329
12381.0,4,115,119,21.21045977011494,0.9693536159977492,4.518815746944999,8.865898631614915,21.563122974610625,94.15770241743662,177.21948692194223,Top,Paid Search,12,70.8877947687769
12383.0,4,167,351,18.69252525252525,0.6380396773395934,1.3951866494852976,2.7715503465698665,19.14109552836021,25.80108357553445,49.139832729284045,High,Email,2,9.82796654585681
12384.0,1,92,121,21.676666666666662,0.8702473136184944,1.743378759139619,3.4054341835912054,22.87891013238777,38.5457662637786,72.24430733823182,High,Paid Search,12,28.89772293529273
12386.0,1,29,366,36.71111111111112,0.2561351559679156,0.2359622054076829,0.4673302777438804,35.85763616543101,8.174845762434892,15.5250043858833,Low,Paid Search,12,6.21000175435332
12388.0,7,566,581,26.71993150684932,0.9804893626688098,2.198940531255494,4.395752261977365,26.80289131339981,56.937624228652325,109.0908902938071,Top,Organic,0,16.363633544071064
12389.0,2,253,655,29.251632653061225,0.5611577214679779,0.4524593878345977,0.9037604208766576,29.340985821854545,12.825147267285695,24.554081626132938,Mid,Organic,0,3.6831122439199406
12391.0,5,641,662,9.86982206405694,0.9733474091389398,1.4791925461457769,2.959437013761373,10.50233920312598,15.007575696875907,28.777025789210533,Mid,Organic,0,4.31655386838158
12393.0,5,356,427,22.424766355140186,0.9436785808552954,2.089156868495375,4.161017605297255,22.67177667925105,45.75942745565323,87.36919653551315,High,Paid Search,12,34.947678614205266
12394.0,1,153,216,47.12888888888889,0.8465061058823244,1.1641614111099965,2.2899350492353654,44.85095042792554,50.45266401092165,95.19285275322714,High,Paid Search,12,38.077141101290856
12395.0,14,583,602,19.94988188976378,0.9873530031509792,3.9524211811242447,7.908520859338952,20.06756307717338,76.62265134328545,146.93916784443994,Top,Email,2,29.387833568887988
12397.0,1,99,134,19.12619047619048,0.864057841161212,1.6289140064968164,3.1854954541540925,20.677170530215623,32.548438442699066,61.07075372952568,High,Paid Social,8,15.26768843238142
12399.0,6,525,644,17.83909090909091,0.9330967929361474,1.682649637037093,3.366390776144241,18.163933436086268,29.52592955337589,56.61428402455263,High,Paid Search,12,22.645713609821055
12402.0,5,347,670,17.955714285714286,0.5480706250843671,0.8241084701393121,1.64899020256494,18.33994943450161,14.600970314546052,28.000376512457446,Mid,Paid Social,8,7.000094128114362
12403.0,1,471,521,113.26222222222222,0.8878356937614048,0.6102239218165638,1.213916357613955,101.94161434683278,60.09945525028485,114.616538677638,Top,Paid Search,12,45.8466154710552
12406.0,4,675,696,38.49614457831325,0.9682335261066406,1.185041232147738,2.371313123894827,38.19040328719279,43.720650188569095,83.84737773045609,High,Organic,0,12.577106659568413
12407.0,4,214,263,22.18337662337662,0.939005299614174,2.569876281347909,5.087812134656125,22.498981832360062,55.86428821671472,106.05453472048616,Top,Paid Search,12,42.421813888194464
12408.0,7,465,497,27.30044025157233,0.9741995619958216,2.498983710928036,4.987730470162127,27.370555330866576,66.07840857784517,126.4162349870492,Top,Email,2,25.28324699740984
12409.0,6,486,564,88.70943181818183,0.952874904387814,1.9293129560603053,3.854909049874504,87.21151725587417,162.54860198727175,311.29683109026433,Top,Paid Search,12,124.51873243610574
12410.0,2,193,501,25.34275,0.5901877192580935,0.600106378337206,1.195183067854365,25.71895260071901,14.910951481368071,28.46837510774948,Mid,Paid Social,8,7.11709377693737
12412.0,5,464,538,20.448267716535437,0.9511231132948472,1.7318812172849618,3.4579051971092354,20.75596757277579,34.72734984736795,66.46035460777581,High,Paid Social,8,16.615088651943953
12413.0,3,335,401,19.59705882352941,0.933591202315904,1.4878164383136314,2.958309558355094,20.142292214230668,28.95286633034793,55.19142774595976,High,Paid Search,12,22.076571098383905
12414.0,5,246,463,34.01464285714286,0.6284193809747893,1.3001982181764344,2.591908627953369,33.90577933008747,42.5894867350753,81.38471339067357,High,Organic,0,12.207707008601036
12415.0,27,503,527,156.00255939524837,0.9865647017818464,8.19203668399024,16.376671918392226,155.2704322366756,1228.8100797977545,2354.437125900399,Top,Email,2,470.88742518007984
12417.0,19,730,733,18.42408108108108,0.9934395977146816,4.431644433983903,8.884379933917756,18.52366407723651,79.30150292315643,152.35241971863675,Top,Organic,0,22.852862957795512
12418.0,3,517,629,19.815686274509805,0.9267890585460428,1.0073156185755978,2.012749214234109,20.3499556329394,19.80320242365553,37.92619015884013,Mid,Organic,0,5.688928523826019
12419.0,1,27,413,20.1204,0.2064960566364154,0.1724281144168236,0.3420264835152845,21.53543789597348,3.587633446671663,6.823356419427435,Low,Paid Social,8,1.7058391048568589
12421.0,5,489,504,16.90153846153846,0.97378342682545,1.875069101436022,3.741264054911365,17.318142687795334,31.37131971868332,59.99908940607567,High,Organic,0,8.99986341091135
12422.0,16,625,721,30.41744186046512,0.9372360694070948,3.616753381031534,7.2490957532760625,30.417949644496744,106.277067974784,204.13395858031325,Top,Paid Search,12,81.6535834321253
12423.0,9,465,465,15.893272727272729,0.9873367467897476,3.3235817933175573,6.630900884931156,16.145359383376885,51.84045696319093,99.13964021847674,High,Paid Search,12,39.6558560873907
12424.0,3,385,547,36.30467391304347,0.8791204439180184,1.0788374726882344,2.152535117179423,36.01203067753655,37.53338690258863,71.78329855750573,High,Paid Search,12,28.713319423002293
12425.0,1,370,447,19.136373626373626,0.8700613297476236,0.680467115986389,1.3511099749802449,20.68596129843249,13.599512310171518,25.88953230599037,Mid,Paid Search,12,10.355812922396149
12426.0,1,468,662,17.470259740259742,0.8265340027339007,0.4615819499627049,0.9207796810329392,19.247661682665065,8.58304503166688,16.41214275754371,Low,Paid Social,8,4.103035689385927
12427.0,2,349,371,27.54390243902439,0.9390968258714808,1.225134523586093,2.4313934128193457,27.75857567630203,32.856778731567154,62.52056030636877,High,Paid Search,12,25.00822412254751
12428.0,8,257,283,27.062789115646257,0.9718304216539576,4.409683921689206,8.748650730350255,27.12892385312644,115.58106064368884,219.8630052919589,Top,Organic,0,32.97945079379383
12429.0,7,537,545,43.27115606936416,0.9820384620339068,2.327815679973483,4.6504415655729705,42.98789233975773,96.67235165731898,185.1105515684622,Top,Paid Social,8,46.27763789211555
12431.0,26,658,693,26.809802469135807,0.984264346085128,6.205633362211465,12.436431332532916,26.83196071158084,160.85327289883458,308.9250684877195,Top,Paid Search,12,123.5700273950878
12432.0,4,129,171,46.84555555555556,0.9292170842514276,3.453090415228991,6.801979370918481,46.22178869679568,154.22204963091534,291.37523000135417,Top,Paid Social,8,72.84380750033854
12433.0,9,476,476,29.15192634560907,0.9873367467897476,3.2586243026359853,6.502874507352683,29.17470891968294,91.84473130357324,175.68408788054734,Top,Paid Search,12,70.27363515221894
12434.0,2,296,380,15.763285714285717,0.9025696219113936,1.1548405391005907,2.292552178278255,16.84246769105674,18.79187304387581,35.76741842415505,Mid,Organic,0,5.365112763623258
12435.0,5,657,736,124.33866071428572,0.9582277263771906,1.3254214362689023,2.6543887774250265,121.4563460566616,155.51381282424256,298.4754892005633,Top,Paid Search,12,119.39019568022532
12437.0,38,735,736,22.52824156305506,0.9967849965386516,8.571796551470836,17.18896919428161,22.56120381070016,186.81958984304603,359.00468516799674,Top,Organic,0,53.85070277519951
12438.0,1,125,139,29.66173469387755,0.8924862369598137,1.645222953319088,3.218746057120752,29.772148566527505,47.33394150475884,88.84864610929193,High,Email,2,17.769729221858388
12439.0,1,43,725,16.085833333333333,0.1030513049130315,0.0531030094652005,0.1060372489043868,18.052533314948896,0.9261186100749114,1.772560533533439,Low,Paid Search,12,0.7090242134133756
12440.0,1,255,717,26.85,0.5585990326889325,0.2907016180059445,0.5804099024443762,27.344873358302284,7.679506574406387,14.69665363362715,Low,Paid Search,12,5.87866145345086
12444.0,4,149,170,28.44011363636364,0.9564895505446492,3.568339168088846,7.028527674384366,28.51740235265685,98.32598719471991,185.75764141606203,Top,Organic,0,27.863646212409304
12445.0,1,398,420,18.124166666666667,0.8972529321588575,0.7389262370870286,1.4660372905872538,19.812157356602714,14.14418369787172,26.90640497948579,Mid,Email,2,5.381280995897158
12449.0,5,416,438,24.05915422885572,0.9707998506801826,2.10418404891651,4.192113173600469,24.255979729442533,49.30886119890492,94.17107340363395,High,Email,2,18.83421468072679
12450.0,4,318,473,18.6,0.8579092463849933,1.4675029119620664,2.924999083902573,19.05209452395684,27.011054724349467,51.60857801555164,High,Email,2,10.321715603110329
12451.0,7,518,528,24.794285714285717,0.9814830862462564,2.3907880113373325,4.774726760152714,24.919853655894418,57.55668734041108,110.17764891737772,Top,Paid Search,12,44.07105956695109
12452.0,1,0,16,19.57136363636364,0.862100225019522,3.526341705180712,6.7974133774758005,21.06147342245097,71.7922903665221,132.85702009850823,Top,Paid Social,8,33.21425502462706
12454.0,4,364,420,416.9945,0.949130133562186,1.7931031750761115,3.569301114605812,402.2719148546655,696.8705752156654,1329.8167857347878,Top,Paid Search,12,531.9267142939151
12455.0,9,648,721,25.902863436123347,0.9665883629760988,2.2229625531843493,4.453772712176189,25.981837491577192,55.794922113575794,107.12974962817856,Top,Organic,0,16.069462444226783
12456.0,2,210,254,25.44832,0.9189313260750688,1.6094025425733194,3.179153707674419,25.81677545218164,40.14572310421278,76.05175546908863,High,Email,2,15.210351093817728
12457.0,7,368,434,35.66559523809524,0.9505855839001688,2.733272535724998,5.447585886071784,35.55061726713848,93.8750960021941,179.35196881639425,Top,Paid Search,12,71.7407875265577
12458.0,3,416,487,21.16059523809524,0.9372641476068077,1.2701936246079633,2.531147669366828,21.627418238745538,26.53967464204516,50.69695575922608,High,Paid Search,12,20.278782303690434
12461.0,1,60,154,23.62514285714286,0.7414086473227492,1.281586557307243,2.5103450104111507,24.560963549894858,30.417406170487936,57.16109661467818,High,Paid Search,12,22.864438645871275
12462.0,1,284,302,19.186935483870965,0.8965236795861747,0.961171498705905,1.8988881106726456,20.729609635330117,19.25142306302148,36.474018925897774,Mid,Paid Search,12,14.58960757035911
12463.0,3,188,241,16.202168674698793,0.9239458184270114,2.1904347366427537,4.329047607227821,16.917653719451792,35.80472504066207,67.860130638023,High,Email,2,13.5720261276046
12464.0,7,299,308,41.79482758620689,0.9803955055516456,3.719111409636916,7.384275390827303,41.54423009441199,149.27666983191307,284.1687713849723,Top,Email,2,56.833754276994455
12465.0,1,152,168,15.791276595744682,0.892366224673029,1.4578490015771293,2.858607222230681,17.798252472548842,25.07327900480073,47.16561746561143,High,Organic,0,7.074842619841715
12468.0,4,495,682,24.4716,0.8864278350818723,1.1046396483933956,2.21000017219431,24.700047738807417,26.358356006048663,50.54075275653541,High,Paid Social,8,12.635188189133853
12469.0,1,14,536,40.40184210526316,0.101484363631751,0.0680800921640785,0.1354775836844265,39.04371907070665,2.568024810510204,4.899101388548848,Low,Paid Search,12,1.9596405554195393
12471.0,78,730,732,35.148452066842566,0.9981781139759578,17.399371985381336,34.89364916403536,35.13896944725596,590.623179502448,1135.066275528878,Top,Email,2,227.01325510577558
12472.0,18,693,725,19.62743139407245,0.9860021680157952,4.2232677178085485,8.46563757734089,19.722001978807207,80.4618127306672,154.5643171104691,Top,Email,2,30.91286342209382
12473.0,4,162,191,23.44375,0.9504217196950614,3.2767048545577624,6.462777111106058,23.71134811487456,75.07180017953769,142.00767520648398,Top,Paid Social,8,35.501918801620995
12474.0,30,649,666,17.499225352112678,0.9920341249284468,7.42740108756354,14.880522961736096,17.56734368013236,126.04796714164512,242.0122532615792,Top,Email,2,48.40245065231584
12475.0,1,356,409,18.846557377049184,0.8811180213135084,0.7416562781182234,1.4709597273852129,20.43577275878904,14.64336020586702,27.847087848431293,Mid,Paid Social,8,6.961771962107823
12476.0,22,486,501,27.35544573643411,0.990318539045284,7.07114306295408,14.127685963678047,27.377703614998875,187.02248349740327,358.14308615930315,Top,Paid Social,8,89.53577153982579
12477.0,8,600,622,35.95101063829787,0.9809583174438438,2.321865684420778,4.645181061474685,35.84458467553542,80.40086533243617,154.16226740960445,Top,Paid Social,8,38.54056685240111
12480.0,6,479,506,22.58202479338843,0.9736748558182496,2.1641404248927487,4.31935199364629,22.784880940033396,47.63704296729139,91.13433910178622,High,Paid Search,12,36.45373564071449
12481.0,14,584,606,31.61480818414322,0.9864905516436592,3.926171708063292,7.856480287884072,31.601992636523303,119.86234230157925,229.8732778647971,Top,Paid Search,12,91.94931114591884
12482.0,28,77,653,116.1343137254902,3.7218035625659246e-18,2.6544603101442138e-17,5.3170752856838146e-17,115.65244638364044,2.9656843054735805e-15,5.693063675918861e-15,Low,Paid Search,12,2.2772254703675446e-15
12483.0,18,660,676,36.83870503597122,0.9903079946178645,4.514132945921053,9.04322617910084,36.78314572001283,160.4044649251452,307.9550755975809,Top,Email,2,61.591015119516186
12484.0,11,648,680,13.410842105263155,0.9823901922608088,2.841058008679641,5.690107119543381,13.652983090862524,37.4715921231514,71.92336052117076,High,Paid Search,12,28.769344208468308
12488.0,2,65,75,23.612,0.9356471094610884,3.461710014190904,6.7471432987351765,24.11521195310174,80.6771567223283,150.89156570668808,Top,Paid Social,8,37.72289142667202
12490.0,20,733,737,21.26329004329004,0.9935769398844958,4.627746009391464,9.278150210099598,21.33562437511921,95.38149927435391,183.25685023471743,Top,Organic,0,27.488527535207613
12492.0,2,340,402,17.028809523809525,0.91991601680279,1.1242038687030214,2.2332413280069474,18.015122305449804,19.56683944800875,37.266387502606136,Mid,Paid Search,12,14.906555001042456
12493.0,1,31,196,19.715454545454545,0.5270510276931895,0.7759411695984124,1.5244121174922491,21.185862217783807,15.884833346674029,29.935813620172254,Mid,Paid Social,8,7.483953405043064
12494.0,8,560,575,16.872702702702703,0.982418253342362,2.4903524081981963,4.978516539373175,17.136673243720097,41.2279097752886,78.99486647472855,High,Email,2,15.79897329494571
12496.0,1,0,619,4.160769230769231,0.0538134505508361,0.0318744114448997,0.0635360265520574,7.758029884138729,0.23889787837263,0.4564820219136678,Low,Paid Search,12,0.18259280876546713
12497.0,2,563,644,109.62280701754386,0.9245605343409748,0.756655687853043,1.5111076113747586,103.8142021876244,75.88641896585142,145.26220951556147,Top,Paid Search,12,58.10488380622459
12498.0,2,36,57,17.55217391304348,0.9118044619237272,3.802413004550656,7.394771468604512,18.50008012404283,67.98607157771025,126.88543249747664,Top,Paid Search,12,50.75417299899066
12500.0,18,650,672,40.7891095890411,0.9886327763022942,4.53024942143068,9.075040004363936,40.69909182128014,178.11493446440298,341.9399140137926,Top,Paid Search,12,136.77596560551703
12502.0,4,214,309,25.332448979591835,0.8866727959525168,2.144535423698819,4.253812440870583,25.52810734126442,52.89315356082631,100.59609124588049,High,Organic,0,15.089413686882072
12504.0,3,578,596,38.9525,0.9596826972385688,1.0933644790355366,2.18348290845361,38.52706991390794,40.694924497010994,77.89630712115301,High,Organic,0,11.684446068172951
12507.0,3,450,584,37.6338775510204,0.909295612321181,1.0544496155622092,2.105324869251846,37.27457557015905,37.97073180750125,72.66723848530368,High,Email,2,14.533447697060737
12508.0,1,2,28,5.772028985507246,0.8333584610928324,3.0427716906934115,5.877197944414836,9.148975788531,26.90834790755356,49.89303846306194,High,Organic,0,7.483955769459291
12510.0,8,592,734,35.71048275862069,0.9200967366727492,1.8808579928673737,3.768557080161768,35.60872653313236,64.70008310016169,124.23451338442364,Top,Organic,0,18.635177007663543
12512.0,1,0,65,4.059705882352941,0.6996579985802607,1.9224568469737795,3.732852123397149,7.670785322763418,14.252611751884412,26.560506584001462,Mid,Paid Search,12,10.624202633600586
12514.0,1,374,641,19.02095238095238,0.7660739828524519,0.4401034185426518,0.8776163488057834,20.58632205148522,8.752861130253322,16.731114753775262,Low,Organic,0,2.5096672130662894
12516.0,3,521,598,35.792162162162164,0.940597906401604,1.068498403059389,2.133898350342599,35.52522107590992,36.67074967875348,70.19572554855279,High,Paid Social,8,17.548931387138197
12517.0,4,161,189,8.812816901408452,0.951243957429645,3.303398987235385,6.514629656522672,9.637701131010894,30.762282267385565,58.18390383110325,High,Organic,0,8.727585574665488
12518.0,4,109,109,16.58782258064516,0.9724557114941792,4.766989842217519,9.34437614061527,17.11656009986546,78.8473033522464,148.27501866524983,Top,Organic,0,22.241252799787475
12519.0,1,413,476,18.1635,0.8797678364677464,0.6527771961146869,1.2971401157795983,19.846112489377063,12.51631359591945,23.845097279458777,Mid,Paid Search,12,9.538038911783511
12520.0,4,194,273,17.330657894736845,0.9002222880852951,2.395213658482136,4.744112301935878,17.831101127920622,41.26471890540255,78.37121255453224,High,Paid Search,12,31.348485021812895
12522.0,1,12,50,16.06,0.8090245326155019,2.470141458236741,4.786842368004365,18.030232274355573,43.04654901319372,80.06803033411151,High,Paid Search,12,32.0272121336446
12523.0,22,712,731,17.488599999999998,0.9908610134114422,5.084950143492454,10.194499372555809,17.58138751897655,86.36330739521188,165.9255673789617,Top,Paid Social,8,41.48139184474042
12524.0,16,660,668,46.35879166666667,0.9913193510032876,4.094004178785428,8.200211043241287,46.20303559756349,182.7312700417545,350.7641560669528,Top,Organic,0,52.61462341004292
12525.0,2,149,646,16.228833333333334,0.2738448083153576,0.2235034350629412,0.4463703714594261,17.273851565139136,3.7297712911729626,7.139768706702901,Low,Organic,0,1.0709653060054352
12526.0,2,93,93,18.54450704225352,0.9480243386762242,3.1527563444040982,6.157136338447038,19.41959188211961,59.16755997032772,110.87149298012332,Top,Paid Search,12,44.34859719204933
12527.0,4,447,528,22.9846875,0.9425213615110348,1.4682074579481692,2.929842770263904,23.269771113257903,33.00600648990914,63.13322441910525,High,Paid Social,8,15.783306104776312
12528.0,5,303,312,21.01608695652174,0.9742251250168968,2.7785822554071995,5.514554750660808,21.3063515950818,57.19746067324285,108.84002159098472,Top,Paid Social,8,27.21000539774618
12530.0,8,582,641,23.792784810126584,0.9689323491796784,2.233571284917774,4.469795576520787,23.922405165209664,51.618250703087895,99.00034324175122,High,Paid Search,12,39.600137296700495
12531.0,1,671,685,15.222047244094489,0.9028691908595082,0.4892544917451119,0.9763510016354088,17.306856077269025,8.180231356893104,15.647517581390282,Low,Paid Search,12,6.259007032556113
12533.0,1,110,738,18.998472222222222,0.2375657488341866,0.1204982735913881,0.2406594203441615,20.566915692812227,2.394188361105131,4.583226385101284,Low,Paid Search,12,1.8332905540405138
12535.0,1,94,186,21.069117647058825,0.7803479173967015,1.190867512522566,2.338038011071622,22.35443366727648,25.724054886648528,48.447941475318814,High,Organic,0,7.267191221297821
12536.0,2,15,58,48.2828735632184,0.8357029553416278,3.4605765414742184,6.730860333126205,46.975638210828,157.11118638234194,293.2602286165756,Top,Paid Search,12,117.30409144663025
12538.0,1,349,377,18.83676470588236,0.8932258757989727,0.8034550078035677,1.5918725756304697,20.42731907786484,15.857185673480105,30.125592234565776,Mid,Paid Social,8,7.531398058641444
12539.0,6,694,715,22.25148809523809,0.9772731974069164,1.6064260996788544,3.217003717144237,22.46284551480061,34.85945113114991,66.90236658165898,High,Email,2,13.380473316331797
12540.0,32,712,731,28.864448767833984,0.9920048542480802,7.273338353783838,14.583702124728614,28.87235294746901,202.8638968442587,389.799034166577,Top,Paid Social,8,97.44975854164424
12541.0,2,251,280,18.868846153846157,0.9322030509408388,1.517088900721455,3.0004193386206546,19.720129693399794,28.905852581995266,54.8220252421869,High,Organic,0,8.223303786328035
12542.0,1,156,639,12.355897435897436,0.4134068116723021,0.2381502906577703,0.4748820639162462,14.83260614620524,3.4125993520945785,6.522973295928953,Low,Organic,0,0.9784459943893429
12545.0,1,184,259,20.0078,0.8432838610599108,1.0160037808280058,2.003199293094855,21.43823413452284,21.045923488930686,39.79788021399436,Mid,Paid Search,12,15.919152085597744
12546.0,1,31,77,16.833333333333332,0.8092322421006408,2.0590982901958403,4.003967634199912,18.697824715342797,37.2095114481779,69.43821674959844,High,Paid Social,8,17.35955418739961
12547.0,2,302,499,18.265714285714285,0.8186575686680287,0.8352490714384629,1.6634220463836809,19.161258052321408,15.461944479033956,29.519070205723413,Mid,Paid Search,12,11.807628082289366
12549.0,5,121,697,32.15673469387755,0.0077392898115146,0.0112368826055541,0.0224926135858785,32.10491930992017,0.3485095918946517,0.668573366726451,Low,Paid Search,12,0.2674293466905804
12552.0,1,0,39,21.891,0.7887659792183744,2.6227507095438387,5.0745667339371945,23.06393683047172,58.46821460266843,108.58843037294446,Top,Paid Search,12,43.43537214917779
12553.0,11,415,422,19.36449579831933,0.987629898765232,4.304389090173988,8.580730735482764,19.522125725780363,81.18164217899111,155.13169314271556,Top,Email,2,31.026338628543115
12556.0,1,100,150,4.989338842975207,0.8444823329393549,1.4844069759604683,2.906715267980491,8.473305931475483,12.154497252451424,22.8341829223884,Mid,Paid Social,8,5.7085457305971
12557.0,7,706,722,322.69206896551725,0.9809355777752028,1.8167290439757071,3.6390702351931545,316.2261500244781,554.985581431526,1065.3846809985184,Top,Paid Search,12,426.1538723994074
12559.0,1,8,319,26.74809523809524,0.2110069258984954,0.2167882342934118,0.4285919815232449,27.256902433196824,5.709243608473348,10.824167928561604,Low,Paid Search,12,4.329667171424641
12560.0,2,137,142,20.323904761904764,0.9440968533208728,2.463635675184092,4.8328036430448895,21.06841028528713,50.15659725562878,94.3871596923181,High,Organic,0,14.158073953847714
12562.0,8,427,434,23.99478260869565,0.9838836182550482,3.169066788080641,6.317209517327709,24.120481270166607,73.8476651743252,141.1112402363485,Top,Paid Search,12,56.4444960945394
12567.0,14,644,666,21.455179968701096,0.9870279627969032,3.615277887915484,7.24057279231199,21.55602123105757,75.28438323376406,144.49874221527537,Top,Paid Search,12,57.79949688611015
12569.0,31,250,251,21.93984042553192,0.9958630844986484,17.168579874576317,34.055941934236074,21.98319901878706,364.6473563685829,693.532615338632,Top,Paid Social,8,173.383153834658
12571.0,1,81,121,15.28264705882353,0.8514544463804095,1.7057307422443078,3.3318943156723235,17.359169842232387,28.614688985742337,53.63101024707029,High,Organic,0,8.044651537060544
12572.0,1,43,51,17.007,0.893051097185212,2.706602120230041,5.2457973243746014,18.847745259202423,49.30577583834902,91.72250535433652,High,Paid Search,12,36.68900214173461
12573.0,4,237,464,6.028655462184874,0.6597042847671782,1.1468756273128,2.2854530780476487,6.959587235083751,7.711179318300639,14.730411878774024,Low,Email,2,2.946082375754805
12575.0,1,69,526,16.39,0.2612034774025778,0.1780717878049499,0.3542782637143849,18.31511008322512,3.150894124844944,6.009771392557791,Low,Email,2,1.2019542785115584
12576.0,7,490,525,15.089577464788734,0.973662983495974,2.3833619462887925,4.759621906571454,15.429878313867704,35.52728684602887,68.0042431915252,High,Paid Search,12,27.201697276610084
12577.0,7,700,735,5.475993377483444,0.9768433280860688,1.7805592241565025,3.5671828474943985,6.029010859479629,10.370398620364304,19.910645292641203,Mid,Email,2,3.9821290585282405
12578.0,3,422,443,26.99098837209302,0.9572481171800468,1.4047923903329984,2.796408646178616,27.1654207411416,36.86849841979494,70.35669388086228,High,Paid Social,8,17.58917347021557
12580.0,1,329,576,18.153448275862072,0.7617762321960654,0.4803377449006958,0.956672645093424,19.837435176808054,9.205670739999622,17.576145264711453,Low,Email,2,3.5152290529422907
12582.0,3,338,577,19.22718446601942,0.7884169081202403,0.9238946188241172,1.844425568837717,19.790966828380068,17.66446737530726,33.80168838631484,Mid,Email,2,6.760337677262967
12583.0,26,730,733,31.003090128755368,0.9950621493841768,5.967614592239936,11.965108017722102,30.99985764144968,178.71025212267853,343.3746790975196,Top,Paid Social,8,85.8436697743799
12584.0,8,276,279,24.355729166666663,0.9846540664787388,4.516822678234889,8.959752853862996,24.47442021805107,106.80536670123549,203.138076460818,Top,Paid Search,12,81.25523058432721
12585.0,1,117,350,23.44942528735632,0.6059239627851543,0.5785473912807273,1.145169914451089,24.40927253092313,13.644346390920523,25.898011961089363,Mid,Organic,0,3.884701794163404
12586.0,3,706,722,21.943297872340427,0.9608213623259736,0.924477406313412,1.849736183535903,22.370868817027503,19.97921796885396,38.31260569057326,Mid,Paid Search,12,15.325042276229304
12588.0,3,558,597,20.84304347826087,0.9538637442580136,1.0851492161327123,2.167114274878746,21.325791504460955,22.35650100633803,42.79446409719555,Mid,Paid Search,12,17.11778563887822
12589.0,7,660,689,26.087,0.9778518988733972,1.8879768738171807,3.780195215611215,26.183964475130036,47.75600317226948,91.638796680273,High,Paid Search,12,36.6555186721092
12590.0,1,0,210,145.06264705882353,0.3106294367722383,0.435804141464739,0.856929321165077,129.39384267583796,54.48872759001871,102.772698736092,High,Paid Social,8,25.693174684023
12591.0,2,91,408,19.596376811594205,0.3471224300327416,0.4190793268532058,0.8326520690845285,20.39427124372092,8.257371005381039,15.729373026177802,Low,Email,2,3.1458746052355604
12592.0,4,427,518,31.88469135802469,0.9357432478559816,1.481713089446256,2.9561983044701545,31.830777551386028,45.56442523896638,87.13804789949822,High,Paid Search,12,34.85521915979929
12593.0,2,110,218,19.909523809523808,0.799585767632318,1.5656370468777523,3.0868795023260804,20.6844382633708,31.291014335421654,59.17109389576858,High,Paid Social,8,14.792773473942145
12594.0,14,608,645,25.57844221105528,0.981768032430834,3.6991775186658975,7.406477154614125,25.633156112919394,91.6016567937633,175.76976371990602,Top,Paid Search,12,70.30790548796242
12596.0,1,190,241,22.898888888888887,0.8658282539617255,1.1002201332216104,2.1672162475506838,23.934013128200903,25.44397200751977,48.071710339615386,High,Email,2,9.614342067923078
12597.0,3,248,267,18.50106796116505,0.9543970302454952,2.0963280694745743,4.148176633562615,19.101264619884684,38.688643715863286,73.4122350273286,High,Paid Search,12,29.364894010931444
12598.0,10,639,648,22.01014563106796,0.9868563404432712,2.736547843260104,5.477998355481839,22.14204134453782,58.53529250761387,112.29889681556467,Top,Email,2,22.459779363112936
12599.0,12,548,577,17.268571428571427,0.9826304855362972,3.548895926414517,7.097490591614548,17.440540953593032,59.79366352740632,114.6110045208548,Top,Paid Social,8,28.6527511302137
12600.0,20,703,731,38.21151515151515,0.9878018437972964,4.634596418357973,9.291246466548598,38.150681472952655,170.8062813768357,328.14940922677465,Top,Organic,0,49.2224113840162
12601.0,5,214,404,20.03705882352941,0.6451314354070634,1.4951065267371573,2.9760155671909567,20.357385086303317,29.405023737153897,56.11086543600291,High,Paid Search,12,22.444346174401165
12604.0,1,182,261,15.88625,0.8390313887531115,1.00509072238127,1.981881006601758,17.88023979165532,17.3644728995,32.83938436395735,Mid,Paid Search,12,13.13575374558294
12605.0,3,81,457,16.223026315789475,0.1202369390360186,0.1719175684355336,0.3423425039506644,16.937465362663417,2.8131545234268205,5.370171004294769,Low,Paid Search,12,2.1480684017179077
12609.0,8,641,718,19.633485714285715,0.9640656697442352,2.009885510817239,4.026300550586786,19.843856933044695,38.529269521070674,73.96875584806622,High,Organic,0,11.095313377209933
12610.0,4,103,125,19.80698113207547,0.9502332500033706,4.303173036142244,8.447179229567054,20.21310225015917,84.04998140756699,158.2733881839958,Top,Organic,0,23.74100822759937
12613.0,9,668,724,20.90235474006116,0.9735915724902584,2.230789868627001,4.469617503783209,21.067810959484447,45.40153741264604,87.17680602487346,High,Paid Search,12,34.87072240994939
12615.0,7,629,630,21.26288888888889,0.9836571902320927,2.0553601204777334,4.111924983144819,21.46659489382248,42.62371004006755,81.72609877312753,High,Email,2,16.345219754625507
12616.0,2,293,388,20.946296296296296,0.8948511929206053,1.1257258928074494,2.235315279182114,21.64512824133889,23.541475441247197,44.81824342057429,Mid,Organic,0,6.722736513086144
12619.0,9,544,559,37.8138,0.983851875813233,2.829889384036775,5.656408643117172,37.68677829951047,103.02990450433552,197.38149626014336,Top,Paid Social,8,49.34537406503584
12620.0,2,189,204,14.558804347826088,0.938235496114738,1.9255567088885253,3.793436214178158,15.726375981284155,29.260057144356523,55.28780254125218,High,Paid Social,8,13.821950635313044
12621.0,34,666,668,32.176376623376626,0.9962391591783673,8.389059198777652,16.808234926544934,32.168460701936375,260.69703440514206,500.5687283383398,Top,Paid Search,12,200.2274913353359
12623.0,6,420,696,21.66381502890173,0.6723178594372515,1.1319380620585755,2.266246559042102,21.890287166893938,23.93703709173749,45.92936735276075,Mid,Paid Search,12,18.371746941104302
12624.0,1,71,177,16.87184210526316,0.7333854602839452,1.1573083370937376,2.2707511051378564,18.73106803222045,20.947310833362,39.42835203246214,Mid,Organic,0,5.914252804869322
12625.0,3,384,596,28.22338797814208,0.8384782455236326,0.9552765020537596,1.9077169188097796,28.33601626452989,26.150331201764715,50.05573190735742,High,Organic,0,7.508359786103613
12626.0,8,303,326,22.518639455782317,0.9756846105246088,3.9653534451899337,7.879749201566587,22.67299675222045,86.86163767231498,165.4842200024474,Top,Email,2,33.096844000489476
12627.0,6,129,139,19.47186956521739,0.9736848794209678,5.693278390493155,11.199146539571,19.754717672085224,108.67629083884232,205.0517542307272,Top,Paid Search,12,82.02070169229088
12628.0,2,60,64,19.1819512195122,0.9430918593378494,3.747437360569427,7.294380451694984,20.01025785794321,72.47140495654114,135.37252001945905,Top,Paid Search,12,54.14900800778362
12629.0,1,37,422,34.62711111111111,0.2360267793576019,0.1936179216796982,0.3841629850360236,34.058589639115446,6.371136287082603,12.12046969467108,Low,Email,2,2.424093938934216
12630.0,1,34,43,19.8575,0.8900259313056026,2.866548819993368,5.549534680848807,21.30848524157408,59.03858881287013,109.70955993256727,Top,Organic,0,16.45643398988509
12631.0,5,635,692,19.024972677595628,0.964173238715024,1.408884087411482,2.81994294750177,19.3763756299618,26.37214534499088,50.58855345820041,High,Organic,0,7.588283018730061
12632.0,1,44,564,22.99657142857143,0.1651013918165405,0.1060147759147922,0.2110939697867293,24.0183391520481,2.459993343052388,4.695699012196605,Low,Email,2,0.939139802439321
12633.0,6,466,525,18.556078431372548,0.9609022599177648,2.0694756917141204,4.13197738314376,18.862480323365784,37.71114246563964,72.17106725203347,High,Email,2,14.434213450406695
12634.0,1,12,547,24.5,0.0932819851164745,0.061496802040785,0.1224066127399407,25.316198052716118,1.504102989609167,2.870084074832865,Low,Paid Search,12,1.1480336299331462
12635.0,3,367,456,16.37100558659218,0.9238113344328308,1.3233155918728796,2.635077083466277,17.078023564001413,21.83363688265517,41.67834545966058,Mid,Paid Search,12,16.671338183864233
12637.0,11,476,542,13.134346456692912,0.9594490186852728,3.3834447998077524,6.7620501783849365,13.380412248980074,43.73549643478,83.77757416262858,High,Organic,0,12.566636124394288
12638.0,1,606,639,19.19770833333333,0.8968390941624496,0.5166399897574514,1.0302026672318985,20.73890947093654,10.351199003193468,19.78567880733926,Mid,Email,2,3.957135761467852
12639.0,2,389,627,20.50578125,0.8215788909065928,0.6883393679611235,1.374287700933668,21.23693994977028,14.12228673755655,27.025748578307887,Mid,Paid Search,12,10.810299431323156
12640.0,2,57,81,22.16188679245283,0.913304323314624,3.256803486103258,6.352107650269096,22.77151384847076,71.6715499256405,134.13601387472005,Top,Paid Search,12,53.654405549888025
12642.0,2,82,107,21.55872340425532,0.918108462634596,2.830970833038294,5.536443589559735,22.212613000395123,60.76835111761826,114.02345223587557,Top,Email,2,22.804690447175116
12643.0,11,482,610,160.585,0.8819924913471971,2.806838915866785,5.616002661698205,158.73802991943023,430.4255559912406,825.3865257313907,Top,Paid Search,12,330.1546102925563
12644.0,3,564,693,17.283693693693692,0.9235991948210106,0.9216366658881252,1.8433234087028405,17.944940923580827,15.9772911376675,30.626926692381105,Mid,Paid Search,12,12.250770676952442
12645.0,7,635,668,22.120625,0.9766074313541052,1.9379847320721528,3.879224354090198,22.30535215835253,41.75964357810712,80.11087511079143,High,Paid Social,8,20.027718777697856
12646.0,1,44,48,29.932666666666663,0.8999782357986692,2.7892697184739044,5.403772074073563,30.006034950651348,80.89408872911079,150.42561849140498,Top,Email,2,30.085123698280995
12647.0,35,672,694,32.58972727272727,0.9905437695647278,8.291577359569105,16.61850563277437,32.58017432357466,260.96449244712414,501.2420363912674,Top,Email,2,100.24840727825348
12648.0,3,546,700,17.107692307692307,0.9112940984492884,0.901285325681814,1.8027955122458097,17.777765898895566,15.478909117858985,29.67432400569585,Mid,Paid Search,12,11.86972960227834
12649.0,7,588,695,19.44618644067797,0.9461275790659328,1.8127193881536676,3.6297966411253615,19.69009002689721,34.48051785019288,66.16946004740541,High,Email,2,13.233892009481082
12651.0,3,130,464,12.591666666666669,0.2938836642591796,0.4148719260009258,0.8262823533294884,13.488216167669108,5.406205192001425,10.321843294633132,Low,Paid Search,12,4.128737317853253
12652.0,1,102,433,19.94176470588236,0.4569369209829982,0.3669424195552839,0.7282969873654122,21.38122810453408,7.580072507078032,14.424796723264253,Low,Paid Search,12,5.769918689305701
12653.0,2,378,526,48.38174418604651,0.87697399858519,0.8554441470846829,1.704654375388404,47.06725331219139,38.8983626619535,74.3045273229982,High,Email,2,14.86090546459964
12654.0,4,284,294,15.841578947368422,0.9682710375260888,2.4341455851439435,4.825445392739844,16.398740574075706,38.56631855987872,73.30739839850267,High,Email,2,14.661479679700534
12656.0,7,545,562,25.942631578947367,0.9798571173008296,2.2618282354049883,4.519991927720168,26.042790446943474,56.90534572738282,108.99528220143142,Top,Organic,0,16.349292330214713
12657.0,3,67,78,34.961276595744685,0.9511359391862682,4.502783626574427,8.791194415699286,34.73600390988502,151.1531044326284,283.1627364734686,Top,Email,2,56.63254729469372
12662.0,19,617,617,17.21187192118227,0.993913410215866,5.164448456947657,10.337852462498727,17.32147681769943,86.41838125940286,165.78756107761126,Top,Paid Social,8,41.446890269402815
12663.0,1,43,667,23.94,0.1204328271492306,0.0668122536794194,0.1332905617594917,24.832769043725367,1.6028593721180893,3.0651649573366475,Low,Paid Search,12,1.2260659829346592
12664.0,10,718,726,134.88977777777777,0.9872157668871776,2.474981325464153,4.959420960688201,133.26163484307227,318.61704322403165,611.849060045976,Top,Paid Social,8,152.962265011494
12665.0,2,344,668,18.447058823529414,0.7309496352589644,0.5792422624120614,1.1572368015038053,19.32929480316208,10.816412375573428,20.712302594169092,Mid,Paid Search,12,8.284921037667637
12668.0,9,665,676,21.23317254174397,0.9852873946192848,2.3995479235319963,4.804811014883653,21.392907375382716,49.590080677781074,95.16428725441116,High,Paid Search,12,38.065714901764466
12669.0,2,105,256,27.16861386138613,0.7087409662496381,1.2340456573590908,2.437924362746849,27.41082727442716,32.68325908585754,61.92064732975005,High,Organic,0,9.288097099462506
12670.0,6,656,666,32.69817391304348,0.9793454715750964,1.714494123904745,3.4311824123950583,32.64084671235629,54.06245608046096,103.69270285274544,Top,Paid Social,8,25.92317571318636
12672.0,1,265,595,19.86590909090909,0.6670040172821379,0.408914536444681,0.8147288149585046,21.31574452458246,8.420816316421806,16.08340879683516,Low,Organic,0,2.4125113195252736
12673.0,2,396,401,16.62189189189189,0.946268435553242,1.158772335717721,2.3018434109181505,17.638065915712133,19.746386948560065,37.60728357035543,Mid,Email,2,7.5214567140710855
12674.0,3,169,207,23.742168674698792,0.9349229899639616,2.473224602641183,4.879038204491213,24.079527354452235,57.54308912378516,108.87124977106764,Top,Email,2,21.77424995421353
12675.0,1,24,577,8.482300884955752,0.1101657427541851,0.069360831433609,0.1381464514978631,11.488661607184325,0.7698512493714118,1.469885069451251,Low,Paid Social,8,0.36747126736281277
12676.0,10,458,482,26.570934579439253,0.9813459634449913,3.515199023436502,7.016536332351307,26.63171768682911,90.440148485722,173.03585486497877,Top,Paid Social,8,43.25896371624469
12677.0,1,111,665,18.81428571428572,0.2820495787003614,0.1568863445647506,0.3129780779334707,20.40791372673864,3.0931293508599973,5.9148364618696565,Low,Paid Social,8,1.4787091154674141
12678.0,20,658,700,91.17335106382978,0.981314856983458,4.78553548725506,9.590307316901988,90.69637809810912,419.2875335272081,805.2447883502368,Top,Paid Search,12,322.09791534009474
12679.0,3,225,283,23.187916666666663,0.925939242318543,1.9458506219074283,3.8531134165545913,23.55307074391227,44.28073652571696,84.0793981227597,High,Email,2,16.81587962455194
12680.0,3,112,112,16.619056603773583,0.9639931208746796,3.77538465862302,7.39663071725632,17.313634975153473,63.16539179410446,118.72381230752958,Top,Paid Search,12,47.489524923011835
12681.0,44,711,725,21.07049829351536,0.9941360852303416,9.986889414326908,20.024807187261025,21.104210579617824,203.6048417400578,391.2262518203804,Top,Paid Search,12,156.49050072815217
12682.0,51,735,738,23.13177093358999,0.9972281862886028,11.38280938901143,22.82779040988614,23.154488467533668,254.60828349511743,489.3107724834285,Top,Email,2,97.8621544966857
12683.0,20,722,725,23.46909426987061,0.99373539130753,4.696889335144022,9.415474158657238,23.524096842280045,106.73657187573995,205.0465221897284,Top,Paid Search,12,82.01860887589136
12684.0,6,205,212,21.748857142857144,0.977655737494857,4.313348954719761,8.525086446914884,21.973142031372163,91.57496788462302,173.56876040736813,Top,Organic,0,26.03531406110522
12685.0,5,65,93,18.23617834394904,0.933502567760757,5.929588385449252,11.611737093854956,18.611801681859824,106.64651913554437,200.36111186632525,Top,Organic,0,30.054166779948787
12687.0,1,0,480,16.97547619047619,0.0873596262789804,0.0643646320620457,0.1279127680514477,18.82053182349223,1.1703468992421413,2.2298711430030043,Low,Organic,0,0.33448067145045063
12689.0,1,101,127,17.327916666666667,0.8759432348522919,1.7054544299718426,3.333149701061561,19.124781734444,31.519701366472383,59.10615766984069,High,Paid Social,8,14.776539417460173
12691.0,6,392,420,30.010256410256414,0.9716143282500764,2.5257988842762926,5.031212864404829,30.02206138278611,73.25929160678297,139.88900005641784,Top,Paid Search,12,55.95560002256714
12693.0,6,395,521,21.557215189873418,0.9022946558797212,1.9560319103465824,3.905166768135959,21.7864290334905,41.16925106628215,78.78329769916562,High,Organic,0,11.817494654874842
12694.0,2,350,420,22.209036144578317,0.9166129533319494,1.0804950308447103,2.1475320032682346,22.81520319269289,23.81675020746068,45.38311948033996,Mid,Paid Social,8,11.34577987008499
12695.0,6,658,664,23.84949152542373,0.9801345603495428,1.7204412522876844,3.44298768388038,24.01974892989195,39.921496262461176,76.56806491349539,High,Organic,0,11.485209737024308
12696.0,1,74,508,17.38591836734694,0.2910433495199442,0.2043889807575401,0.4064662628872134,19.174852635657643,3.786352340820455,7.21891311143763,Low,Organic,0,1.0828369667156446
12697.0,2,140,168,23.355853658536585,0.9240704427259052,2.164700583000807,4.254647172371191,23.87786265392893,49.94584426871263,94.16491652923138,High,Organic,0,14.124737479384706
12700.0,3,207,214,18.432798507462685,0.9601454514824412,2.480756651979053,4.895838944570368,19.036418837318788,45.62979105644239,86.36400611078564,High,Paid Search,12,34.545602444314255
12701.0,5,553,632,16.642244897959184,0.9540020250122252,1.5102191158379323,3.020171871926828,17.066810882828207,24.89971814889745,47.72510730073847,High,Paid Social,8,11.931276825184618
12703.0,3,613,684,13.601756756756757,0.9459701685550538,0.954957191982669,1.9097227108882529,14.447650860665318,13.328558259958587,25.54646899015026,Mid,Organic,0,3.831970348522539
12704.0,7,162,169,26.600454545454543,0.979544754785126,5.743076745216467,11.324738733421777,26.686057979679,148.08603868113747,280.0624867141314,Top,Paid Search,12,112.02499468565257
12705.0,13,518,533,19.636227045075128,0.9874147409073506,4.106005216029335,8.205881118300049,19.766627219800647,78.40751939546034,150.18914091218318,Top,Paid Search,12,60.075656364873275
12708.0,17,691,721,17.14225806451613,0.9863830781494024,4.026112325963689,8.069830088459586,17.26528123685678,67.15063450650015,128.98484151070835,Top,Paid Social,8,32.24621037767709
12709.0,33,715,729,62.18668,0.9935876181071566,7.521938794865028,15.081953885159072,62.03517178461805,450.771707518954,866.137383331374,Top,Organic,0,129.9206074997061
12710.0,2,104,200,14.922337662337664,0.8153205653484803,1.696638805579891,3.341653039151069,16.06323176822349,26.33383653815929,49.74719615446822,High,Email,2,9.949439230893645
12711.0,1,65,676,22.3175,0.1646971570844262,0.0902956193999711,0.1801666835828661,23.432119816783427,2.044050491003932,3.9094109451902304,Low,Paid Social,8,0.9773527362975576
12712.0,20,701,730,26.06398550724637,0.9874554988206916,4.638642479065568,9.299250644879,26.098599130308163,116.94933893003686,224.67813621232216,Top,Paid Search,12,89.87125448492887
12714.0,11,726,735,20.249583333333334,0.988070819804106,2.6663428548315324,5.343822455899317,20.39464960022803,52.5319224062726,100.89545236044091,High,Email,2,20.179090472088184
12716.0,1,129,132,15.267971014492751,0.9037059461831396,1.7192471024659883,3.361573471537868,17.346500510863223,28.819892507735656,54.066000478215926,High,Organic,0,8.109900071732389
12717.0,2,439,589,18.435352112676057,0.8861731023780611,0.7840729031806248,1.564377548491578,19.31844717753999,14.633314472120905,27.98595183068098,Mid,Paid Search,12,11.194380732272393
12719.0,1,59,64,16.53717948717949,0.8992217405112011,2.4873712891671684,4.829144679479489,18.44216514328038,44.3355014962691,82.61163800364676,High,Paid Social,8,20.65290950091169
12720.0,29,503,506,16.229214145383104,0.995318716155382,9.162005214870796,18.309042559717952,16.306567453493326,144.3308357797465,276.4463290375233,Top,Organic,0,41.46694935562849
12721.0,7,440,471,16.79112970711297,0.9740171750178528,2.6149236182905917,5.216224937631077,17.093780865875306,43.182989195491146,82.57068014286848,High,Email,2,16.5141360285737
12722.0,3,65,150,18.82320754716981,0.7782293878403267,2.555904621172697,5.023297214874557,19.40724910367745,47.9309070625071,90.36163544238428,High,Email,2,18.072327088476857
12723.0,4,61,64,10.508260869565218,0.969214637214174,6.191168924923232,12.07771467816572,11.268566348421826,67.42241860751238,126.20704290815448,Top,Email,2,25.241408581630896
12724.0,6,530,534,17.96527131782946,0.9803564894582576,2.080789989674466,4.155286862873898,18.286868534704823,36.76014603190221,70.36262578787455,High,Paid Social,8,17.590656446968637
12725.0,3,213,583,20.72738461538461,0.4310231152465614,0.5005734149132226,0.999432169455636,21.21593286245995,10.25983640306655,19.63463221094584,Mid,Paid Search,12,7.853852884378336
12726.0,10,595,623,22.427932960893852,0.9819696422581408,2.8188565070620384,5.640716255339306,22.553314462426385,61.41610924401615,117.7851342157117,Top,Organic,0,17.667770132356754
12727.0,9,644,654,27.9779802955665,0.985427818304768,2.471114310490466,4.946625777414027,28.021065882985997,66.89206469171693,128.33047896822595,Top,Organic,0,19.24957184523389
12728.0,4,312,383,17.54377049180328,0.9352155852405032,1.9058191342058248,3.789721498008929,18.03609635540998,33.20911332810315,63.30921190436366,High,Organic,0,9.496381785654549
12731.0,16,624,647,65.58704834605598,0.9874516502369238,4.19471651218639,8.399545765267066,65.242808772462,264.3813367093457,507.3596265438728,Top,Organic,0,76.10394398158093
12733.0,3,455,688,15.445031847133755,0.847145985225231,0.8507889394115766,1.701504049643008,16.19848683836082,13.31367710909473,25.519326527346443,Mid,Paid Social,8,6.379831631836611
12734.0,2,39,391,33.66578947368421,0.1484755240238221,0.1856132178990666,0.3685998937827049,33.4312141726794,5.995168175055947,11.41460117589364,Low,Paid Social,8,2.85365029397341
12735.0,1,21,336,18.12953488372093,0.2525030807383818,0.2490388061230779,0.4926839057587501,19.81679155633591,4.768288924233042,9.046020828027896,Low,Email,2,1.8092041656055793
12737.0,1,0,498,1855.25,0.0816131875506398,0.0582890668287796,0.1158908797545711,1605.7405877130907,90.42642490629036,172.36395518746355,Top,Email,2,34.47279103749271
12739.0,3,315,393,30.63741573033708,0.924188531074986,1.4973475608311495,2.976566893294572,30.628982008907176,44.30878484906692,84.44493887109724,High,Email,2,16.888987774219448
12741.0,1,3,532,25.379375,0.0782898862045608,0.0528580539652092,0.1051767125400492,26.075332668396896,1.3315866349312253,2.540093368879099,Low,Email,2,0.5080186737758198
12743.0,1,0,133,4.077835820895522,0.4830855651702246,0.914855977643414,1.7889343040210803,7.686436283875388,6.795466812317258,12.74931612269416,Low,Organic,0,1.9123974184041237
12744.0,10,539,590,74.68159292035399,0.9723121080327696,2.9271668285427555,5.8544559344674845,73.99222636425881,209.23540659909256,401.0813432255485,Top,Paid Search,12,160.43253729021941
12745.0,2,195,681,40.235217391304346,0.3739748542961462,0.2913544705617458,0.582196505759556,39.518551213314446,11.123171886157154,21.30371541891271,Mid,Paid Social,8,5.325928854728177
12747.0,25,730,731,36.09548638132296,0.9952063857766128,5.764118731095913,11.556676114736089,36.06006486500006,200.79301639112867,385.7912647209873,Top,Paid Search,12,154.31650588839491
12748.0,335,734,734,7.830574156059767,0.999650426369796,73.69886548989534,147.8169040919375,7.841272889427963,558.257656171197,1072.984102038585,Top,Paid Social,8,268.24602550964624
12749.0,8,517,520,20.40639053254438,0.9851293484307933,2.7234533925096165,5.439100979867448,20.60175616257904,54.20426302356124,103.7602135058406,Top,Paid Search,12,41.504085402336244
12753.0,5,339,362,108.77862944162436,0.968920727910268,2.4555517975947705,4.881763522881224,106.37409453017032,252.35935508838452,480.9896276259052,Top,Paid Social,8,120.2474069064763
12754.0,2,72,308,47.78952380952381,0.4350201156856018,0.6578464256064157,1.3025882784457268,46.51849243385733,29.567040000558706,56.13897885119233,High,Paid Social,8,14.034744712798082
12755.0,10,413,693,141.1040625,0.3402515534571708,0.8890975595171762,1.780865120446433,139.37902536858363,119.71287102215184,229.79883948148571,Top,Paid Search,12,91.91953579259429
12757.0,12,195,210,21.17816711590297,0.9806382805509564,7.931327626620429,15.690094062345723,21.299205044639105,163.2201274158854,309.631426646673,Top,Paid Social,8,77.40785666166825
12758.0,6,621,737,31.639744408945685,0.94430773751902,1.5108323763807945,3.0263919444502174,31.609639595753382,46.13488802753244,88.56505963072458,High,Paid Search,12,35.42602385228983
12759.0,7,683,735,16.62496688741722,0.972284524071644,1.7722495799120048,3.55053525722298,16.931294676580947,28.98731640551263,55.65419383227587,High,Paid Search,12,22.26167753291035
12761.0,1,7,464,28.99814814814815,0.1115066443155164,0.0845300120126388,0.1679175007336122,29.199296805489013,2.3846307389787347,4.541649633727716,Low,Organic,0,0.6812474450591574
12762.0,1,17,24,27.51478260869565,0.8914257047088657,3.3754294758180743,6.515461298053893,27.91875763993804,91.09122180646666,168.7936614557265,Top,Paid Social,8,42.19841536393162
12763.0,1,230,368,23.945882352941176,0.8030733845421805,0.7365866616273027,1.4589344528469748,24.837847079534093,17.676360123406504,33.57175144536429,Mid,Paid Search,12,13.428700578145717
12765.0,5,169,641,20.65558823529412,0.0472560082041435,0.0738840918913841,0.1477752757985965,20.956922195278057,1.4958216850595654,2.8674010590158714,Low,Paid Social,8,0.7168502647539678
12766.0,8,403,407,22.128087912087917,0.9846769282044068,3.345062750491719,6.663451250947207,22.29002758568541,72.03409405216759,137.55577979561366,Top,Email,2,27.511155959122732
12770.0,1,245,456,115.94464285714284,0.7494011109980805,0.5764302429433155,1.144822380819628,104.25725711332564,58.06201539800043,110.55935680171652,Top,Paid Search,12,44.22374272068661
12775.0,6,392,408,20.816296296296297,0.9761614460479914,2.5991447786546127,5.175673558690078,21.0645662803036,52.89421819937751,100.97139044243389,High,Email,2,20.19427808848678
12778.0,8,583,602,15.576140350877193,0.9815757002939548,2.390741123693669,4.781493387359666,15.865283048863116,36.6422439556838,70.23793455525293,High,Paid Search,12,28.095173822101174
12779.0,13,699,736,24.268122743682312,0.982905732336485,3.079055462594366,6.171730308757124,24.34276744189975,72.40655831040624,139.0838918217458,Top,Paid Search,12,55.63355672869832
12781.0,1,221,284,33.0696,0.8611478980812769,0.967858246872626,1.910566389867608,32.71404311601452,30.5929873131724,57.91765412488753,High,Paid Social,8,14.479413531221882
12782.0,10,514,518,20.344669603524228,0.9876748977496612,3.32729431035946,6.6462964475771855,20.50253370580205,65.90328006073331,126.17741342642366,Top,Paid Social,8,31.544353356605914
12783.0,5,73,74,26.49892857142857,0.9767621018643496,6.948978256858122,13.579996477158293,26.62083939185309,178.76894239621492,335.200210061918,Top,Email,2,67.04004201238361
12784.0,2,520,528,13.776717557251908,0.9457919507164588,0.9195807065354478,1.832537935792325,15.001681845211152,13.327551680603175,25.459616401165317,Mid,Email,2,5.091923280233064
12785.0,2,366,730,19.65,0.7114893806654826,0.5211486262666296,1.0421101598039773,20.44395934824278,10.29269034898928,19.726238147113683,Mid,Organic,0,2.9589357220670522
12787.0,3,403,412,19.595,0.9610907445492756,1.497922043649194,2.9793312769788374,20.140336639435656,29.14657165457748,55.57714358728757,High,Paid Social,8,13.894285896821893
12788.0,3,65,527,17.111538461538462,0.0480347668420402,0.0608637484756965,0.1213891265021335,17.78141917049065,1.045541788997709,1.998860976578804,Low,Paid Search,12,0.7995443906315216
12789.0,2,628,693,34.16875,0.9314601963774974,0.7145440635532724,1.428085496924322,33.897265445364425,23.39907538391337,44.82277726229819,Mid,Email,2,8.964555452459638
12790.0,1,218,409,15.995945945945946,0.751486540137054,0.6325426298546685,1.254549798636278,17.974936581724876,10.985103927767533,20.89022941456612,Mid,Paid Search,12,8.356091765826449
12791.0,5,250,623,35.20366666666667,0.2610247150706455,0.4184437793421918,0.8366975041635845,35.0582934768767,14.17198565061613,27.159759240463107,Mid,Paid Social,8,6.789939810115777
12792.0,1,278,534,17.59595744680851,0.7318825901248128,0.4925523905701405,0.980122462501134,19.356172250003063,9.21085740801612,17.571095380890117,Low,Paid Search,12,7.028438152356047
12793.0,2,66,400,19.94764705882353,0.2472914795890565,0.3034461357473885,0.6027626147833987,20.71976387626764,6.07442465520395,11.56850244135074,Low,Paid Search,12,4.627400976540296
12794.0,1,45,98,19.12022222222222,0.8070513421205557,1.818737063522244,3.5447231502109515,20.67201833896334,36.33455557627506,67.9548699987951,High,Organic,0,10.193230499819265
12797.0,1,58,423,18.746744186046516,0.3132808906243345,0.256489577789638,0.5089236675464555,20.349607415912924,5.042782821845696,9.593678305807751,Low,Organic,0,1.4390517458711627
12798.0,3,411,421,257.9069696969697,0.9608128078180777,1.4709953006636098,2.9264990093340835,246.50110755160435,350.3162591759599,668.1458350632685,Top,Email,2,133.6291670126537
12800.0,2,206,676,17.183823529411764,0.410737674341991,0.3220865336904969,0.643558019185938,18.15876076376804,5.650216869984772,10.820833474080189,Low,Paid Social,8,2.705208368520047
12802.0,6,377,563,17.510289855072465,0.8084509517325134,1.6394103786816805,3.2756044947459837,17.84358901490597,28.26029565814724,54.120384464796594,High,Paid Search,12,21.648153785918637
12804.0,1,34,499,4.88089552238806,0.1719166268516381,0.1225762513602908,0.2437132257054204,8.379690490398499,0.9923549696797576,1.8915952810811991,Low,Paid Search,12,0.7566381124324797
12805.0,3,293,674,24.74051724137931,0.5543291598842269,0.5669342798382403,1.1335909279595395,25.027809354220096,13.707502671922498,26.269177480177213,Mid,Paid Search,12,10.507670992070885
12806.0,3,153,588,42.96955223880597,0.2116679733091836,0.24400547293819,0.4872183689954888,42.342669452306346,9.981317059571955,19.10322921572446,Low,Paid Social,8,4.775807303931115
12808.0,4,425,462,16.77962962962963,0.9602513324602292,1.6754429831802589,3.338605940152997,17.301061298677173,28.00423120250129,53.4931635858742,High,Email,2,10.69863271717484
12809.0,2,469,646,21.67827160493827,0.8772639301185431,0.7159949573063148,1.4299508862845565,22.32338827630716,15.441123370214608,29.558394021614703,Mid,Email,2,5.911678804322941
12810.0,1,142,676,16.7184375,0.3515239225584629,0.192723850752645,0.3845415455163754,18.59863903883297,3.4628205707856257,6.622922819294079,Low,Paid Search,12,2.6491691277176317
12811.0,4,166,427,18.4625,0.4189649801898819,0.7807402787144095,1.554406541317247,18.91983184137595,14.270853747573776,27.23740980326037,Mid,Organic,0,4.085611470489055
12813.0,2,191,692,37.50666666666667,0.3514486597898063,0.2699492940462804,0.539511890972737,36.99023244619787,9.646601759422676,18.47857048658446,Low,Email,2,3.695714097316892
12815.0,1,50,197,22.6268085106383,0.6172248257548584,0.9055039998901382,1.77906517118168,23.69913536458749,20.736246835911864,39.080955563260375,Mid,Paid Social,8,9.770238890815094
12816.0,1,80,175,19.731034482758623,0.7628019792168705,1.2129089590669342,2.37951105204776,21.199311849303538,24.84663713868109,46.7616456315148,High,Email,2,9.35232912630296
12817.0,2,153,434,27.6392,0.5599950728934869,0.6424235021207733,1.2773396754936683,27.846879921372302,17.28347775507405,32.94601157569112,Mid,Paid Social,8,8.23650289392278
12820.0,10,731,733,16.915220125786163,0.9882506655184528,2.456434064298106,4.922664980709121,17.12655679444283,40.64121579549695,78.05060010184043,High,Paid Search,12,31.220240040736172
12821.0,1,397,610,16.984615384615385,0.8030760697259427,0.4817868651273738,0.9601963328915728,18.828421379859524,8.76371898928584,16.74289999270404,Low,Paid Social,8,4.18572499817601
12822.0,1,16,86,20.62782608695652,0.723880743793478,1.7452748219608132,3.397193613060898,21.97348162874749,37.06295923992935,69.23230479604561,High,Email,2,13.846460959209123
12823.0,17,604,678,361.19444444444446,0.9566538308331624,4.124258767492929,8.262159838833808,358.14147625476414,1426.9007958547245,2739.4501677564745,Top,Paid Search,12,1095.7800671025898
12825.0,1,120,641,21.609583333333333,0.3211903999005422,0.1845213336614981,0.3679565581676655,22.82099936568575,4.0681576775859,7.776293023190194,Low,Paid Search,12,3.1105172092760776
12826.0,11,718,721,17.805722891566266,0.9890972779110088,2.715345294413733,5.441128411488363,17.985479323949935,47.1779394646829,90.5980535550119,High,Paid Search,12,36.23922142200476
12827.0,2,38,43,17.206000000000003,0.940579807579714,4.354200559598865,8.45157143768097,18.179309836310605,76.50490655712231,142.52135657784092,Top,Paid Search,12,57.00854263113637
12828.0,5,127,129,18.19125,0.976310376676994,5.157057367557867,10.132270824253675,18.568252888657927,92.53004663651392,174.38835494799696,Top,Organic,0,26.158253242199542
12829.0,2,213,549,20.27894736842105,0.583430733413961,0.5485829099142888,1.0936886903324,21.02675204502092,11.143783609172186,21.29673757304537,Mid,Email,2,4.2593475146090745
12830.0,5,134,171,179.33263157894737,0.9403443750582088,4.153045950495732,8.18502705352659,174.76169528681748,701.2960987722496,1325.631902730882,Top,Paid Social,8,331.4079756827205
12831.0,2,200,462,20.505,0.6644431097757746,0.7234692452874615,1.439535104607373,21.236216031017744,14.84315566527394,28.31389061449064,Mid,Paid Search,12,11.325556245796257
12832.0,1,65,97,14.186296296296298,0.8579702858032942,1.944057759010232,3.788581765991716,16.412727408955977,30.83598320879366,57.66543442854356,High,Paid Social,8,14.41635860713589
12835.0,40,308,736,9.747274193548389,1.3228923845719736e-11,1.195470120962486e-10,2.39729740853313e-10,9.829005094010064,1.1351062566059643e-09,2.181318891653125e-09,Low,Paid Social,8,5.453297229132812e-10
12836.0,14,679,737,15.90729468599034,0.9748975314575472,3.263189411322814,6.541180453641467,16.070200713904818,50.658665803894415,97.31411358408756,High,Paid Search,12,38.925645433635026
12837.0,1,396,568,7.482717391304347,0.8246416733370382,0.5262992834189653,1.0480410003349432,10.62575507550681,5.402772514842884,10.313765995491286,Low,Paid Social,8,2.5784414988728215
12838.0,9,559,592,8.034231678486998,0.9788258399430672,2.678620239988178,5.357014398235775,8.422237881568224,21.79418220688965,41.77455868690481,Mid,Paid Social,8,10.443639671726203
12839.0,25,730,732,17.48564236111111,0.9950484944879452,5.756166272951798,11.540863911726898,17.567384098656884,97.685376055431,187.68866593760183,Top,Email,2,37.53773318752037
12840.0,6,530,673,22.96573863636364,0.9173346868189552,1.5911557935340632,3.1846576101660307,23.15872581499497,35.597969022816706,68.28380627405339,High,Email,2,13.656761254810679
12841.0,39,514,518,10.741709401709402,0.9960849905408204,11.950899303033845,23.890004187797388,10.821505108506017,124.93743735804829,239.37440704578069,Top,Paid Search,12,95.74976281831228
12842.0,3,667,737,39.958125,0.947720351098964,0.8953049031146391,1.7917170297444764,39.4822634383373,34.14847648614206,65.4960579370692,High,Paid Social,8,16.3740144842673
12843.0,29,661,726,29.81180995475113,0.950544364141415,6.380973654085679,12.793324603602304,29.81538120286967,183.7877421788349,353.11563980293283,Top,Email,2,70.62312796058657
12844.0,3,564,593,6.297087378640777,0.9567071618386946,1.0947739152269156,2.186183574142804,7.509306161524215,7.94207227790692,15.201587701883104,Low,Paid Social,8,3.800396925470776
12845.0,3,22,289,13.114444444444446,0.0850155103452217,0.1758080931605488,0.3482175950796552,13.984776961254092,2.375476085909538,4.511591216273708,Low,Organic,0,0.6767386824410563
12847.0,1,365,387,12.991269841269842,0.8965404385420438,0.7894992456809051,1.5647467731962232,15.38110159668604,11.732493804845356,22.296587676827784,Mid,Email,2,4.459317535365557
12849.0,5,559,590,20.88216216216216,0.9700841053623532,1.630848882446603,3.259214975738016,21.17653903887481,33.3637086071408,63.90711782294839,High,Paid Search,12,25.56284712917936
12851.0,1,380,476,3.551625,0.8614429716526769,0.639180365931409,1.2701217181040247,7.232176327329443,4.466100017904085,8.508462860936522,Low,Paid Search,12,3.403385144374609
12853.0,10,537,672,26.402027027027028,0.9009391503502134,2.4193231122803738,4.844578805980532,26.465443770038835,61.85409521809604,118.70311469790444,Top,Email,2,23.740622939580888
12854.0,6,649,727,11.298188679245284,0.9612007416809116,1.5567351356085342,3.1179603825436857,11.791260620082216,17.732469783298026,34.03704727549231,Mid,Paid Search,12,13.614818910196925
12855.0,3,29,401,9.299142857142858,0.0377662612356374,0.060186154433164,0.119671534307065,10.360810403207596,0.6024536528037637,1.1484278229874616,Low,Paid Social,8,0.2871069557468654
12856.0,5,55,63,6.942452229299363,0.9679625984176476,7.401554613882135,14.445402015472082,7.664855949705405,54.82600845040516,102.67193866321712,High,Organic,0,15.400790799482568
12857.0,5,472,682,30.479338842975206,0.8492194927260577,1.2570279929509809,2.5156548234918623,30.47902886731857,37.01215929929529,70.98969031248738,High,Paid Social,8,17.747422578121846
12862.0,1,69,494,7.581353383458646,0.286528650249951,0.2060443541044584,0.4096190892117881,10.710904182538902,2.132162407733878,4.063785591612847,Low,Paid Social,8,1.0159463979032117
12863.0,5,537,588,58.178125,0.9635610277395386,1.624677639063521,3.246772431154868,57.3273077992985,89.97762873068936,172.34375713252268,Top,Email,2,34.46875142650454
12864.0,1,369,507,42.79571428571428,0.8379356938582222,0.5894373126121043,1.1721799292261734,41.11026774186023,23.41097902385449,44.633455103280426,Mid,Paid Social,8,11.158363775820106
12865.0,3,450,476,17.0434358974359,0.9560003760182274,1.3208554514963249,2.6314379839118445,17.71673190811372,22.607955473929135,43.17609092933457,Mid,Paid Social,8,10.794022732333643
12866.0,2,219,502,19.48174603174603,0.6605086047954074,0.670471951318758,1.3353546845629445,20.28805252864908,13.141492321737957,25.09061758542641,Mid,Organic,0,3.7635926378139617
12867.0,12,696,722,7.444299153339605,0.9852131861465084,2.920511563385276,5.852674142357721,7.744252723090439,21.84891997817391,41.96041210985102,Mid,Paid Social,8,10.490103027462755
12868.0,7,207,392,15.39082191780822,0.4824603408496127,1.5089320586812989,3.004081914866485,15.724457229336432,22.92301887758144,43.74941259710745,Mid,Organic,0,6.562411889566118
12870.0,2,248,623,18.031720430107526,0.5851833628002641,0.4930356160178667,0.9842920250267508,18.94443560105505,9.023412292208446,17.266949230589592,Low,Organic,0,2.590042384588439
12871.0,2,355,439,41.33444444444444,0.9097730425781856,1.0337915887811684,2.0557790181153703,40.53711259195453,40.4872436501616,77.18723887461903,High,Paid Search,12,30.87489554984761
12872.0,11,409,735,8.452958715596331,0.144796468454269,0.3907382156518122,0.7831084616123429,8.765475976503062,3.308662321403184,6.354783269573622,Low,Paid Search,12,2.541913307829449
12873.0,2,399,681,57.92285714285714,0.7943451524804663,0.6188544729292524,1.2366205022302077,55.90820126674579,33.42489115743891,64.01720448214873,High,Paid Search,12,25.606881792859493
12874.0,1,169,553,19.75875,0.5189707078653008,0.3389422066970917,0.6747364232896558,21.22323771543508,6.949653198980695,13.262748786276564,Low,Paid Search,12,5.305099514510626
12875.0,4,554,697,169.62375000000003,0.9223063575662808,1.1273923011343785,2.255985993119833,164.32341313068926,178.96716065252733,343.2272894908202,Top,Paid Search,12,137.2909157963281
12876.0,3,532,589,24.010529411764704,0.9478179256577812,1.0910072612711026,2.178509119682634,24.334429965521416,25.64831118006512,49.08908971861386,High,Email,2,9.817817943722773
12877.0,19,687,690,10.668483754512636,0.9934119306269132,4.676784411306144,9.370985629580224,10.832185902893476,48.93906436755855,93.97468417896592,High,Paid Search,12,37.58987367158637
12878.0,1,29,265,18.19127659574468,0.3865987787013613,0.4578693244741583,0.9030251935094172,19.870091082509187,8.7906931805615,16.627942525700103,Low,Paid Search,12,6.651177010280041
12879.0,2,47,91,57.322,0.8689606719242172,2.9226340689616728,5.706527793915722,55.35143742250996,156.33568823108783,292.8919679365977,Top,Organic,0,43.933795190489654
12880.0,1,192,574,17.781388888888888,0.5518221635696063,0.3489992811078508,0.69506194089406,19.51624892550421,6.580278977857578,12.56306820205249,Low,Paid Search,12,5.025227280820996
12882.0,1,24,33,112.54153846153848,0.8883296340831398,3.1049588594005475,6.002069362355077,101.31947249643444,304.0790873051909,564.2475723383751,Top,Organic,0,84.63713585075627
12883.0,3,64,88,16.749285714285715,0.9312911678217052,4.153459516567293,8.118067371012065,17.437333175828062,69.9902699009566,131.25376427579386,Top,Paid Search,12,52.501505710317545
12885.0,2,60,123,16.552394366197184,0.837913202586376,2.3854766965568657,4.672058251787823,17.573668396217446,40.510631026937794,76.11935535562607,High,Paid Search,12,30.44774214225043
12886.0,1,151,219,16.809756097560978,0.8406762504812372,1.1448373274892942,2.2523220933054744,18.67747128726392,20.6614080174932,38.99001275960484,Mid,Email,2,7.798002551920968
12888.0,1,41,254,70.824,0.4662700733958624,0.5699795888493169,1.123512824804621,65.30613628930067,35.96653522836512,67.99634730181086,High,Email,2,13.599269460362173
12889.0,3,121,501,15.418400000000002,0.204890520939652,0.2710706148912496,0.5403375103310483,16.173190561989657,4.235429144451844,8.09304776031711,Low,Organic,0,1.2139571640475664
12890.0,1,363,386,5.16021582733813,0.8960240380684691,0.7907050848745373,1.5670848390192822,8.620818237207438,6.585888755956896,12.515516731801588,Low,Email,2,2.5031033463603176
12891.0,10,473,658,76.4090909090909,0.7638828296736185,2.0898177376477287,4.183963456374075,75.69278890709641,152.812645279575,293.20711684437254,Top,Organic,0,43.98106752665588
12895.0,1,44,86,16.945454545454545,0.8288608586654727,1.99838163943532,3.8898683786204695,18.79461515545458,36.298548749566486,67.80441287528713,High,Paid Search,12,27.121765150114854
12897.0,3,339,543,36.73214285714285,0.8259704863968602,1.020036702847506,2.035054627588576,36.41806231686371,35.88782816638814,68.6310407222216,High,Paid Search,12,27.452416288888642
12898.0,1,195,659,9.7175,0.4867907003293618,0.2729390627214038,0.5444407251102393,12.55496711449162,3.310519445694876,6.329933445706891,Low,Email,2,1.2659866891413785
12901.0,27,261,270,152.19431034482758,0.9909929971114568,14.169548581983769,28.127931780500344,151.48439340624375,2073.8018888534275,3947.014755749294,Top,Organic,0,592.0522133623941
12904.0,1,154,171,7.0775,0.8915841648450491,1.439644308675741,2.823522358414752,10.275944643535244,14.295410700017046,26.896816321048487,Mid,Organic,0,4.034522448157273
12905.0,1,105,681,18.85962962962963,0.2573292898355063,0.1401669036191124,0.2796975233178941,20.44705759112876,2.7687849493074745,5.295933058852219,Low,Paid Social,8,1.3239832647130547
12906.0,4,66,77,46.34619047619047,0.959656562080826,5.635749113506991,11.011142059085184,45.74144422418445,249.12219419299385,467.0153898328144,Top,Paid Social,8,116.7538474582036
12907.0,1,98,493,20.3564,0.3809932388235814,0.274444542265365,0.545586138681983,21.739168692619582,5.764094605138123,10.985792545049362,Low,Email,2,2.1971585090098724
12908.0,4,453,629,355.2,0.8843341738583523,1.183483638430835,2.365883159547338,342.8311414819759,391.96428590718585,751.0114773383502,Top,Paid Search,12,300.4045909353401
12909.0,7,614,653,19.640443037974684,0.97470848528403,1.9733980261853887,3.949279948803584,19.88004837195796,37.89924461777303,72.69065779010197,High,Organic,0,10.903598668515295
12910.0,12,598,620,42.31036496350365,0.9854082333110896,3.3424614092014635,6.689144634313871,42.1561067604975,136.12107010056735,261.08037330901794,Top,Organic,0,39.16205599635269
12912.0,4,37,40,69.2625,0.9684977849461336,7.386118978515382,14.36212764368429,67.78488111489753,483.8812190173918,902.9605808213498,Top,Paid Social,8,225.74014520533746
12913.0,12,733,738,69.800625,0.9896274268675616,2.8767168128016567,5.765995173456004,69.28824208591482,192.55164621460452,369.85759337769485,Top,Email,2,73.97151867553897
12915.0,3,440,588,16.09246575342466,0.8998756000158531,1.0373537759851508,2.0713380266467465,16.813452332242807,16.84976462899715,32.24874172592838,Mid,Email,2,6.449748345185677
12916.0,6,545,684,25.293586956521743,0.9226506944015466,1.5775633626249912,3.1579261460767207,25.426702798653743,38.7501997105354,74.34097104288266,High,Paid Search,12,29.736388417153066
12917.0,5,602,729,87.184,0.9366825812110944,1.3067215542009265,2.616712376453411,85.44254065648417,107.8580132119203,206.9933730330718,Top,Organic,0,31.04900595496077
12919.0,5,161,169,26.7038,0.972646849552117,4.329465486775972,8.53158576971015,26.819420124896656,112.19486909400342,212.05049606503707,Top,Paid Social,8,53.01262401625927
12920.0,3,707,724,8.134833333333335,0.9606211215088104,0.9220098763227844,1.844847785101438,9.254890286290973,8.243393740136934,15.808116882297304,Low,Organic,0,2.3712175323445956
12921.0,73,729,737,23.41658409387223,0.9966727528840692,16.179262799080785,32.448319256272455,23.43185343646308,366.22925102112833,703.855246360831,Top,Paid Search,12,281.5420985443324
12923.0,2,511,574,12.73983870967742,0.9285095644735646,0.8401213975917089,1.6757363231473337,14.040893311621804,11.395997326254324,21.78885048740621,Mid,Organic,0,3.268327573110932
12924.0,11,642,730,33.37027027027027,0.9581202123890266,2.601338330662899,5.213235530368544,33.32909071338862,83.75517569621498,160.85543746359906,Top,Paid Social,8,40.213859365899765
12925.0,2,588,592,14.5866,0.9470295237004424,0.8342260413112476,1.664534006198414,15.75213187740915,12.69512066154564,24.280454639666225,Mid,Paid Search,12,9.71218185586649
12926.0,3,314,724,5.651313868613139,0.5443780121860639,0.5224972597939204,1.045463760428229,6.895917796053574,3.4807696955246583,6.674971003665557,Low,Organic,0,1.0012456505498335
12928.0,11,514,549,24.04966480446928,0.9790550584158304,3.4145780688772893,6.825125880758739,24.14078958892401,79.63304625966504,152.5592781301972,Top,Paid Search,12,61.02371125207889
12930.0,1,93,170,16.632,0.8022772808908153,1.3004775524537877,2.550396280275654,18.52402047639612,23.278677442681023,43.7958266696578,Mid,Paid Search,12,17.518330667863122
12931.0,56,717,738,423.6116513761468,0.9907644014892468,12.389669640230467,24.84741307666865,422.5028167122762,5056.81574309333,9718.42870306375,Top,Organic,0,1457.7643054595624
12932.0,7,128,667,17.87957894736842,0.0013174314389375,0.0026177826057499,0.0052398894921163,18.15814634554929,0.0459200664803529,0.0880909941703994,Low,Organic,0,0.013213649125559909
12933.0,7,704,728,5.699425675675675,0.9793061552596622,1.800368625259875,3.606563899050938,6.2474993442382045,10.86578339981357,20.86008467520597,Mid,Paid Social,8,5.215021168801493
12935.0,14,605,606,16.70811023622047,0.9915932767728484,3.9464802401651617,7.8971187504878655,16.862057457878606,64.28645843654289,123.2892553187862,Top,Email,2,24.657851063757242
12936.0,3,61,77,17.15967741935484,0.9433405453940772,4.493526077626936,8.772124593618857,17.82714398916459,77.4151693507098,145.01000289941362,Top,Paid Social,8,36.252500724853405
12937.0,8,720,735,14.274700460829491,0.9831490137287502,2.007305732107058,4.021960393274513,14.589110010927282,28.29011109603581,54.3221543712159,High,Paid Search,12,21.728861748486363
12939.0,19,632,696,293.7767441860465,0.9657266971093408,4.511605344175367,9.040689209438126,291.5998578687659,1270.896664404883,2440.598241869892,Top,Paid Search,12,976.2392967479568
12940.0,1,33,87,9.227676767676767,0.7926516932537411,1.900012010505573,3.698798029008072,12.132119329165436,22.277657091746686,41.61826416564436,Mid,Email,2,8.323652833128873
12942.0,2,234,365,10.358791208791208,0.8495577715314224,1.1230021352007642,2.228261965759133,11.834576592812766,12.840398390426763,24.428384216550324,Mid,Email,2,4.8856768433100655
12943.0,1,47,605,19.86,0.1533579065360223,0.0926652848330933,0.184663511546301,21.31064340679278,1.9078038410006068,3.64449157167365,Low,Email,2,0.7288983143347301
12944.0,1,319,354,20.15033333333333,0.8884477193614964,0.8406456262517233,1.664208481155376,21.56127832752549,17.512394438480662,33.24451109594794,Mid,Email,2,6.648902219189589
12945.0,1,367,655,17.64921568627451,0.7511203497836886,0.4234065726600226,0.8445258619269745,19.402148282013137,7.936383521486309,15.17391280808326,Low,Paid Search,12,6.069565123233304
12947.0,5,229,372,16.737105263157893,0.7944657751301302,1.9695535753908475,3.916781906207482,17.158758505731477,32.65023575751512,62.24866164331467,High,Paid Social,8,15.562165410828667
12948.0,8,721,737,18.53944,0.9829614695785934,2.0020546096741354,4.011534220682884,18.771051609097302,36.30418841536344,69.7122099819374,High,Paid Search,12,27.884883992774963
12949.0,21,705,735,21.715664335664336,0.9873118121521768,4.825916282446329,9.675439362655087,21.78119349404785,101.54317573313122,195.09488848444008,Top,Paid Social,8,48.77372212111002
12950.0,2,21,23,80.1304347826087,0.9446087085862792,5.192627516295,10.04751444765788,76.48609810105812,383.8848902086264,713.0014000325224,Top,Paid Social,8,178.2503500081306
12951.0,14,689,698,16.56556701030928,0.9901817667532778,3.478991169917771,6.970502017738886,16.72110887775536,56.19671329905433,107.904697961541,Top,Organic,0,16.18570469423115
12952.0,3,72,77,17.566962025316457,0.95868925667966,4.56663841733976,8.914852273888732,18.21400352250385,80.38204883548534,150.5674047148185,Top,Paid Social,8,37.64185117870463
12953.0,1,512,521,17.266875000000002,0.9035597942636372,0.6210313520009247,1.2354155414635686,19.072086533687195,11.44304311022074,21.823192702337824,Mid,Paid Search,12,8.72927708093513
12955.0,10,266,267,26.428666666666665,0.9881929151627056,5.6937400815300245,11.291974873668956,26.4916680398332,145.73231394321903,277.11989086560607,Top,Paid Search,12,110.84795634624243
12956.0,3,417,723,12.42595238095238,0.7680077839400333,0.7380466919123896,1.4767367127216906,13.33081235151525,9.504728531667244,18.226713720677253,Low,Email,2,3.645342744135451
12957.0,12,718,728,17.769326530612243,0.9887218479892536,2.909340316268607,5.830702812996724,17.934772553273316,50.40592245369947,96.81010874651491,High,Email,2,19.362021749302983
12958.0,1,182,582,9.464736842105264,0.5227385168582626,0.3266698055805764,0.6506960193495595,12.336765252115867,3.893434153527883,7.434485647807191,Low,Paid Search,12,2.9737942591228763
12960.0,3,247,660,18.886714285714287,0.4315144154600803,0.4495815390544769,0.8987564046276153,19.46757101832288,8.455204228699282,16.20043599974861,Low,Paid Search,12,6.480174399899444
12962.0,1,106,112,16.649375,0.9000284773179886,1.884883795649842,3.678751797999296,18.539019724666147,33.769718634445866,63.2419862111273,High,Email,2,12.64839724222546
12963.0,11,510,518,18.955736842105264,0.987718416780608,3.6213419457240055,7.234276308402701,19.11916903044577,66.8877180471934,128.07257836585327,Top,Paid Search,12,51.229031346341316
12967.0,2,25,383,53.8365,0.1074202747007022,0.1365692900902202,0.2711386412160803,52.12171734319752,6.877229855350645,13.090921562528075,Low,Organic,0,1.9636382343792111
12970.0,9,728,734,3.981644908616188,0.9863404851882056,2.232487297825422,4.473553613845964,4.439739275689281,9.574990322215871,18.38730230324258,Low,Email,2,3.6774604606485166
12971.0,115,720,723,37.58303529411765,0.998426831092042,25.80507221662313,51.74766464725987,37.57325082863167,936.6386081737098,1799.935953765149,Top,Paid Search,12,719.9743815060597
12972.0,3,247,660,15.08051948051948,0.4315144154600803,0.4495815390544769,0.8987564046276153,15.852254542858647,6.884990917410443,13.191858138418644,Low,Paid Search,12,5.276743255367458
12974.0,1,367,565,12.7796875,0.8039521898747346,0.5154449936219919,1.026362559783314,15.198449736757432,7.568434587421118,14.44710998855284,Low,Organic,0,2.167066498282926
12975.0,5,296,733,18.750803571428573,0.2438278105601773,0.3384952887957127,0.6778710972851121,19.110625044532703,6.249171961045249,11.993527889369108,Low,Paid Social,8,2.998381972342277
12976.0,7,453,664,20.495974025974025,0.7885580640339058,1.5731477372100953,3.1487631503464555,20.716649305414595,31.483764570514253,60.39465675801641,High,Paid Social,8,15.098664189504102
12977.0,3,355,510,8.773389830508474,0.8763267771593812,1.1419346896430116,2.276712849352392,9.861423567667217,10.879253395550602,20.79188605701728,Mid,Organic,0,3.1187829085525918
12978.0,4,344,729,15.35472392638037,0.524720423846862,0.6162820832844823,1.2337386707864575,15.930429656956758,9.484265801081502,18.19638650740005,Low,Organic,0,2.7294579761100075
12980.0,20,579,737,312.4188461538462,0.6326136787963513,2.9465009804641817,5.907428505253535,310.2034715442295,882.9630234696809,1696.4403347168154,Top,Organic,0,254.4660502075223
12981.0,1,103,132,18.611,0.8725958468840024,1.6600619789162627,3.245851222566745,20.23242406352592,32.457450561826185,60.89004451096893,High,Email,2,12.178008902193787
12982.0,7,363,605,15.420280898876404,0.6122903097971726,1.3255801607405675,2.650915037361816,15.753264381159136,20.17338244442238,38.66600655795407,Mid,Paid Social,8,9.666501639488517
12985.0,1,27,28,16.30763157894737,0.9046970433521768,3.303244258846477,6.380307936797073,18.244004218650822,58.25135629602274,108.00875513383478,Top,Paid Search,12,43.20350205353392
12986.0,9,259,687,26.763137254901963,0.0158084616599416,0.0379526616247913,0.0760067523226597,26.82723315575669,0.9835874046782768,1.8877825366576169,Low,Email,2,0.3775565073315234
12987.0,4,615,688,19.881969696969698,0.9538624859951732,1.1794854930642202,2.359937389917925,20.285234532019548,23.113840222286804,44.32307093922343,Mid,Paid Social,8,11.080767734805857
12989.0,32,726,728,139.70876288659792,0.9960537285589348,7.329913458410357,14.696636976250083,139.17071983933013,985.4524776830032,1893.4662817666865,Top,Paid Social,8,473.3665704416716
12990.0,6,588,619,35.388888888888886,0.9740209606331472,1.8185952862371664,3.63699722414932,35.26235756508612,61.95114610831486,118.74523991104137,Top,Organic,0,17.811785986656204
12991.0,2,366,388,16.996000000000002,0.9394555036181588,1.1818382697929255,2.3467357008213945,17.984720475629032,20.535373252139767,39.09522831071929,Mid,Paid Search,12,15.638091324287718
12993.0,7,636,659,16.574078947368424,0.9790545763813332,1.9662646395792331,3.935338392563257,16.88153271734898,32.066520296147644,61.50846342904188,High,Paid Social,8,15.37711585726047
12994.0,2,264,268,15.974098360655738,0.9460740404109996,1.59164959129139,3.14617447445387,17.037810062869752,26.201709379391865,49.66774951933248,High,Paid Search,12,19.867099807732995
12997.0,7,590,612,19.72813084112149,0.978934300394546,2.098134984729368,4.19634405011137,19.965795935745135,40.4689227931996,77.5742631425045,High,Paid Social,8,19.393565785626127
12998.0,2,160,653,15.86344827586207,0.2996636974988227,0.2422689102809458,0.4839022062457166,16.93527992353946,3.9636772915043146,7.588335484307439,Low,Paid Search,12,3.035334193722976
12999.0,2,49,245,16.28142857142857,0.4442400821619194,0.7991143058636935,1.577836422845999,17.322587154452695,13.375102601499725,25.32692186292815,Mid,Paid Search,12,10.13076874517126
13000.0,3,618,724,16.653225806451612,0.9353445067344736,0.8977492308506757,1.7963047063191862,17.346090613321742,15.04374103327033,28.84894548261612,Mid,Paid Search,12,11.539578193046449
13001.0,32,731,735,23.55955165692008,0.9957193238191384,7.265038322373717,14.567720317416564,23.593584320363533,165.58477467198506,318.1816058860919,Top,Email,2,63.636321177218385
13002.0,2,116,434,18.00565217391304,0.4149473300718105,0.4760254685867566,0.946488127479836,18.92028033768854,8.70143596482318,16.586801226277345,Low,Email,2,3.317360245255469
13003.0,2,109,214,24.84166666666667,0.8039808032773349,1.5951710653687314,3.1443968466135908,25.25464076509271,38.92555178162891,73.59203431981668,High,Paid Social,8,18.39800857995417
13004.0,35,713,724,14.295521472392638,0.9945184072666514,8.016804216278688,16.07352111688887,14.368385394643797,111.27518350807324,213.80178193700615,Top,Organic,0,32.07026729055092
13005.0,3,283,456,17.85142857142857,0.8300753020931396,1.1890432047608843,2.367704664978881,18.48420424619616,21.233590584487818,40.53291389270635,Mid,Paid Social,8,10.133228473176587
13008.0,2,399,722,17.489428571428572,0.7641468010128074,0.5652384302892215,1.130149960032328,18.441939286373348,10.070270566369292,19.29795505172524,Mid,Paid Search,12,7.719182020690096
13010.0,1,274,648,27.51,0.6405936278901736,0.3645264795694632,0.7269961812603798,27.91462897604138,9.830527411937965,18.793258021172814,Low,Organic,0,2.818988703175922
13012.0,10,582,591,19.30409090909091,0.9866977027032926,2.966094135036802,5.932407627213653,19.478179893429747,55.81293050837815,106.98890486652522,Top,Paid Search,12,42.79556194661009
13013.0,28,724,725,22.79019855595668,0.9956982467909122,6.471639667233566,12.974809097770136,22.833393303789247,142.7493446095326,274.2617371142421,Top,Organic,0,41.13926056713632
13014.0,10,422,432,24.02267857142857,0.985731252084591,3.8712643414462535,7.718488764229648,24.123194524986054,90.22065941672092,172.42970700076765,Top,Paid Search,12,68.97188280030706
13015.0,10,549,602,18.872263610315187,0.9717799120377127,2.874616764511361,5.750449608574842,19.053085720203143,52.91099056598281,101.44292061909562,High,Organic,0,15.216438092864342
13016.0,2,49,122,16.806170212765956,0.7990989302913052,2.285929167296062,4.476695975460802,17.808821156885262,39.3396051148482,73.912782483286,High,Paid Search,12,29.5651129933144
13018.0,34,632,648,16.190978441127694,0.9925049436851288,8.585133838606362,17.196523282516825,16.257186308282208,134.8299422294116,258.82405066711107,Top,Organic,0,38.82360760006666
13019.0,5,353,732,22.362727272727277,0.4444091975309975,0.6177059166045482,1.237003353966314,22.611642542691296,13.493011505409756,25.89573652900052,Mid,Paid Social,8,6.47393413225013
13020.0,1,97,659,15.870769230769232,0.2504903958249038,0.1404476581226893,0.2801556657589986,17.86687576857024,2.4242532561081838,4.635333523462219,Low,Organic,0,0.6953000285193328
13021.0,16,730,734,19.016498054474702,0.9921500107355616,3.7680426826953295,7.553473775708648,19.128762711679293,69.62940176576345,133.76143639323814,Top,Paid Search,12,53.50457455729526
13023.0,2,464,528,19.06618421052632,0.9262578035444708,0.9005879197556739,1.7946891618532983,19.90298629476901,17.316692089503917,33.08006965581771,Mid,Paid Social,8,8.270017413954427
13024.0,1,111,581,17.931290322580644,0.3421902682032855,0.2141602433362716,0.4265788358085664,19.645653749675457,4.06469521333582,7.761359682179768,Low,Organic,0,1.1642039523269652
13026.0,8,725,726,21.13512195121951,0.9856389815521952,2.0346534249593646,4.076315264872567,21.31633959860377,41.89825627266899,80.44401796044998,High,Paid Social,8,20.111004490112496
13027.0,18,574,688,201.57209302325583,0.8724254125244009,3.91520474885479,7.844589333192289,200.0796030248887,756.7453472440121,1453.0612767634268,Top,Email,2,290.6122553526854
13028.0,1,22,44,14.695999999999998,0.858737009001865,2.744251246604509,5.313538217995045,16.85273733102811,44.70098246262491,83.07793644929511,High,Email,2,16.615587289859022
13029.0,4,492,522,113.37058823529412,0.9640803077329132,1.5165688125289252,3.0259852670428207,110.21291074045828,161.47626127254557,308.83327879514206,Top,Paid Social,8,77.20831969878552
13030.0,1,356,367,7.718364779874214,0.901521180871421,0.828697101930696,1.6413172901657138,10.829181474663216,8.67055114762469,16.466958373410247,Low,Email,2,3.2933916746820495
13031.0,4,147,553,7.860390804597701,0.1243718767257759,0.1861809166939119,0.3717075275302026,8.721552545380085,1.5686997259244666,3.001951000138722,Low,Paid Social,8,0.7504877500346805
13032.0,8,408,459,13.412971698113209,0.9646762738119892,2.9648839865912824,5.91368511967449,13.744111312637788,39.36774481523939,75.26779425618875,High,Organic,0,11.290169138428313
13033.0,1,72,429,16.965384615384615,0.3583702525944927,0.2900091733743403,0.5755349265573307,18.81182010894638,5.270915139516676,10.029382332676692,Low,Paid Search,12,4.011752933070677
13034.0,2,346,400,16.776,0.9243391942311284,1.134237043166218,2.25303803668208,17.780864954915007,19.48477731781446,37.107990758796205,Mid,Paid Search,12,14.843196303518482
13035.0,2,357,430,32.48095238095238,0.9156744592980286,1.0585634305177924,2.104527053048673,32.33332516131512,33.06747630935238,63.0271589852961,High,Organic,0,9.454073847794414
13037.0,11,597,735,16.87478448275862,0.9052421491827084,2.442826858143821,4.895856883809387,17.067755420729288,40.27728148559866,77.35857263912065,High,Organic,0,11.603785895868098
13038.0,2,210,290,32.445,0.8892955312058488,1.4089203781064348,2.7876997137518607,32.30001110976987,43.96948760031244,83.4257955125727,High,Paid Social,8,20.856448878143176
13039.0,3,138,721,18.37690909090909,0.0833483924055436,0.0802947178758109,0.1606551721482541,18.98333224064893,1.4725119416557324,2.823687098006182,Low,Email,2,0.5647374196012364
13040.0,1,24,32,15.743953488372092,0.8904251270859082,3.1390803738191244,6.067080650114898,17.757400038799748,53.8791887316476,99.96296474618678,High,Paid Search,12,39.98518589847472
13041.0,3,139,589,22.832285714285717,0.1688896847159543,0.1944042915742682,0.3881839627781794,23.215274465179213,4.360031492952842,8.344798050481257,Low,Paid Search,12,3.337919220192503
13042.0,2,133,731,7.82180904522613,0.1692606358278953,0.1238281441901039,0.2476151993264981,9.483768320104792,1.13449485656929,2.174320184297684,Low,Paid Social,8,0.543580046074421
13044.0,10,409,699,11.584486873508352,0.3008966321419273,0.7802608383790635,1.5629842065052018,11.878941252319567,8.953877787280305,17.18896045297403,Low,Paid Social,8,4.297240113243507
13045.0,2,387,485,17.976000000000003,0.9058811771348372,0.9467991193123804,1.8849648519897235,18.892804158809696,17.28144934403621,32.982583954954656,Mid,Paid Social,8,8.245645988738664
13046.0,2,425,455,16.950892857142858,0.93761209022321,1.0340551925745576,2.0571637698735854,17.94292347519692,17.925321701833724,34.1874749362265,Mid,Paid Search,12,13.6749899744906
13047.0,23,692,723,22.266227848101263,0.9869242743032663,5.334055067502989,10.693110016947925,22.322332222560178,115.02357435761536,220.9733638321888,Top,Organic,0,33.14600457482832
13048.0,8,667,680,15.239589552238806,0.9833525282064196,2.15160604515955,4.308103702651312,15.535266227953825,32.29068802929833,61.96325388345649,High,Organic,0,9.294488082518473
13049.0,3,336,400,54.16307692307692,0.934795411103939,1.4927905557761818,2.96811429506588,52.9748457545619,76.40153165333493,145.63649567749718,Top,Email,2,29.127299135499438
13050.0,34,709,723,12.23442021803766,0.9936354281465842,7.798807030679329,15.63614089067336,12.318974521230087,92.8093862360168,178.31873999315386,Top,Paid Social,8,44.579684998288464
13051.0,1,40,619,38.95,0.1310687991214648,0.0776337660570545,0.1547492423527242,37.79039301685235,2.8343320872171063,5.415793772473623,Low,Paid Search,12,2.166317508989449
13052.0,6,442,654,12.523833992094865,0.8094039905156375,1.439913314472972,2.881179080266526,12.985382821086835,18.063018904916017,34.63958117573336,Mid,Organic,0,5.195937176360004
13055.0,3,351,429,15.072142857142858,0.9283471955101488,1.3992868521576716,2.784435061525353,15.844298001995073,21.419467740019638,40.86093490097257,Mid,Email,2,8.172186980194516
13057.0,2,101,631,17.611951219512196,0.1543187705849321,0.1285738638113936,0.2567183236777218,18.55547073284766,2.3048082128325533,4.410980649263604,Low,Paid Search,12,1.7643922597054418
13058.0,2,127,151,33.925000000000004,0.9264096306897704,2.325697625211125,4.565411586233121,33.67140279457332,75.67096371669582,142.49658019728955,Top,Organic,0,21.374487029593432
13059.0,9,368,618,11.401831683168318,0.4376993985607426,1.1536291420915787,2.308099361392788,11.73159634454046,13.074441509840574,25.070446187659734,Mid,Organic,0,3.7605669281489598
13064.0,5,579,591,17.880212765957445,0.9750509803116546,1.636783564602087,3.271130247987456,18.266766232511152,28.884074334741435,55.32740374644892,High,Organic,0,8.299110561967337
13065.0,4,174,547,16.59092105263158,0.2152114844135038,0.3252100267342251,0.6492038024062285,17.119540552351467,5.378578255996676,10.291642077879327,Low,Email,2,2.0583284155758657
13066.0,1,7,31,9.808333333333334,0.8438204781142029,3.0006249564381706,5.798567557879694,12.633380450771371,36.64139430296452,67.97113505922947,High,Email,2,13.594227011845895
13067.0,2,363,445,15.8909375,0.911614381225007,1.0242313208788991,2.037091647562609,16.96075187854247,16.783195567577625,32.00130099659339,Mid,Paid Social,8,8.000325249148348
13068.0,1,309,319,172.0,0.9014198741926176,0.9261175767150516,1.8309414651654468,152.64794595652887,136.59143200550986,258.96400627152263,Top,Organic,0,38.84460094072839
13069.0,37,542,542,8.676639784946236,0.9968541998520882,10.932767465511189,21.86384227193576,8.76953295466456,92.62084381903546,177.5274119938438,Top,Organic,0,26.62911179907657
13070.0,3,539,731,22.77878787878788,0.8919579101396048,0.848794863550755,1.6985076858330352,23.164459513245323,18.994315164990724,36.42801499245197,Mid,Paid Search,12,14.571205996980789
13073.0,1,26,437,15.484444444444444,0.1853611111619383,0.1477228825617892,0.29323003946859,17.533374681781748,2.5023923851196286,4.762548405967822,Low,Paid Search,12,1.9050193623871288
13074.0,3,212,723,47.54275862068965,0.2447483363071228,0.2352003504910273,0.4706057167130276,46.68653234538706,10.607886065200807,20.342180405026387,Mid,Paid Social,8,5.085545101256597
13077.0,10,727,728,8.831902017291066,0.988411335695123,2.47190008302816,4.953365006864157,9.169275172831,21.895644734728744,42.04776055865397,Mid,Organic,0,6.307164083798095
13078.0,56,735,738,36.86947565543071,0.997427574934578,12.472993705587596,25.01451902309625,36.851424183862704,444.0304710268073,853.35885147797,Top,Organic,0,128.0038277216955
13079.0,5,413,416,24.657647058823528,0.976838587376105,2.20984735122976,4.4001357952533215,24.83609549143561,53.02384025712915,101.2116273564132,High,Paid Search,12,40.48465094256528
13080.0,3,430,608,14.775263157894738,0.8789658568054554,0.9841465673381896,1.9657744456214776,15.562306637165896,14.795919784781688,28.327168174292364,Mid,Paid Social,8,7.081792043573091
13081.0,27,719,730,25.150870858113848,0.993669535945538,6.2000345497834095,12.43084326785316,25.181888323187803,150.82436728925182,289.7886821405586,Top,Paid Social,8,72.44717053513965
13082.0,20,591,716,56.86627906976744,0.8157210610900941,3.898720608663087,7.814622344593165,56.65886852079777,213.39316532286804,409.8982364473645,Top,Organic,0,61.48473546710468
13083.0,2,421,424,17.974090909090908,0.9470281476555464,1.1076316939476885,2.2017142780005377,18.89103516462168,20.215564556839738,38.52512396680556,Mid,Organic,0,5.778768595020834
13085.0,7,581,738,28.96761904761905,0.9109890365659736,1.6544883574526994,3.3147307479913826,29.00084500660755,46.35185794951479,88.99627383782632,High,Organic,0,13.349441075673948
13089.0,202,734,736,34.72274241522903,0.9990443684161724,44.41936023763637,89.09165141217794,34.71940979298944,1489.8135984358205,2863.4649446739827,Top,Paid Social,8,715.8662361684957
13090.0,23,485,493,49.83424028268551,0.9929069438722156,7.495701155685292,14.97387311835362,49.70179374962506,359.9086075342388,689.1257272030311,Top,Paid Social,8,172.2814318007578
13091.0,2,701,729,51.596,0.9418942300604636,0.6907577058886852,1.3812486196111835,50.04563418792581,33.395988854420686,64.00354942471883,High,Paid Search,12,25.60141976988753
13092.0,11,597,667,20.38361904761905,0.965629206646816,2.840723165307373,5.688453718886063,20.52678270132416,56.33070277119644,108.10401361384956,Top,Paid Search,12,43.241605445539825
13093.0,54,460,735,52.32728571428572,5.380957670130916e-08,6.517921499331917e-07,1.3071137218255758e-06,52.26335978361663,3.290746605064548e-05,6.324075574586355e-05,Low,Organic,0,9.486113361879532e-06
13094.0,12,367,388,76.035,0.9824361155453164,4.961084138274827,9.881800946501796,75.44139982050267,361.5847091675848,690.425825462018,Top,Organic,0,103.5638738193027
13097.0,27,705,737,13.165408062930188,0.9867273908534804,6.104407184936978,12.240087679533156,13.266326356922118,78.23172092336671,150.32304264888575,Top,Organic,0,22.54845639733286
13098.0,27,316,316,50.49377622377622,0.995699982335239,12.606330155149717,25.068260159345,50.37699046067935,613.5558710322778,1169.6950568856737,Top,Organic,0,175.45425853285104
13101.0,3,446,680,13.635294117647058,0.8434335238125088,0.8558780231595874,1.7114859368898705,14.47950634352311,11.972034547854191,22.94520745656584,Mid,Paid Social,8,5.73630186414146
13102.0,36,580,581,23.774227642276426,0.9965792712749488,10.02259505860238,20.056468446674103,23.803555077577272,230.47341926087088,442.01935845821305,Top,Email,2,88.40387169164262
13103.0,2,537,576,21.504242424242424,0.936916792652584,0.8451782501968699,1.6858867327032991,22.162130052442677,18.09569051863079,34.59973393449751,Mid,Organic,0,5.189960090174626
13104.0,8,649,652,56.97,0.9852537742418864,2.237404141159168,4.478171839173134,56.4555001032785,122.02491360414707,234.0706178522223,Top,Organic,0,35.110592677833345
13106.0,1,280,412,37.71625,0.8231417657869231,0.6887100338335105,1.3660756039739514,36.72533848141961,24.437044293671867,46.47570484253738,High,Paid Search,12,18.590281937014954
13107.0,8,629,673,29.511629213483143,0.975302888258512,2.1536380856882444,4.3117670085719535,29.530220855757157,61.43781202132304,117.88374358625312,Top,Paid Social,8,29.47093589656328
13108.0,1,62,434,24.411555555555555,0.3170114134469186,0.254089111126484,0.5043235186996633,25.239846963200907,6.196056876820469,11.791354583546228,Low,Paid Search,12,4.716541833418492
13109.0,2,491,550,16.20042857142857,0.929162145026489,0.8722963884642841,1.739098791066409,17.247531258189802,14.534801623346963,27.77779784394802,Mid,Organic,0,4.166669676592202
13110.0,11,707,737,11.735992063492064,0.983553910337108,2.647713778077984,5.30661035302233,12.001907248356364,30.698152374765776,58.961720702190064,High,Email,2,11.792344140438013
13113.0,36,620,620,47.51461734693878,0.9967674307180868,9.471161706339164,18.964160858904105,47.43995029860175,434.0535237383968,832.9266069651908,Top,Paid Search,12,333.1706427860763
13115.0,9,587,598,17.49904458598726,0.9850284237674086,2.671987923831817,5.344263555851732,17.723359942484993,45.74903906956992,87.69863977648107,High,Email,2,17.539727955296215
13117.0,17,601,622,14.06281914893617,0.9881794743584944,4.596711588529875,9.201536747742274,14.214269030313782,63.120287343517845,121.09359450474211,Top,Email,2,24.218718900948424
13118.0,8,419,438,16.320337837837837,0.9799558076581886,3.132356958402273,6.244640454834271,16.595032286627735,50.2190185675352,95.96950560273042,High,Paid Social,8,23.992376400682605
13122.0,1,146,239,16.77072727272727,0.8113441463043101,1.0372919983648914,2.043039824803318,18.643779026350646,18.68639332309665,35.30087470678248,Mid,Paid Search,12,14.120349882712993
13123.0,1,56,529,11.261111111111113,0.219440196536818,0.1488750419055954,0.2962108135384768,13.887514238976532,1.9974466626521057,3.8100220626747783,Low,Email,2,0.7620044125349557
13124.0,3,295,384,16.048489932885907,0.9135271121657876,1.5083212505311177,2.9975747505792314,16.771681872071188,24.440307949980884,46.567113457677394,High,Paid Social,8,11.641778364419348
13126.0,12,642,647,15.929282868525895,0.9895206922330638,3.232951746071562,6.4725124841411255,16.1186997486464,50.34144549878598,96.59071382914604,High,Email,2,19.318142765829208
13129.0,1,77,529,21.204545454545453,0.2835696585030418,0.1923824598184434,0.3827758112034,22.47134390078193,4.176603969303882,7.966647404228783,Low,Paid Social,8,1.9916618510571957
13131.0,6,645,668,22.24006711409396,0.9765308466042096,1.7050418749827934,3.412361142175053,22.451718276766503,36.98135715664313,70.93274719411664,High,Organic,0,10.639912079117495
13133.0,2,185,458,16.704166666666666,0.6276999220867334,0.6884647940306059,1.3697461208764616,17.714303038681866,11.782444669794188,22.473309613482684,Mid,Paid Social,8,5.618327403370671
13134.0,5,330,415,20.45644628099173,0.9295065357504976,2.106958494123618,4.1951572787331255,20.763895009687328,42.26594035943484,80.67496726280785,High,Paid Social,8,20.168741815701964
13135.0,1,294,490,187.30277777777775,0.7827604698337607,0.5667714119378446,1.1266377107948793,165.85831505638018,90.8195146431321,173.08071545855134,Top,Organic,0,25.9621073187827
13136.0,12,674,730,19.919238095238097,0.9754289396790514,2.8632010475580136,5.738368897406384,20.05667650877125,55.47558160621992,106.54932817627436,Top,Paid Social,8,26.63733204406859
13137.0,15,491,501,5.352324774462179,0.9898097746358244,4.946165606596987,9.879929834937458,5.614773705867149,26.82929458460945,51.36658338463088,High,Paid Search,12,20.546633353852354
13138.0,6,374,396,14.82060606060606,0.973636456955234,2.65684373355827,5.288832853944316,15.223082821978632,39.0747022079182,74.5676188540065,High,Paid Search,12,29.8270475416026
13139.0,7,421,437,30.95464150943396,0.979076852734216,2.7990742421547,5.579143868576399,30.943901271864583,83.67763336207179,159.880518049429,Top,Email,2,31.976103609885804
13140.0,4,382,490,9.964590163934426,0.919581807961576,1.526700719828884,3.044151431699119,10.74560383229547,15.849022696995634,30.29285223485583,Mid,Email,2,6.058570446971166
13141.0,16,645,729,18.043717647058823,0.9533600366680376,3.6429084259001607,7.302204625033673,18.165517909250745,63.927290720767616,122.80065714826692,Top,Email,2,24.560131429653385
13144.0,1,98,430,22.558333333333334,0.4472838216953178,0.3612651121454521,0.7169662051514104,23.640023066185694,8.251202018850238,15.70064442396177,Low,Paid Search,12,6.280257769584708
13145.0,6,560,599,142.352,0.97132066800257,1.8663869801383997,3.731389927042681,139.47441983727916,251.47791848559615,481.87651449947697,Top,Paid Search,12,192.7506057997908
13147.0,3,89,99,178.2,0.9540873333096086,4.0005207702522,7.827978205573938,170.79139338734615,660.2699353049982,1239.5511313718291,Top,Paid Search,12,495.8204525487317
13148.0,25,702,731,10.872395964691046,0.9879422080288874,5.722045465067784,11.472322004201695,10.99577316493056,60.78077853794437,116.78042316573216,Top,Paid Social,8,29.19510579143304
13149.0,3,274,288,19.48906976744186,0.9576226948651996,1.9855996256437431,3.932651277637989,20.039718742922705,38.44499546967436,73.01324750191174,High,Paid Social,8,18.253311875477934
13150.0,2,146,630,56.24625,0.2798740495204545,0.2335071350269539,0.4662266254261074,54.35463025701853,12.261593413710829,23.466070999585035,Mid,Paid Social,8,5.866517749896259
13151.0,2,332,627,14.663295454545455,0.7487310928223476,0.6273056585442028,1.2524322905094736,15.823199112967162,9.58923530218813,18.350871013401484,Low,Paid Social,8,4.587717753350371
13152.0,6,277,694,15.899111111111113,0.1479933656037011,0.2498043555556566,0.5001186667026645,16.273849149889152,3.9272332602003495,7.535219674114599,Low,Organic,0,1.13028295111719
13154.0,2,336,735,17.471397849462363,0.6565837493223018,0.478014272398484,0.9559216417324036,18.425231730849383,8.50855427827996,16.30793745246259,Low,Paid Search,12,6.523174980985036
13155.0,5,458,491,10.671829268292685,0.9677460630749748,1.905325790145224,3.8005895222550174,11.279720312995217,20.762673106558903,39.69919924041516,Mid,Paid Social,8,9.92479981010379
13156.0,2,290,675,15.255192307692308,0.6248911035643312,0.4906596460467196,0.9803674541543074,16.371660209363732,7.760317431971157,14.861711348071218,Low,Email,2,2.9723422696142436
13157.0,8,592,641,22.65880478087649,0.9728962376717044,2.242708793351568,4.488081446801081,22.8104408325092,49.42027841568457,94.78477979423268,High,Paid Social,8,23.69619494855817
13158.0,4,293,387,15.0818,0.9134422494328228,1.8457474825482851,3.6707032369368906,15.667901288639834,27.93929766629414,53.2689296863996,High,Email,2,10.65378593727992
13159.0,3,106,115,11.883057851239668,0.9560353010160114,3.688106129781236,7.227615453785591,12.815143648738664,45.67248071975655,85.86710852519278,High,Organic,0,12.880066278778916
13161.0,1,187,500,14.08470588235294,0.6097335872115988,0.4340017926901396,0.8629286027059877,16.32502784978527,6.84507249708715,13.048160271306532,Low,Organic,0,1.9572240406959798
13162.0,15,613,734,38.972647058823526,0.9022256448052676,3.228748801620712,6.472172706462653,38.88379423758999,121.28107471679792,232.97912284250137,Top,Paid Search,12,93.19164913700055
13164.0,1,98,667,37.22,0.2482651820802683,0.1377295270529577,0.2747706449155866,36.29694268550593,4.829600990825695,9.235697137569366,Low,Organic,0,1.385354570635405
13165.0,2,366,412,29.61551020408163,0.9291719221110848,1.1128149683916604,2.211264587876423,29.678160583851863,31.907783642382118,60.78749020244537,High,Paid Social,8,15.196872550611342
13166.0,1,131,413,12.814202898550723,0.5674241841528054,0.4738099300377572,0.9398440896574896,15.228245709822248,6.971083939016566,13.25837520825449,Low,Paid Search,12,5.303350083301797
13167.0,4,371,389,13.890740740740744,0.966231662292078,1.9442170521677156,3.86675975885706,14.522208977785745,27.27780799478329,52.01063523646784,High,Paid Social,8,13.00265880911696
13168.0,4,505,541,10.418388888888888,0.9624498249604736,1.4682533452014932,2.930679567692564,11.18211755385376,15.861239658502852,30.346389068908152,Mid,Organic,0,4.551958360336223
13169.0,2,498,561,46.67111111111112,0.9280242281921356,0.8564798946396317,1.707937741371521,45.48215332927507,37.63354235785488,71.93723694962867,High,Paid Social,8,17.984309237407167
13171.0,2,277,298,10.18282608695652,0.9376952418816308,1.4547748666723572,2.879396357753304,11.671524494907688,16.405277345807946,31.13663645481024,Mid,Paid Search,12,12.454654581924096
13173.0,10,725,728,10.5574,0.9880834862456448,2.471080170252861,4.951722008719641,10.86786889407876,25.94317025415477,49.82051107400779,High,Email,2,9.964102214801558
13174.0,11,718,734,8.387667844522968,0.9867245227683444,2.665952037112412,5.342976644122559,8.701111897763559,22.408779201534927,43.0389505987717,Mid,Paid Search,12,17.21558023950868
13175.0,1,153,735,18.075,0.337556264184259,0.1718377600822948,0.3431798166703156,19.769713440634774,3.2819165058489674,6.282356461042136,Low,Paid Search,12,2.5129425844168547
13177.0,1,365,430,17.073333333333334,0.8756953265801984,0.7072873084547682,1.4036813421673604,18.90500857633883,12.918617661280528,24.581948410122862,Mid,Paid Search,12,9.832779364049145
13178.0,20,697,722,20.46461426491994,0.988664445323908,4.690251297590885,9.401837606652624,20.54322406593095,93.0796742636311,178.80496092339845,Top,Paid Search,12,71.52198436935939
13183.0,14,627,635,45.10371794871795,0.9902384916937244,3.7827730556473047,7.572779997347137,44.94000057463447,164.2253355739951,315.081339547652,Top,Paid Search,12,126.03253581906081
13184.0,9,275,289,9.39939226519337,0.9811719829422624,4.851216254111999,9.628455507754706,9.763788461997208,45.76287507763866,87.08488876555114,High,Paid Search,12,34.833955506220455
13186.0,2,89,128,19.947974683544302,0.9002716448882826,2.503049208599053,4.904453485125726,20.720067458576967,50.11742639117719,94.20948596454429,High,Email,2,18.841897192908856
13187.0,3,287,623,5.73453125,0.611175658807784,0.6698819448176222,1.3383822615079108,6.9749618769194015,4.513848876072484,8.643920098552414,Low,Paid Search,12,3.457568039420966
13189.0,1,96,114,8.988965517241379,0.885114983932762,1.835133770991637,3.5823350465577213,11.926048001963787,21.150415182617657,39.61648348361366,Mid,Paid Search,12,15.846593393445467
13190.0,2,188,732,33.56823529411764,0.3058884236281522,0.2235101787122421,0.4469522541975382,33.34081890870952,7.199058941641372,13.797559837920446,Low,Organic,0,2.069633975688067
13192.0,5,591,686,15.793703703703704,0.94969652056985,1.3984895189286315,2.798910735915793,16.24432463597624,21.946180336612045,42.0951750643206,Mid,Paid Social,8,10.52379376608015
13194.0,1,285,421,47.278,0.8216634257223548,0.675349146083797,1.339939901053589,44.97967299341474,29.34874300041372,55.83155106375944,High,Email,2,11.166310212751888
13196.0,6,606,616,16.323617021276597,0.9791988995692776,1.836059041476303,3.671751281258538,16.68743693623472,29.599097047562555,56.7317346169838,High,Paid Search,12,22.69269384679352
13198.0,7,424,433,15.841496815286623,0.9813102139648172,2.8270441907895654,5.634339589273206,16.165160190660607,44.15023882071207,84.34874355804675,High,Paid Search,12,33.7394974232187
13199.0,66,731,734,79.38594202898551,0.9977310571581108,14.724688169612635,29.52970681469792,79.26882939215884,1127.5516430688865,2166.9424455346234,Top,Paid Search,12,866.7769782138494
13200.0,3,107,125,18.915,0.9470028273570236,3.479529444642693,6.824869725826413,19.494438221425003,65.54695634996449,123.33600849943532,Top,Paid Search,12,49.33440339977413
13201.0,3,140,642,14.09784090909091,0.1294835612866521,0.1382292888779284,0.2762572691431649,14.918856697713531,1.99223664953081,3.816187655254057,Low,Paid Search,12,1.526475062101623
13202.0,6,336,730,22.90289855072464,0.2779163693083691,0.4484547006090527,0.8982360156278772,23.09750195146132,10.006395593650428,19.2077066160419,Low,Paid Search,12,7.683082646416761
13203.0,9,712,721,15.670118343195266,0.9857843056426592,2.267109434478732,4.542222324138814,15.92606438145578,34.87977044261141,66.97134672934895,High,Paid Search,12,26.788538691739582
13206.0,12,332,731,14.41879518072289,0.0116976013457937,0.0342942973430696,0.0687327360761707,14.627889683611045,0.4846124601568163,0.9307826268524078,Low,Paid Search,12,0.3723130507409631
13207.0,3,596,611,41.22,0.9605241606284416,1.0708510615159428,2.139069352744597,40.68085618278904,42.0849782657492,80.57662723508585,High,Paid Social,8,20.144156808771463
13208.0,8,677,735,7.828740157480315,0.9720401889491452,1.9846247271467805,3.97651534612958,8.268295038491317,15.852095947385994,30.43890496711035,Mid,Paid Search,12,12.17556198684414
13209.0,12,653,683,23.25002732240437,0.983749349413412,3.0638443379132543,6.136930467699423,23.34407444287371,69.09352284481525,132.63161268012792,Top,Paid Social,8,33.15790317003198
13211.0,9,722,732,13.249126213592234,0.9856247406623424,2.236312385217735,4.481112135254191,13.546942519668889,29.266160963543967,56.19991429708521,High,Paid Social,8,14.049978574271302
13212.0,2,41,60,5.549859154929578,0.9173064319314314,3.7458846471087583,7.287669335422847,7.378543193183985,26.712149031155416,49.8726289262699,High,Email,2,9.97452578525398
13213.0,10,511,567,18.88,0.968603997369075,3.0185488198916204,6.034924830985924,19.060701482768756,55.58283318620586,106.50768842281468,Top,Paid Search,12,42.603075369125875
13214.0,6,228,645,14.254279475982532,0.0861851463049688,0.1552051760593567,0.3105155848974824,14.671321932732631,2.1997602663338784,4.217973416010767,Low,Email,2,0.8435946832021535
13217.0,3,533,655,133.296,0.9239177079601644,0.9690750524018388,1.937127039150169,128.13930138388994,119.962090379364,229.8346239815938,Top,Email,2,45.966924796318764
13220.0,4,497,575,25.20924528301887,0.9470599107191924,1.3706657630325885,2.737610760900543,25.40959642189989,33.64635724703491,64.41203330192386,High,Paid Search,12,25.764813320769544
13221.0,1,119,358,12.839545454545457,0.6012768697593808,0.5638343115768903,1.1163728666427355,15.25012307898265,8.307723548184063,15.77307744381938,Low,Organic,0,2.365961616572907
13223.0,5,464,664,74.5476923076923,0.8566284847586798,1.2983521331086212,2.5977017867844467,73.19423808935673,91.80557068780016,176.0419501390064,Top,Organic,0,26.406292520850958
13224.0,1,91,150,19.9625,0.8278047159181553,1.455091536095081,2.8493107704105767,21.39912818075984,30.08967665523284,56.528309361584775,High,Paid Search,12,22.61132374463391
13225.0,15,719,722,130.08056,0.9918345983514024,3.602071990222817,7.219502076951281,129.03971245293482,449.0209675783119,862.4476738515849,Top,Paid Search,12,344.979069540634
13226.0,1,120,392,11.159285714285714,0.5613975162005029,0.4892331665604487,0.9697939000908048,13.79961182705262,6.5227834311790325,12.397919194197582,Low,Organic,0,1.8596878791296372
13230.0,29,626,630,4.750395817774458,0.9952453657139648,7.575906119861028,15.170444920568816,4.890103249821513,35.78887350186906,68.68203063447793,High,Email,2,13.736406126895586
13232.0,6,230,242,6.558454106280193,0.9753308184126273,3.909403861152186,7.738575709492097,7.173430142447622,27.09553761837344,51.43128093097206,High,Paid Search,12,20.572512372388825
13233.0,3,619,693,15.479736842105265,0.9452791091948796,0.9432705132456308,1.8865922788882143,16.231451399168417,14.790913121992888,28.352754418593307,Mid,Paid Search,12,11.341101767437323
13234.0,1,59,732,5.665873015873015,0.1310087662822774,0.0669351083422552,0.1336712746967892,9.057334939961844,0.5856837564259223,1.1210892135760078,Low,Paid Social,8,0.28027230339400194
13236.0,1,82,106,20.69027777777778,0.8748678817678566,1.889409609521561,3.685436898532888,22.02739405553948,40.22072526518836,75.28109300138506,High,Paid Social,8,18.820273250346265
13238.0,5,573,589,21.41765957446809,0.9740790386001406,1.639985003057036,3.277418130227132,21.695593693885268,34.372974841510946,65.83928270883423,High,Email,2,13.167856541766847
13239.0,4,240,501,17.14720430107527,0.5889762701758922,0.959552905710879,1.91374691818636,17.654635204816735,16.366059583012643,31.288150311123804,Mid,Paid Social,8,7.822037577780951
13240.0,7,556,651,7.526060606060606,0.9499721592116284,1.9285257345135736,3.859368675014058,8.033716920550834,14.967199170555926,28.70627324870348,Mid,Paid Social,8,7.17656831217587
13242.0,6,555,667,19.982857142857146,0.940566493701138,1.644423611062221,3.2909977289271994,20.25256285168172,32.17303086933124,61.70923476451762,High,Email,2,12.341846952903524
13243.0,4,428,630,5.809272727272727,0.8543073557706556,1.1417071471447402,2.282404169088605,6.748560696673476,7.443372799330239,14.261864299404326,Low,Paid Search,12,5.704745719761731
13245.0,1,381,431,21.982666666666667,0.8839891474004509,0.7126141396158987,1.414294250612917,23.14306955515771,15.933769381638385,30.32011513412869,Mid,Paid Search,12,12.128046053651477
13246.0,10,507,524,8.937810026385224,0.9842490176142809,3.2831869046469606,6.558943112797576,9.27353184602326,29.41361773454316,56.32099124267652,High,Email,2,11.264198248535305
13247.0,3,64,82,20.0448,0.9408726787004696,4.347242158027773,8.491308470730795,20.567579445937405,86.4071463941818,161.9400291575398,Top,Organic,0,24.291004373630972
13248.0,1,64,188,17.91076923076923,0.6899286027888493,1.045234605094196,2.0523904017718078,19.627938587036528,19.82439039184814,37.3414504488676,Mid,Paid Social,8,9.3353626122169
13249.0,8,592,684,45.969428571428566,0.9542473765056692,2.0770965135485846,4.159136083879569,45.66849966907819,91.63660542818812,175.8521929029441,Top,Paid Social,8,43.963048225736024
13250.0,1,41,501,12.802,0.1919233742845121,0.1363777369765857,0.2711673348918738,15.217711361334407,2.0050503496405048,3.8221396016625855,Low,Paid Search,12,1.5288558406650343
13252.0,1,231,625,21.01578947368421,0.5861332993971293,0.3442618250140086,0.6863007687502636,22.30839726369474,7.419511504057796,14.178557443188716,Low,Paid Social,8,3.544639360797179
13253.0,3,546,703,39.34813333333334,0.9099339577036252,0.8965293774680875,1.7933566552693998,38.90286247877895,33.693547294285835,64.59579969553263,High,Paid Social,8,16.14894992388316
13255.0,2,502,511,28.264375,0.9454293894349288,0.9452865938973996,1.883071819736272,28.426177081201352,25.95999198587873,49.57403234208492,High,Paid Search,12,19.829612936833968
13258.0,4,388,400,22.503913043478263,0.9685713429261618,1.904927823523092,3.789816755273081,22.807309154451108,41.97423716491982,80.0563906520796,High,Paid Search,12,32.02255626083184
13259.0,8,637,698,4.424012345679013,0.9699726288357668,2.07369158421872,4.153075418383342,4.929668438708945,9.875441468649871,18.954417868920206,Low,Paid Social,8,4.738604467230052
13261.0,1,17,285,104.9,0.2943097880799942,0.3298938038325187,0.651245072694456,94.72279148638762,30.192860766893507,57.16264522967288,High,Paid Search,12,22.865058091869155
13262.0,2,337,600,11.469,0.7795197858440827,0.6786951544335741,1.3543981685654831,12.863313825690756,8.434135827353181,16.13318455059716,Low,Paid Search,12,6.453273820238865
13263.0,38,411,412,4.533692708333334,0.9966805194244316,14.142558273182988,28.206502191437927,4.641348396634907,63.41452748511298,121.23541341881769,Top,Paid Search,12,48.494165367527074
13265.0,4,220,273,23.1610989010989,0.93633051924598,2.4912865169354115,4.93440030737384,23.439463077964767,56.41931450866056,107.1532826789798,Top,Paid Search,12,42.86131307159192
13266.0,18,711,722,19.98384364820847,0.9916234301381088,4.26309550784038,8.545172536698953,20.0753053324962,82.67564655900816,158.8117129935145,Top,Paid Search,12,63.5246851974058
13267.0,35,729,731,22.906713615023477,0.9963637176791964,7.962929517221035,15.966782454625648,22.94078342272283,176.46955492849958,339.09062403695293,Top,Organic,0,50.86359360554294
13268.0,10,249,266,7.306113636363636,0.9798515151728144,5.661723723816648,11.2280001417174,7.667277146888773,41.94102215747883,79.75046267412428,High,Paid Social,8,19.93761566853107
13269.0,27,736,737,17.819038076152307,0.995548282062633,6.15897779093599,12.349508460604474,17.89281577482801,106.45744543589322,204.5590576516556,Top,Email,2,40.91181153033112
13272.0,1,58,89,18.43733333333333,0.8569811936834423,2.0306921318325317,3.954058820313783,20.082503519666293,39.41274260632891,73.64475331060467,High,Email,2,14.728950662120935
13275.0,1,248,631,4.8332,0.6114973273303785,0.3561712288783609,0.7101197339154798,8.338516563396078,2.8692284012373785,5.483610767944875,Low,Paid Social,8,1.3709026919862188
13276.0,4,578,641,7.788192771084337,0.9558083549592206,1.2580809073650454,2.515476088697425,8.652104504728866,10.515582470958432,20.151617188771425,Mid,Paid Search,12,8.06064687550857
13277.0,6,524,539,22.752173913043475,0.9776326157005012,2.058444027701782,4.111050829877207,22.950653891744107,45.63975007959164,87.36691971196674,High,Paid Social,8,21.841729927991686
13278.0,3,569,610,13.294907407407406,0.953494035971805,1.0645356211428394,2.126418351407528,14.156189817558932,14.558432438100825,27.873382868446782,Mid,Paid Social,8,6.968345717111696
13280.0,6,522,644,11.060142857142855,0.9307726706677772,1.6784585568395096,3.358005897076921,11.559337242210344,18.743191319093544,35.93899914132814,Mid,Email,2,7.187799828265629
13282.0,3,388,405,25.74882352941177,0.9581817020016106,1.5146066306390606,3.011922795319201,25.985549701735323,38.02458016783575,72.49228197335461,High,Paid Social,8,18.123070493338652
13283.0,3,580,639,18.668,0.9485576760861786,1.0168024466433487,2.0320284526414016,19.259825119588783,18.918838847937945,36.23797096278359,Mid,Paid Search,12,14.495188385113437
13285.0,5,600,623,14.565324675324677,0.9725842172585728,1.559131346961145,3.117554546315279,15.053663695054452,22.67397839782617,43.4533176571236,Mid,Paid Search,12,17.38132706284944
13287.0,2,101,704,14.746981132075472,0.1162378487437058,0.0879320800236197,0.175768782059963,15.900743601008925,1.3507313101112892,2.5878239024048217,Low,Paid Social,8,0.6469559756012054
13288.0,4,223,665,92.761,0.2197790568653308,0.2800643829794564,0.5601759901904038,90.38833309036696,24.455210721826017,46.88080729100866,High,Email,2,9.376161458201732
13291.0,10,510,665,10.124512195121952,0.8586938536415349,2.327338494251621,4.659943779612332,10.441730750343469,23.47620691447764,45.048741355800765,Mid,Paid Social,8,11.262185338950191
13292.0,4,487,525,16.856101694915253,0.9614372608246848,1.505006219252748,3.003095767251693,17.37462057502028,25.26198020163276,48.31785906884814,High,Paid Social,8,12.079464767212036
13293.0,5,276,668,16.56861111111111,0.2787127833688405,0.4201964691170557,0.8407634984806546,16.995438063928933,6.898967729906671,13.229841597519703,Low,Organic,0,1.9844762396279554
13294.0,2,456,645,16.564019607843136,0.868869013080158,0.7101093403813405,1.4181734727299078,17.584440531168184,12.063204275467015,23.09180881519425,Mid,Email,2,4.61836176303885
13295.0,3,217,576,16.44731343283582,0.4570874209256601,0.5364374459391419,1.0709024464763028,17.150504618664012,8.888064227790965,17.007385481194103,Low,Paid Search,12,6.8029541924776415
13296.0,5,439,576,14.953018867924529,0.9079454288638936,1.558585060816999,3.1140519575603736,15.429453513576508,23.23207130620734,44.490179798749125,Mid,Paid Search,12,17.79607191949965
13297.0,6,534,542,35.51723577235772,0.9794258779326938,2.052389569117563,4.099189088092409,35.38740341756326,70.16448285116346,134.3210988057298,Top,Paid Search,12,53.72843952229192
13299.0,2,260,528,19.656451612903226,0.7214458394941334,0.7014520205067435,1.3978516823821951,20.44993751600565,13.858318220571944,26.473539500472857,Mid,Paid Search,12,10.589415800189144
13300.0,2,404,573,23.37290909090909,0.8697833481063604,0.7881745845709401,1.57209147814181,23.893666490507567,18.193693735497305,34.78524151723612,Mid,Paid Search,12,13.91409660689445
13301.0,3,188,291,7.630740740740741,0.8657895343572642,1.7809395578639289,3.52774364564431,8.776077627340321,15.100988770213048,28.68261432927708,Mid,Paid Search,12,11.473045731710833
13302.0,1,371,526,53.06666666666666,0.8290043540143972,0.5651620295617644,1.1244039553854248,49.976832618494086,27.2879469798396,52.04691640635307,High,Paid Search,12,20.818766562541228
13304.0,3,318,669,15.61525641025641,0.6296159202002694,0.6481834085851572,1.295954266171469,16.360174744283583,10.24445865289396,19.631202003722294,Mid,Paid Search,12,7.852480801488918
13305.0,15,635,638,18.226747572815533,0.9917758312905192,4.019180516923085,8.046733639922444,18.354670509644464,71.26568569437235,136.74081118330972,Top,Organic,0,20.511121677496458
13307.0,2,472,591,18.222666666666665,0.9045680237720692,0.7979941942995127,1.5922114613261462,19.121369439610262,14.741190998994671,28.19324315667121,Mid,Paid Search,12,11.277297262668483
13308.0,3,574,596,23.52633802816901,0.95864236162026,1.0921792268531147,2.181115922940409,23.874520482170176,25.19056306871659,48.21858896678007,High,Paid Social,8,12.054647241695017
13309.0,5,385,392,13.125923076923078,0.9755230990716388,2.317428981954389,4.611302038572562,13.658459753988506,30.57999900476765,58.33432282425734,High,Paid Social,8,14.583580706064335
13310.0,4,374,401,16.223157894736843,0.9628110330295332,1.8897207749284188,3.759668686996556,16.765785339132723,30.609174415563245,58.38166264603147,High,Organic,0,8.75724939690472
13311.0,1,145,149,23.02192307692308,0.9030126603253842,1.594020051154292,3.12110867604044,24.040224370331888,37.03087763079215,69.56321074414552,High,Paid Search,12,27.82528429765821
13313.0,11,715,736,18.42417112299465,0.9856770110882408,2.656652185607393,5.324462842882736,18.595148792431,47.72273789715398,91.65970626599496,High,Paid Social,8,22.91492656649874
13314.0,2,72,73,12.51516129032258,0.9469150949154844,3.547811895927027,6.913345821771008,13.832703619279696,47.42838773197741,88.68610078630785,High,Organic,0,13.302915117946176
13316.0,9,602,639,75.3804,0.9782892378516872,2.5038819821315608,5.011149058833458,74.60367622749268,180.456402207926,346.1302022798008,Top,Organic,0,51.91953034197012
13317.0,18,660,726,18.854915697674414,0.9671979577311354,4.137629395732966,8.294070494572988,18.956224755528435,75.76935342981508,145.55188041476475,Top,Organic,0,21.83278206221471
13318.0,2,36,36,32.038,0.9480243386762242,4.644893872837197,9.006445728812142,31.92287839644892,143.31458931709616,266.7156569679821,Top,Paid Search,12,106.68626278719285
13319.0,57,727,732,23.123036649214654,0.9970641290692848,12.778923421040291,25.626413545274005,23.14339369391123,285.6994632410402,549.0373644812297,Top,Paid Search,12,219.61494579249188
13320.0,5,400,478,14.854,0.9438060959098624,1.900919367777366,3.790721413143953,15.333475077175155,28.159278768288072,53.82730438622802,High,Email,2,10.765460877245605
13321.0,1,14,85,51.57818181818182,0.716563069877067,1.737757409067568,3.382186491310529,48.69187412706414,81.77563751093889,152.73783096937342,Top,Organic,0,22.91067464540601
13323.0,4,81,83,37.516666666666666,0.9706021684379802,5.495715275549684,10.744704750585257,37.248233279024745,197.82248526878936,371.08319154627264,Top,Paid Social,8,92.77079788656816
13324.0,17,527,563,79.6475,0.9806206417739456,4.97574254872074,9.951047586789516,79.1935289943443,380.6708028992466,729.6592123391747,Top,Paid Social,8,182.41480308479368
13327.0,19,682,720,28.88736842105263,0.9837348745809452,4.459047730923198,8.937964282773976,28.900446524615,124.49073898745996,239.13473102784397,Top,Paid Search,12,95.65389241113759
13329.0,7,703,734,40.903760000000005,0.9777830907517544,1.7844414242621265,3.57491751098815,40.67287886944127,70.11327136904217,134.6124305827609,Top,Email,2,26.922486116552182
13330.0,5,562,654,23.781186440677963,0.9492292913040644,1.4580972306191,2.916894463211757,23.986547102727616,33.78738723125861,64.78021273286544,High,Paid Search,12,25.912085093146175
13333.0,2,247,658,18.468,0.5426506162213601,0.4357802223813508,0.8704860552901081,19.348699232406517,8.145675322160683,15.595811454808349,Low,Paid Search,12,6.23832458192334
13334.0,4,570,652,13.049479166666666,0.9491807622941428,1.2307871563722137,2.461311674676021,13.712990704772947,16.304867708283926,31.250877864528213,Mid,Paid Social,8,7.812719466132053
13338.0,3,545,703,19.10640625,0.909361477972758,0.8959653311519984,1.7922283752149353,19.676245565649047,17.030762500838662,32.650635255401966,Mid,Paid Social,8,8.162658813850491
13340.0,11,609,654,102.7933023255814,0.9774812348137784,2.9260294070623383,5.858235666447935,101.76667514264643,287.6607120130216,551.9554043621882,Top,Paid Search,12,220.7821617448753
13344.0,2,209,277,21.37579831932773,0.8995483731385892,1.475997065550222,2.9187607118666805,22.04311168930617,31.43577815106103,59.612635802257344,High,Paid Search,12,23.84505432090294
13346.0,5,133,596,49.9,0.0267174575945637,0.0445216434279931,0.0889844228504809,49.30336740805396,2.120571198267305,4.062272761067125,Low,Email,2,0.812454552213425
13350.0,1,63,78,24.478,0.8844565329018624,2.236736869477827,4.349894987907008,25.29720619879148,54.68551396548406,102.06225117246952,High,Paid Search,12,40.824900468987806
13357.0,4,369,626,9.619949874686718,0.7569929600545917,1.0173224044085036,2.033616985623941,10.414090747340156,10.234913779511976,19.609423283507954,Mid,Paid Social,8,4.902355820876989
13359.0,1,339,402,18.630535714285717,0.8747231767365355,0.7467645771313122,1.4807666384068232,20.249288583163544,14.609716043854984,27.777313043534537,Mid,Paid Search,12,11.110925217413815
13360.0,3,269,700,23.54015151515152,0.4451941593094701,0.4403045773561605,0.8807190059135686,23.887641231271957,10.160786717703877,19.47905210361624,Mid,Paid Social,8,4.86976302590406
13361.0,1,145,617,42.66176470588236,0.4037420169541693,0.2398180169448766,0.4780173192454894,40.994633612158665,9.49790206376937,18.147793291743135,Low,Paid Social,8,4.536948322935784
13362.0,6,415,424,18.100906040268452,0.9786557801519814,2.524188006629412,5.028522383494489,18.419014785821265,44.91702258446984,85.77769215946962,High,Paid Search,12,34.311076863787854
13363.0,2,392,409,16.90058823529412,0.9418502122852044,1.1348046060568937,2.2547639309048324,17.89631040755466,19.621029679083406,37.37691484754301,Mid,Paid Search,12,14.950765939017206
13365.0,1,184,217,17.385703125,0.8802478387753877,1.2065925856281376,2.3735386251010544,19.17466682423894,22.35565148383393,42.18247677488989,Mid,Paid Search,12,16.872990709955957
13368.0,3,166,423,21.567307692307693,0.5398725835038984,0.8233030993026716,1.6380243711655134,22.013734313394146,17.50988518831233,33.39770505567569,Mid,Paid Search,12,13.359082022270275
13371.0,1,127,631,24.9745652173913,0.3466022612761741,0.201881100396137,0.4025023406503986,25.72587411118925,5.0174527801539766,9.589253361998567,Low,Organic,0,1.438388004299785
13373.0,5,672,733,21.193268156424583,0.9638912631943444,1.3381273069427373,2.679735452424217,21.4780923439192,27.764387302169656,53.28593220278742,High,Paid Search,12,21.31437288111497
13374.0,1,34,449,24.87058823529412,0.2042537734937087,0.1591517329548732,0.3160233036890289,25.636114308665874,3.941883038379212,7.504600925415212,Low,Organic,0,1.1256901388122817
13375.0,1,356,444,25.242676056338027,0.8630161487174006,0.6787527066383321,1.3475926040219852,25.9573251061387,17.022074274558104,32.402507582415424,Mid,Paid Search,12,12.96100303296617
13376.0,2,135,233,19.240754716981133,0.8370688130613763,1.562195624694313,3.0826149648268606,20.064746119744733,30.286462771239307,57.31617982666836,High,Email,2,11.463235965333674
13377.0,1,249,645,19.90871794871795,0.6022926607353538,0.3441299250389851,0.6862823555476771,21.35269995977275,7.098905495623385,13.570477714312505,Low,Email,2,2.714095542862501
13379.0,2,110,136,5.902680412371134,0.9219860849937708,2.470979127998305,4.844860384492736,7.705473016614556,18.39889317005548,34.607921696522176,Mid,Paid Social,8,8.651980424130544
13381.0,11,706,737,23.10216292134832,0.98329732893291,2.6470230644201416,5.305226008431148,23.20673732696997,59.34207770462426,113.97790227870064,Top,Paid Social,8,28.49447556967516
13382.0,4,451,731,16.134651162790696,0.7848044862538444,0.919499491768751,1.840798016998609,16.68064979154243,14.817025018804433,28.42843125295473,Mid,Paid Social,8,7.107107813238683
13384.0,10,469,500,25.30617424242424,0.978841724490464,3.398677832837431,6.786477941694877,25.38667771062226,83.35392212194388,159.53439904558417,Top,Paid Search,12,63.81375961823367
13386.0,1,22,436,26.950322580645164,0.172466088669242,0.1377078239752885,0.2733422904610909,27.43147843998208,3.649640774112132,6.945799603415159,Low,Organic,0,1.0418699405122738
13388.0,2,472,603,17.183333333333334,0.8993151721459711,0.779601218076537,1.5558485970662994,18.158306540237035,13.676045694521209,26.161467459823378,Mid,Organic,0,3.9242201189735066
13389.0,2,221,232,15.646274509803922,0.9417348819720468,1.763039422409091,3.47874720096088,16.73404323642487,28.506422831408653,53.94478437725103,High,Organic,0,8.091717656587655
13393.0,3,148,731,16.397826086956524,0.0949424901903358,0.0903480950055838,0.1807939001013772,17.103499032759625,1.4928036657454102,2.862955249726036,Low,Paid Search,12,1.1451820998904145
13394.0,18,736,738,16.18997555012225,0.99326979338546,4.18735725895041,8.394913874646997,16.314530255453,65.99393742002823,126.79007868511734,Top,Email,2,25.358015737023468
13395.0,2,236,420,14.57074074074074,0.7959667624507912,0.9382783959350957,1.8648701065015787,15.7374364339799,14.265962974528223,27.18397331858943,Mid,Organic,0,4.077595997788414
13396.0,1,290,318,31.65093023255814,0.8910089134567905,0.917672210273946,1.814170779505505,31.48935361644389,27.92016284379561,52.931839904623,High,Paid Search,12,21.1727359618492
13397.0,9,616,688,35.863707865168536,0.9656043065464984,2.3152149401584783,4.636677753275867,35.77041237095334,80.00369277963568,153.55162197181252,Top,Paid Search,12,61.42064878872501
13398.0,1,256,448,17.18820512820513,0.7701617911529834,0.6012159489996737,1.1937851071098,19.00417350126001,11.038747588260104,21.01513517896988,Mid,Email,2,4.203027035793976
13399.0,2,54,518,18.36,0.1050295575967884,0.1038020032008335,0.2068119905323208,19.24862470405599,1.9303105858413767,3.686720103309606,Low,Paid Social,8,0.9216800258274015
13402.0,3,437,564,15.9909375,0.911330945615035,1.0892146796478,2.1739441706871347,16.71701565831579,17.59076040586215,33.653007703601986,Mid,Organic,0,5.047951155540297
13403.0,2,705,722,25.5,0.9443725944584724,0.6985512236554136,1.396698446513526,25.86466296722937,17.45452164306433,33.448612119928654,Mid,Paid Search,12,13.379444847971463
13404.0,1,211,212,22.953636363636363,0.905916061047088,1.2624921238624782,2.482760660582979,23.98127476652576,29.25511572258517,55.185252642961856,High,Email,2,11.037050528592372
13405.0,5,650,723,28.228162790697677,0.959854465862232,1.348954871903169,2.7010815540191246,28.296976475784,36.875086263046384,70.76297585128545,High,Paid Search,12,28.30519034051418
13406.0,1,204,631,63.21333333333333,0.5284247864231764,0.3077850010756344,0.6136492376301651,58.736105852826434,17.465060423015622,33.37886707002972,Mid,Paid Search,12,13.35154682801189
13407.0,2,83,661,26.408235294117645,0.1002107382421683,0.0801532345429563,0.1601163983658974,26.706248325471236,2.067956948760316,3.95951320758154,Low,Paid Search,12,1.583805283032616
13408.0,105,733,735,61.58745476190476,0.998553297578024,23.245170804168527,46.620150686349376,61.5405839746796,1381.9168973600667,2655.946470607511,Top,Organic,0,398.3919705911266
13410.0,8,707,730,44.0392,0.9814851487905007,2.016164992526718,4.03946974611003,43.77574559050122,85.26135927557405,163.70801671745434,Top,Email,2,32.74160334349087
13413.0,5,47,686,9.986976744186046,0.0004418772837601,0.0006506928651485,0.0013022845158277,10.615896581144703,0.0066731485288949,0.0127998290019251,Low,Paid Social,8,0.003199957250481275
13414.0,5,469,602,45.348,0.9167841380603072,1.514427218948645,3.0271512507258924,44.89113919684126,65.67704483484991,125.82605022493772,Top,Paid Social,8,31.45651255623443
13415.0,3,255,727,7.698749999999999,0.3664994007469512,0.3504744271525405,0.7012912636666836,8.840676264054483,2.993235006206851,5.7402546967645005,Low,Organic,0,0.861038204514675
13416.0,2,692,735,36.18461538461538,0.9383156837618584,0.6831242614768684,1.366095749111517,35.76519857113782,23.602733438781502,45.2382259121708,Mid,Paid Social,8,11.3095564780427
13417.0,5,664,669,21.681688311688312,0.9767492198138372,1.470633227812129,2.9426049047383023,21.951515276252128,31.18660914354217,59.80596544900033,High,Organic,0,8.97089481735005
13418.0,30,716,727,21.729307282415636,0.9940483027074656,6.884591251882904,13.803337999071823,21.77520928817295,144.82035718623462,278.2524697587919,Top,Paid Social,8,69.56311743969798
13420.0,1,20,170,19.98125,0.5228739522151514,0.8475696044434549,1.6621881418626856,21.41531441990016,17.5396134854285,32.998518663788374,Mid,Paid Social,8,8.249629665947094
13421.0,7,622,662,15.085,0.9745554338759508,1.9493945512771236,3.901738177997733,15.425402133146212,29.04918936197925,55.72298705769485,High,Paid Social,8,13.930746764423713
13425.0,4,471,578,19.121516853932587,0.9316549048927092,1.3422955296636807,2.6810894198245854,19.5537470193188,25.35634044109683,48.54420466057154,High,Paid Search,12,19.417681864228616
13426.0,21,729,729,23.81160349854228,0.994486135564802,4.896729311095185,9.816735866419595,23.861442489182537,112.8736113670843,216.84989283798575,Top,Email,2,43.36997856759715
13427.0,5,702,721,19.356346153846157,0.974113916414553,1.3723794124559168,2.7479162785640034,19.69757409225534,26.114556583844767,50.11240992273903,High,Paid Social,8,12.528102480684758
13428.0,2,504,513,3.4720833333333334,0.945438454248792,0.9421533683018418,1.8769129765864416,5.453242865736188,4.963623131579666,9.479090861386034,Low,Paid Search,12,3.791636344554414
13429.0,3,64,74,15.02686567164179,0.9521511310152644,4.621343772809835,9.01853543169898,15.80129143951402,70.57007987021169,132.1445408135021,Top,Organic,0,19.821681122025314
13430.0,1,67,85,13.866326530612248,0.8805837447164805,2.1355285961751487,4.156366091206284,16.1365083612209,33.30375919221357,62.20365987932033,High,Paid Social,8,15.550914969830082
13431.0,7,592,659,25.707286821705427,0.9648982272821944,1.9378340195395856,3.878436534942328,25.81265308622302,48.322257086687735,92.68943918378211,High,Paid Social,8,23.17235979594553
13432.0,1,40,611,3.955855855855856,0.1341765160309369,0.0803812830248557,0.1602020908269748,7.581135116704225,0.5887198069564981,1.1247568261867456,Low,Organic,0,0.16871352392801184
13433.0,3,195,696,27.430000000000003,0.2243184147596058,0.2229858283938037,0.4460024985743471,27.582416205778955,5.9417000640931406,11.390120018802635,Low,Email,2,2.2780240037605273
13434.0,4,581,655,47.62457142857144,0.9523642076960324,1.2299293402508171,2.4597058113249566,46.97113218143696,55.810138585301885,106.9735498400132,Top,Paid Search,12,42.78941993600529
13435.0,8,494,499,29.44230263157895,0.9846176171126874,2.819582931269755,5.628731724152021,29.462240217300515,80.25315789559103,153.56320781636748,Top,Organic,0,23.03448117245512
13437.0,6,175,189,20.40754491017964,0.9724015062975676,4.649391682982714,9.177127548192912,20.66632781789028,92.84060981811074,175.7462601701084,Top,Email,2,35.14925203402168
13439.0,2,270,525,5.907844311377246,0.7437896116355092,0.7267116640750255,1.4480966627792191,7.710257968072764,5.4131737051907605,10.340156758557304,Low,Paid Search,12,4.136062703422922
13440.0,6,28,451,21.953389830508478,0.000378586359398,0.0009274629001307,0.0018488606524055,22.17241421933309,0.0198668362774036,0.0379635401150598,Low,Paid Search,12,0.015185416046023921
13441.0,1,339,431,18.971052631578942,0.8588821161679184,0.6923744958231051,1.3741255109552526,20.54324529007721,13.742104438451298,26.14963093662029,Mid,Email,2,5.229926187324058
13442.0,2,70,737,11.04921052631579,0.0570919168625033,0.0414641605636313,0.0829212779388014,12.47433018138093,0.499679951770396,0.9577370131725336,Low,Email,2,0.19154740263450673
13443.0,5,228,676,6.275294117647059,0.1251978437250382,0.1867754740926424,0.3737575520907934,7.018183313156265,1.2663196013518423,2.4286227221795587,Low,Paid Social,8,0.6071556805448897
13444.0,1,131,505,10.891034482758622,0.4673693806601094,0.329871761031366,0.6559654697559728,13.568039635949605,4.324084367490992,8.243569426616398,Low,Organic,0,1.2365354139924596
13446.0,10,233,663,20.21817708333333,0.0045003252998591,0.0122298565400563,0.0244867220048932,20.37801347875216,0.2407571715256913,0.4619795330342881,Low,Email,2,0.09239590660685763
13447.0,2,12,35,19.13796610169492,0.8945763845316712,4.419923090405988,8.568916095647639,19.969500543869074,85.30919290357728,158.74141277277303,Top,Paid Search,12,63.49656510910921
13448.0,12,717,733,16.560698924731184,0.9875585573557152,2.8882026749320646,5.788680315038211,16.741890139019535,46.71141538412591,89.71940211898936,High,Paid Search,12,35.88776084759575
13450.0,12,576,602,28.02748299319728,0.9840097738051168,3.4249164615979244,6.852282304674721,28.05929261829465,92.83817019767238,178.01745529984723,Top,Paid Search,12,71.2069821199389
13451.0,10,601,627,6.9010748560460655,0.9825988855732832,2.8048637326075605,5.613049356177944,7.268553800930894,19.69511068647579,37.7738366966185,Mid,Email,2,7.554767339323701
13452.0,2,213,472,243.26666666666665,0.6845521532715506,0.7320661974997896,1.4570018840453465,227.65074127400672,161.0078550857811,307.20100707541303,Top,Paid Search,12,122.88040283016522
13453.0,2,236,401,19.542250000000003,0.8162748599039074,0.9995860481655964,1.98562779563646,20.34411647389307,19.64706051617109,37.41811492301682,Mid,Paid Social,8,9.354528730754206
13455.0,5,706,730,20.180069444444445,0.9731223849174768,1.3558972954022863,2.71522068207509,20.496004483514287,26.846714614771724,51.52289994313339,High,Email,2,10.304579988626678
13456.0,5,189,206,28.0431746031746,0.967334936539039,3.75963968307123,7.425558897118568,28.1176684573898,102.14095394553205,193.46735800162503,Top,Organic,0,29.02010370024375
13457.0,1,48,737,16.468888888888888,0.1087814175862003,0.055242868390462,0.1103295817850561,18.383212185682147,0.9810836068787644,1.8780754782746407,Low,Paid Search,12,0.7512301913098564
13458.0,15,381,387,24.65828865979381,0.9905154989547208,6.141545270040337,12.23506634376603,24.71900784893372,146.66670836682235,280.0942723757158,Top,Organic,0,42.014140856357365
13459.0,1,57,681,15.896027397260276,0.1449885021298607,0.0789750339609866,0.157591562861795,17.88868028713397,1.3648378229030542,2.610563795534953,Low,Paid Search,12,1.0442255182139812
13460.0,1,20,49,10.790588235294118,0.8406123753211352,2.5857860170407783,5.01025341409471,13.481327796898526,33.6931545948391,62.66207659724998,High,Organic,0,9.399311489587497
13461.0,5,558,596,67.09677419354838,0.9680864026285356,1.6132072998624691,3.2242817080329718,65.97210471882477,102.814793393709,196.9571853938576,Top,Paid Search,12,78.78287415754305
13462.0,4,473,725,16.251408450704226,0.8251237097622837,0.9738713377788204,1.949499241127129,16.792959843253794,15.798861056644624,30.31001849098736,Mid,Paid Social,8,7.57750462274684
13464.0,5,559,617,20.514172185430464,0.9618595400801973,1.5550667055261491,3.109134241234949,20.819848406893463,31.277345936589537,59.93579584741247,High,Email,2,11.987159169482496
13465.0,1,139,585,27.385882352941174,0.4149454656841146,0.2581553795792048,0.5142523988516335,27.80748242047725,6.93529697472,13.243654745484598,Low,Paid Search,12,5.2974618981938395
13466.0,4,444,627,18.424545454545456,0.8763046119020175,1.1760181984321172,2.350885280884213,18.88332296866353,21.45342333287056,41.1039663155845,Mid,Paid Search,12,16.441586526233802
13467.0,1,25,35,10.946565656565657,0.886425702514725,3.046315787642867,5.890528463894914,13.615977815095366,40.09208861455115,74.41672159684754,High,Email,2,14.883344319369508
13468.0,71,734,735,18.39355769230769,0.9982022312065456,15.806441934923797,31.69978744263284,18.42043694885617,281.2689772452744,540.556996348514,Top,Email,2,108.1113992697028
13470.0,1,15,114,16.5,0.6384262924078324,1.323667174044357,2.5839093490142777,18.410069352848303,23.54988766986822,44.11089464953114,Mid,Email,2,8.822178929906228
13471.0,3,46,46,9.736846153846152,0.9639931208746796,5.685556866506581,11.05564649104047,10.776563148646868,59.216440010007126,110.50478637687874,Top,Email,2,22.100957275375748
13472.0,1,91,555,21.15142857142857,0.3053595750844345,0.1988133328565643,0.395797048072772,22.4254898969143,4.307378647284072,8.22055393957913,Low,Paid Social,8,2.0551384848947825
13473.0,7,663,723,37.968,0.9695125493765004,1.7933580418514854,3.5923002572493448,37.80207747141341,65.49020809394827,125.72052604660443,Top,Paid Search,12,50.288210418641775
13474.0,2,258,494,5.106076923076923,0.7548710899666006,0.7767795739427126,1.5468010582725908,6.967327475193278,5.228640050599332,9.981136404110028,Low,Paid Search,12,3.9924545616440117
13475.0,3,107,298,16.648604651162792,0.5503332082834332,1.1114620290596096,2.2022489371554004,17.341701206129933,18.62260098419481,35.381129682767885,Mid,Paid Search,12,14.152451873107154
13476.0,4,466,644,19.447830188679248,0.8860722396883196,1.1615112884060863,2.322495461132841,19.86763121579523,22.293193874603748,42.7235835844936,Mid,Organic,0,6.40853753767404
13477.0,10,646,683,17.937784810126583,0.9800524052172344,2.594183326772398,5.195484485004156,18.133177474267367,45.4432347897659,87.22136687152958,High,Paid Social,8,21.805341717882396
13478.0,4,207,676,17.72624,0.1627682556006132,0.2044295978206852,0.4089580866851152,18.211615676452265,3.596603698097108,6.895744925122777,Low,Paid Social,8,1.7239362312806943
13479.0,3,276,476,16.063584905660377,0.7927090367624685,1.095244394169719,2.1819705534165594,16.786019841240226,17.76156190690313,33.92057334966858,Mid,Paid Social,8,8.480143337417145
13480.0,1,262,679,15.31268292682927,0.5984067950690652,0.3267986799565412,0.6520927062684635,17.385098788489874,5.488713406604849,10.498093457256251,Low,Organic,0,1.5747140185884376
13481.0,10,689,735,17.101964285714285,0.9781011263491224,2.4252929882798755,4.860373087114126,17.310389207295383,40.556684716815546,77.88999962376141,High,Paid Search,12,31.155999849504568
13482.0,1,395,627,16.8045,0.7922642875022178,0.4640339649998879,0.9251052925715428,18.672933876487026,8.371055267138406,15.99749303484002,Low,Paid Social,8,3.999373258710005
13484.0,2,398,639,20.2748717948718,0.8226639560651958,0.6778877506788787,1.3536907111127106,21.02297555334777,13.767699897607418,26.35216722236912,Mid,Paid Social,8,6.58804180559228
13485.0,10,503,735,19.108987341772156,0.656278746329502,1.6273043747236418,3.2611756293657117,19.28611841450504,30.318312403917687,58.22698177188805,High,Email,2,11.64539635437761
13486.0,2,76,154,16.2668115942029,0.8220660480391617,2.037966946754265,4.0014941905642685,17.30904282943631,34.08657664819667,64.2025807577441,High,Paid Search,12,25.68103230309764
13487.0,4,677,734,17.283061224489796,0.9598888328280064,1.120529975642135,2.243337180970528,17.78531739491122,19.252248649910133,36.93932301035829,Mid,Organic,0,5.540898451553743
13488.0,22,666,683,21.53022099447514,0.9911056948677066,5.403317993775254,10.826499596400833,21.59411842202476,112.7167182924071,216.43809044599223,Top,Organic,0,32.465713566898835
13489.0,3,189,294,32.10857142857143,0.863581454452054,1.762411386078553,3.4914725091524508,32.02636015322618,54.53431585715904,103.59389393998504,Top,Paid Social,8,25.89847348499626
13491.0,26,681,732,17.039402985074627,0.9741122388374924,5.849107459423755,11.727366725769372,17.12072186542325,96.73880759610702,185.87236910468528,Top,Email,2,37.17447382093706
13492.0,2,78,214,25.3968,0.6907739929938836,1.3705584534373043,2.701641079536307,25.76903619569443,34.125738382848006,64.517582803923,High,Organic,0,9.67763742058845
13493.0,1,11,286,77.32875,0.2621651249865701,0.2930778220919771,0.5785928884006191,70.92146637185883,20.083342200376176,38.02445099924056,Mid,Email,2,7.6048901998481115
13495.0,9,724,732,36.5595918367347,0.9859862469052416,2.2371326171528483,4.482755712109756,36.45426125661312,78.78291236390356,151.28711034021447,Top,Paid Search,12,60.51484413608579
13496.0,1,349,359,18.66657142857143,0.9019113228090406,0.8438598388571902,1.6708740672591555,20.280396993244647,16.53498248148414,31.39446002866424,Mid,Paid Social,8,7.84861500716606
13497.0,5,386,669,19.70641791044776,0.6810767244359553,1.025456730680433,2.051846747530873,20.03689669340349,19.84938602541633,38.06478894053587,Mid,Email,2,7.612957788107174
13499.0,4,252,269,27.597857142857144,0.964267645017192,2.594479781300806,5.13789389203917,27.707227056276174,69.45458102617005,131.88831830254,Top,Paid Social,8,32.972079575635
13500.0,3,378,400,17.250588235294117,0.956171851697011,1.5269269542377062,3.0359876694409165,17.91349568356935,26.42604014848946,50.37328177295594,High,Email,2,10.07465635459119
13501.0,2,282,569,25.30798245614035,0.719865763757265,0.6562896033185512,1.3089339042491492,25.686736438185115,16.286228469523202,31.13602269662926,Mid,Organic,0,4.670403404494389
13502.0,4,531,548,23.651515151515152,0.9682283032458716,1.4608063829430182,2.916204749231372,23.911199578774333,33.74468514577738,64.56993899686915,High,Organic,0,9.685490849530373
13503.0,5,589,660,9.623181818181818,0.958462270658768,1.4604671691825215,2.9218891182829907,10.26327218843559,14.480300865820464,27.765220405023044,Mid,Paid Social,8,6.941305101255761
13505.0,3,159,232,20.435488372093022,0.8927766421295582,2.1763278950816107,4.299199635341469,20.938675036334523,44.0297620837505,83.41252701618242,High,Paid Search,12,33.365010806472974
13506.0,4,144,460,16.726530612244897,0.2366072168438733,0.4143393788321172,0.8256027474943985,17.249984800628344,6.905043935184915,13.1892927356823,Low,Organic,0,1.9783939103523451
13507.0,3,142,145,15.303456790123455,0.9618900579496562,3.227568774986325,6.340953940552558,16.06401168343035,50.10017115964485,94.41695774357125,High,Organic,0,14.162543661535686
13508.0,1,399,642,10.251785714285717,0.7873585155293856,0.4517134803444277,0.90078396363893,13.016197852661367,5.680200057478521,10.857897063607904,Low,Paid Search,12,4.343158825443162
13509.0,7,498,507,22.74938775510204,0.9816544217076316,2.475721782369104,4.942312233062273,22.9202024854824,54.819078191614665,104.89609884154068,Top,Organic,0,15.7344148262311
13510.0,10,717,718,15.772629757785468,0.9884093050421444,2.5025899678684,5.014259785067425,16.001781892071048,38.68570111835392,74.28241409098966,High,Organic,0,11.14236211364845
13512.0,3,322,582,18.292051282051283,0.7524913305033937,0.8752178541436303,1.7474065111134098,18.902729998741417,15.982743052056488,30.586253308259565,Mid,Paid Social,8,7.646563327064891
13513.0,2,528,654,20.61475,0.9065644232106312,0.731943205676798,1.4619893415136154,21.337912137373944,15.088200464758655,28.886321266262325,Mid,Paid Social,8,7.221580316565581
13514.0,3,608,681,38.85238095238096,0.94522904182596,0.9579290280667184,1.915583337018996,38.43197177498166,35.56544580225815,68.16449512081961,High,Paid Social,8,17.041123780204902
13515.0,5,571,644,16.655526315789473,0.95706585285624,1.4902242983063223,2.980725166244396,17.079684487053974,24.58853396574859,47.13675883492165,High,Paid Search,12,18.85470353396866
13516.0,3,396,417,27.6272131147541,0.9568531598453376,1.4765430835632165,2.937215315679948,27.769739204059285,39.61399834553142,75.5465345459685,High,Paid Search,12,30.2186138183874
13517.0,2,120,179,15.09517730496454,0.8839317483817466,1.984852901327195,3.904095785144092,16.223387747076796,31.115067907422578,58.70458808107738,High,Organic,0,8.805688212161607
13519.0,1,364,442,18.063684210526315,0.8690210168137195,0.6860474822558777,1.361998759969869,19.759944903329043,13.097282679496953,24.930100523019902,Mid,Paid Search,12,9.972040209207961
13520.0,10,663,722,33.704390243902445,0.9731617546809266,2.45180585814752,4.91274534533317,33.6539472830838,79.71026820812617,153.06284002260762,Top,Paid Search,12,61.22513600904305
13521.0,2,8,9,2.508371559633028,0.9460727599323352,5.990884301403202,11.563007011528825,4.560252113709311,26.407950728530214,48.93018135458468,High,Paid Social,8,12.23254533864617
13523.0,5,369,401,22.084502164502165,0.9658282696652252,2.2520869744224856,4.482416783541635,22.341960497089687,48.61097266112896,92.75248056209446,High,Paid Social,8,23.188120140523615
13524.0,4,179,219,25.19185185185185,0.9421225571544322,2.9499507263319047,5.827642677648136,25.39286549924218,72.37678766397795,137.11913433443925,Top,Organic,0,20.567870150165888
13525.0,1,233,247,104.79666666666668,0.8974932005476247,1.1200340554915544,2.2069491964666934,94.63358732401431,102.41515405018188,193.5534475128667,Top,Paid Search,12,77.42137900514669
13526.0,1,0,737,26.863636363636363,0.0379457166489705,0.0192701131988811,0.0384857555758332,27.356645168586148,0.5092786872726356,0.9749055100589707,Low,Paid Search,12,0.38996220402358833
13527.0,11,653,687,10.248884026258205,0.9818857060469066,2.813923874339214,5.636275697631088,10.535908445933932,28.640352737791368,54.97733704888653,High,Email,2,10.995467409777307
13529.0,1,125,204,20.517333333333333,0.8178758618333485,1.1710631992800815,2.301832922545856,21.878096981631924,24.756777083949103,46.67801126604554,High,Paid Social,8,11.669502816511384
13531.0,5,531,735,19.31688888888889,0.8751727928510404,1.2120107347498057,2.427234117984272,19.65932838540522,23.018126557789493,44.17785348351685,Mid,Paid Search,12,17.67114139340674
13533.0,2,84,267,3.563026315789474,0.5920104244326103,0.998793217248574,1.974198502882239,5.537512088662929,5.3439077766831335,10.129421753773215,Low,Paid Social,8,2.532355438443304
13534.0,34,517,519,19.696173469387755,0.99614904211888,10.452337628912025,20.89388111558857,19.746127857442403,199.3883739626368,382.0106848880964,Top,Paid Search,12,152.80427395523859
13536.0,6,74,74,19.26418994413408,0.9812630783688407,8.090127556583848,15.816590554793802,19.552379488573365,152.86262862105298,286.7373923948136,Top,Paid Search,12,114.69495695792544
13537.0,1,26,451,17.09166666666667,0.1760660040551262,0.1366805817599829,0.2714179746832175,18.920835121276028,2.4985437767917387,4.757006079160443,Low,Paid Social,8,1.1892515197901108
13538.0,11,632,675,21.616180555555555,0.9787107505162328,2.8489852850543493,5.7056081112525545,21.7418482172822,59.838609516160986,114.84766714596472,Top,Paid Social,8,28.71191678649118
13539.0,6,504,590,18.248372093023256,0.9500675778312908,1.849800680519066,3.697683026009064,18.56268807012537,33.171886702862764,63.554329180134815,High,Organic,0,9.533149377020221
13540.0,2,188,655,19.7621875,0.3809109177584972,0.3071270590693624,0.6134678329817439,20.54791408110689,6.096686699825755,11.672266973364952,Low,Paid Social,8,2.918066743341238
13541.0,1,143,569,78.525,0.4394145585883453,0.2800157279764699,0.5576181288009099,71.95414842901093,19.465351554185464,37.159628387795166,Mid,Paid Social,8,9.289907096948792
13542.0,16,352,728,11.887744807121662,0.0025169183363611,0.0096292609645311,0.0193016144812811,12.06988851873639,0.1122758972948155,0.215673170877897,Low,Email,2,0.0431346341755794
13543.0,1,52,686,30.630000000000003,0.13255543742184,0.0717377552743082,0.1431613897848518,30.608019168989827,2.1212678302147547,4.057719140499996,Low,Paid Search,12,1.6230876561999985
13544.0,5,605,644,3.213178294573644,0.9685739190454368,1.508143232317475,3.016566359828489,4.050091524807117,5.900768529625792,11.311902674194188,Low,Email,2,2.262380534838838
13545.0,1,153,544,6.572631578947369,0.488125366698097,0.3233229737300868,0.6435177588720709,9.84010885699918,3.073713520539025,5.864803472853672,Low,Paid Search,12,2.345921389141469
13546.0,4,411,423,7.138169934640524,0.9687633396400814,1.819436495168832,3.622007517802418,8.026840765915063,14.109389961694786,26.926552539716536,Mid,Organic,0,4.03898288095748
13548.0,2,375,470,4.860909090909091,0.906123605348072,0.9724867306325417,1.9354063324182968,6.740151038425541,6.3325879369425575,12.081936967740148,Low,Paid Search,12,4.83277478709606
13549.0,7,361,387,17.047457627118646,0.974137510456439,3.0788477390163327,6.128710211671094,17.344437101775334,51.59120587282402,98.45049448077206,High,Paid Social,8,24.612623620193016
13551.0,1,346,665,48.84,0.7230582418523068,0.4021915756595967,0.8023460974898439,46.32809462206393,18.000797105335547,34.42202345393464,Mid,Paid Search,12,13.768809381573858
13552.0,21,592,657,33.5525,0.957890331914258,5.173053493639469,10.36139871017832,33.529418792008286,167.55876237129658,321.6358196047199,Top,Organic,0,48.24537294070799
13554.0,6,66,446,8.232562814070352,0.0038832834623077,0.0096025200663537,0.0191399597291219,8.804481437556465,0.0816787055040174,0.1560621476045864,Low,Paid Social,8,0.0390155369011466
13555.0,12,615,688,22.111031941031943,0.9645332009408792,2.9846190940990507,5.978626610910773,22.21991713110604,64.06561524490004,122.98758893402768,Top,Paid Social,8,30.74689723350692
13556.0,1,6,435,22.313333333333333,0.1218937918918279,0.0975132928934344,0.1935528318987699,23.428522874752247,2.2072482788728816,4.200600886030876,Low,Paid Search,12,1.6802403544123505
13557.0,12,702,730,16.84588888888889,0.9847735506751456,2.890630518742088,5.793342481761993,17.023364839175333,47.536701169575366,91.30149566141156,High,Email,2,18.260299132282313
13558.0,3,62,67,3.457485714285714,0.9582880130506688,4.866193275632932,9.488461699822114,4.812108775072239,22.63034466391648,42.34227036338528,Mid,Paid Search,12,16.936908145354113
13559.0,1,30,543,495.0,0.1382721547175863,0.0917329924420427,0.1825744618912486,431.4828922136918,38.23985031409139,72.96208357256101,High,Organic,0,10.944312535884151
13561.0,10,433,648,7.814248927038626,0.6162533982333281,1.7088676828885068,3.420796891841346,8.167489504674263,13.483235250932053,25.86734223609547,Mid,Paid Search,12,10.346936894438189
13562.0,7,612,693,24.684591836734697,0.9601847965984244,1.8443658733359876,3.693069275975425,24.812586938918727,44.20941363047797,84.83748962723027,High,Paid Search,12,33.93499585089211
13563.0,1,55,139,15.867959183673468,0.7546057478417216,1.3910519239879522,2.721480931537955,17.864449950208236,24.014343711891456,45.07636292638408,Mid,Paid Search,12,18.030545170553633
13564.0,36,593,737,13.571636506687646,0.17723069454546,1.4448181282774233,2.897278655352814,13.645656266340088,19.045654868370956,36.59929882561578,Mid,Paid Social,8,9.149824706403946
13565.0,2,391,410,6.913333333333333,0.941079932607508,1.1316007258241227,2.2484634415443474,8.641960186905012,9.448057153331884,17.99849433025573,Low,Paid Social,8,4.499623582563933
13566.0,4,598,639,4.56716577540107,0.9626511981685468,1.2705733997278972,2.5403765600841908,5.553765078441344,6.81695503761712,13.06334484229724,Low,Paid Search,12,5.225337936918897
13567.0,3,113,541,5.338374384236453,0.1388583629520465,0.1720290022424383,0.3431980754494961,6.598672034447736,1.0966624421991995,2.0971530939619547,Low,Email,2,0.41943061879239096
13569.0,3,411,427,4.176542056074767,0.9588103479365252,1.4508187273136486,2.886824500671184,5.4951048833399945,7.702263265651668,14.69251054399575,Low,Paid Social,8,3.6731276359989375
13571.0,25,718,730,6.7256508875739645,0.9931308233476284,5.759138934281573,11.546559668096185,6.875135031303778,38.2496994981134,73.48980503682621,High,Paid Social,8,18.372451259206553
13573.0,5,586,636,10.29741573033708,0.9651043188865164,1.5193508196444525,3.038618594477346,10.916803358946956,16.023424096822943,30.71375364747892,Mid,Paid Social,8,7.67843841186973
13575.0,4,152,175,15.914565217391305,0.954942676367137,3.4942473221219013,6.88487602955114,16.468946827637886,55.60443831604545,105.08129805836067,Top,Paid Social,8,26.27032451459017
13576.0,27,721,730,41.40408602150538,0.994101370797529,6.202728997892456,12.436245538093424,41.34031255260223,247.71121620431316,475.9436965355558,Top,Paid Social,8,118.98592413388894
13577.0,10,699,724,20.76952380952381,0.9837099169275096,2.472271557030106,4.953872266233426,20.920763511914977,49.96498521920494,95.94695113508092,High,Paid Search,12,38.37878045403237
13579.0,4,644,658,17.100444444444445,0.9695696776557576,1.247114373084774,2.4941841469394843,17.609656411543348,21.2157723994785,40.66683752819989,Mid,Paid Search,12,16.26673501127996
13581.0,1,104,413,8.500909090909092,0.4866866859760674,0.4063925914206882,0.8061158091323417,11.504725440332749,4.517189593767215,8.591288678333914,Low,Organic,0,1.288693301750087
13582.0,1,227,617,21.97090909090909,0.5852234714032117,0.3476158697583523,0.6928854149739339,23.132919638735174,7.768710085408487,14.843798538550278,Low,Organic,0,2.2265697807825418
13583.0,1,523,678,15.05240625,0.8501610276763691,0.4648896013048288,0.9276236516439986,17.160410760020266,7.707094708351601,14.740895405069262,Low,Paid Social,8,3.6852238512673154
13584.0,2,369,675,4.728313253012048,0.7614545647134797,0.5978882161578284,1.194616580079827,6.617285613066384,3.8221374113779065,7.319739616132459,Low,Paid Search,12,2.9278958464529836
13585.0,2,207,737,17.552307692307693,0.3522722810379378,0.2558448765742362,0.5116462948061817,18.500204086049955,4.572514128236509,8.764141943959215,Low,Email,2,1.7528283887918432
13587.0,3,599,662,55.78333333333333,0.947895710864136,0.9849513695086266,1.969070903145892,54.51384730185047,51.87108469427184,99.38945425199351,High,Paid Social,8,24.84736356299838
13588.0,8,239,254,14.246839080459768,0.9782829402940592,4.817572968219837,9.546060133653548,14.561789546340773,67.77931616885732,128.7806891966761,Top,Paid Search,12,51.51227567867044
13589.0,5,719,733,21.552692307692308,0.9751572724395716,1.3537674057660714,2.711056334285647,21.82648016905422,28.544518007652883,54.78317366643907,High,Paid Search,12,21.913269466575628
13590.0,17,726,737,15.48680487804878,0.9913006072111964,3.9676191207950575,7.95406716439985,15.625109758306392,59.88839804431635,115.05562485485623,Top,Email,2,23.01112497097125
13591.0,6,660,724,20.732079207920798,0.9660232063336616,1.570327605340027,3.145067817380484,20.982515222074245,31.830412202954925,61.09555637802693,High,Email,2,12.219111275605385
13592.0,3,228,263,15.4975,0.9435621458574076,2.096226253095262,4.147220874433982,16.24832374561413,32.908643970006715,62.4337895676644,High,Paid Search,12,24.97351582706576
13593.0,13,538,646,13.472414634146345,0.916874650393459,3.2248221017241603,6.456503971757996,13.67701041266776,42.60819968804454,81.75605689546035,High,Paid Search,12,32.70242275818414
13594.0,1,432,485,16.161212121212124,0.8850757250310025,0.6464302994317354,1.2848236778193118,18.117605266240265,11.315068861033325,21.56129626982242,Mid,Paid Search,12,8.624518507928968
13595.0,2,129,645,5.383026315789474,0.2176372431425563,0.1778705844538115,0.3552288782962594,7.223953214569869,1.2413320208250176,2.376201301619781,Low,Email,2,0.4752402603239563
13596.0,1,7,12,4.199036144578313,0.8945505202930675,3.812390446842158,7.343508271103253,7.791064413102763,28.71216414157522,53.09724779237192,High,Paid Search,12,21.23889911694877
13597.0,1,2,402,23.33588235294118,0.1263033331415048,0.1078270905266063,0.2138113714252879,24.311254766169174,2.53269887616061,4.815396090994669,Low,Paid Search,12,1.9261584363978679
13598.0,4,604,651,7.975656565656566,0.9611313350087004,1.247969567324032,2.495635606278673,8.832427881870073,10.648448006483164,20.40915897857388,Mid,Email,2,4.081831795714776
13599.0,32,737,738,24.79909756097561,0.9962153716606552,7.2422200234124,14.522455836582752,24.82702502493889,173.69399212857448,333.7746663244766,Top,Paid Search,12,133.50986652979063
13600.0,1,321,633,12.644390243902436,0.7151188770421538,0.4153745072029153,0.8281865271629981,15.08165220383884,6.052099475883882,11.56704302464838,Low,Email,2,2.313408604929676
13601.0,3,501,545,6.077641025641026,0.9511661010138164,1.1709373175993212,2.336204930301384,7.300864908229,8.258901591791002,15.794717488028676,Low,Paid Search,12,6.31788699521147
13602.0,3,495,560,17.67534482758621,0.9437839395984846,1.1349628145265414,2.265082096877291,18.31695099386502,20.0838790532347,38.41987256024598,Mid,Paid Search,12,15.367949024098392
13605.0,1,184,570,9.861698113207549,0.5379089311890363,0.3422616390111891,0.6815875190842587,12.6794484555028,4.192590669444671,8.00387086454063,Low,Paid Search,12,3.2015483458162524
13606.0,2,282,311,6.524186046511629,0.9336708696795206,1.4012913988524376,2.7750001802801307,8.281370083316427,11.212116873588716,21.29088468809483,Mid,Email,2,4.258176937618966
13607.0,1,362,402,8.838606557377048,0.8878645685860356,0.7579835846852467,1.503012916029843,11.796248210963624,8.638771739550544,16.424813884186722,Low,Organic,0,2.463722082628008
13610.0,13,691,702,5.23048076923077,0.98918077407489,3.2322207944209427,6.476097623749007,5.534287104268962,17.280456016186392,33.18074959832908,Mid,Organic,0,4.977112439749361
13611.0,9,647,736,14.495764192139738,0.9592286928834074,2.165848833224713,4.340123196777355,14.772020301719548,30.907209688643817,59.35389282740313,High,Paid Social,8,14.838473206850782
13613.0,4,207,660,17.62457627118644,0.1789949450568362,0.2296177098113389,0.4592406878296186,18.113824276495485,4.018065941273727,7.702127639382093,Low,Email,2,1.5404255278764187
13614.0,5,527,550,8.70549815498155,0.971906991982956,1.7364158675659336,3.4677405784477737,9.373766532077672,15.72451400125086,30.099632257312454,Mid,Paid Search,12,12.039852902924983
13615.0,7,361,679,17.091362397820163,0.3918377599575933,0.7664061455730886,1.5343295271937232,17.387370405965733,12.873287384425682,24.699373771999667,Mid,Paid Search,12,9.879749508799868
13616.0,1,122,690,7.786486486486487,0.2933841775872818,0.1579629088993554,0.3152542696695761,10.88798863380309,1.6615558382457547,3.178540507486791,Low,Organic,0,0.4767810761230187
13617.0,7,454,494,11.950934579439252,0.9708019665690436,2.503124940414859,4.995684259274573,12.360683153782594,29.890823398587436,57.181483414684095,High,Paid Search,12,22.87259336587364
13619.0,1,129,673,4.728367346938775,0.3217139539766088,0.1770736554441829,0.3532973493441018,8.248018089147402,1.4109680446360051,2.6984637248330614,Low,Paid Search,12,1.0793854899332247
13623.0,9,706,736,8.789349315068492,0.9814351948998324,2.215989041539064,4.440598667575729,9.164296005361653,19.6181692994912,37.67453386449473,Mid,Paid Search,12,15.069813545797892
13626.0,1,126,378,16.069090909090907,0.5957269854115965,0.5347081294388674,1.0594446727926514,18.038080147878148,9.318801746951586,17.704497280401466,Low,Paid Search,12,7.081798912160586
13627.0,6,581,639,17.410077519379847,0.9657334006934432,1.7534872081553503,3.5078529104105405,17.74595410078317,30.060923555272428,57.63606652426501,High,Paid Search,12,23.054426609706006
13629.0,18,642,665,153.6880459770115,0.9882630195502397,4.57071505636808,9.15525690132641,152.61323728320156,673.8610025008428,1293.545760646274,Top,Paid Social,8,323.3864401615685
13630.0,6,280,285,28.61661971830986,0.9792930385315018,3.4705396724907773,6.882895626940845,28.664268474396582,96.1139991189825,182.76813920743723,Top,Paid Social,8,45.69203480185931
13631.0,10,167,266,279.1290909090909,0.6462079219609989,3.733882803293492,7.404818512810424,275.25194378408634,992.9794313215152,1888.1411324797327,Top,Organic,0,283.2211698719599
13632.0,7,586,611,16.507466063348417,0.9781356562959752,2.099425096307652,4.198858683840028,16.816393754841382,34.10632487741125,65.3769259214643,High,Organic,0,9.806538888219645
13634.0,15,664,697,11.274377777777778,0.9844722191876184,3.689336470552016,7.392156331440629,11.474946648019545,40.89698724836893,78.52939847614762,High,Paid Search,12,31.41175939045905
13635.0,3,671,738,18.51333333333333,0.9486014711313994,0.8950532128245198,1.79123633418075,19.11291489117852,16.526239555696698,31.69736515662707,Mid,Paid Search,12,12.67894606265083
13636.0,4,248,284,15.065396825396826,0.9527411611220208,2.45971512830784,4.8741437076093534,15.652122904088134,37.19732222832161,70.67770965053306,High,Paid Social,8,17.669427412633265
13637.0,2,174,225,8.024752475247524,0.9077762908097984,1.7375932765719948,3.4272455105339747,9.671818950116164,16.23822513943643,30.717734125137437,Mid,Paid Social,8,7.679433531284359
13639.0,1,362,436,22.81813559322034,0.8708933442803781,0.6953762811042455,1.3802828330470078,23.86430154659772,16.03285594615985,30.51286725596737,Mid,Paid Search,12,12.20514690238695
13641.0,4,93,733,23.10159090909091,0.0084668009366293,0.009895788443983,0.0198114385374818,23.382221720452197,0.2235283456791402,0.4288791047618729,Low,Email,2,0.08577582095237458
13642.0,3,217,432,4.515087719298246,0.7126133986248602,1.0679142097393042,2.125206448048384,5.816672689664131,6.001218829542226,11.449112183809492,Low,Paid Social,8,2.862278045952373
13643.0,9,700,731,21.144803921568627,0.9811461986035332,2.2288710171044754,4.466147998676077,21.30606706161863,45.87544461109442,88.09378697210582,High,Paid Social,8,22.023446743026454
13644.0,3,89,105,17.974383561643837,0.9472904985660036,3.8465824065004535,7.531166964073476,18.600993119235213,69.14261305079164,129.876812020469,Top,Paid Social,8,32.46920300511725
13646.0,1,0,399,5.625,0.1214132084860818,0.1042892062203423,0.2067763616304511,9.022050651465497,0.9090619554232968,1.728234056476317,Low,Paid Search,12,0.6912936225905268
13647.0,7,593,602,21.940571428571428,0.9819797530293944,2.135192439497233,4.269785831980566,22.129282573448776,45.64642515778434,87.4858225553667,High,Organic,0,13.122873383305004
13648.0,7,337,737,16.641698113207546,0.1786846317650576,0.3249107701249314,0.6509437498973183,16.94765569600678,5.319448143369087,10.21330580408965,Low,Email,2,2.04266116081793
13649.0,5,270,526,13.324444444444444,0.5696172918854577,1.0574921757815348,2.1109176946995345,13.85088540827372,14.150327786165386,27.07458071452831,Mid,Paid Search,12,10.829832285811325
13650.0,9,666,682,19.11627906976744,0.9842668723361946,2.378367423542898,4.762778739583639,19.31262488430368,44.37265581877186,85.1583838468272,High,Organic,0,12.77375757702408
13651.0,2,346,381,16.20357142857143,0.9332934202616586,1.1916060316490948,2.365612798156961,17.250443479914292,19.859810391786976,37.80121115740696,Mid,Paid Social,8,9.45030278935174
13652.0,4,606,651,16.1688679245283,0.9617116903928556,1.2487231228801532,2.4971425341128173,16.713563251154405,20.16217698761316,38.64347886601022,Mid,Organic,0,5.796521829901533
13654.0,10,694,737,19.173252279635257,0.9790621502281084,2.4217858809669512,4.853458555193654,19.349381322398603,45.26829227230628,86.94067896077038,High,Email,2,17.388135792154078
13655.0,5,477,591,19.163949579831936,0.930542549537124,1.5620688374247484,3.121812030646156,19.51108516615556,29.44334315932734,56.39868239301606,High,Paid Social,8,14.099670598254015
13656.0,3,430,595,12.400574712643676,0.8875300163714709,1.0126408718419992,2.022240275408711,13.306707357672028,13.017735881954376,24.917526296406788,Mid,Paid Search,12,9.967010518562716
13657.0,1,190,201,23.88375,0.8983078288839119,1.299599497612678,2.554003022140228,24.78421032630442,31.12362282239105,58.671949218904906,High,Paid Search,12,23.468779687561963
13658.0,8,662,671,25.424050632911392,0.9841312834475108,2.1788636254384848,4.362152382144587,25.52200071830731,53.72064604278397,103.07378635764816,High,Paid Social,8,25.76844658941204
13659.0,11,455,660,17.799563636363636,0.6305256188072503,1.872281832490888,3.7488258084136543,17.979407498282402,32.519394867631505,62.40220588336204,High,Email,2,12.480441176672409
13662.0,10,572,657,16.424160583941607,0.9554372348219692,2.6173813819002967,5.240110897447547,16.643153937473702,42.082262898970725,80.74369206421183,High,Paid Search,12,32.29747682568473
13663.0,4,467,646,20.681919191919192,0.8855701340250252,1.1576902286783153,2.3149251123812005,21.054714285701355,23.547474240688317,45.12863342582296,Mid,Paid Search,12,18.051453370329185
13665.0,2,117,503,16.147735849056605,0.3210647917533681,0.3253569791288321,0.6480163344538736,17.198705338385363,5.406042662798551,10.321800328877815,Low,Organic,0,1.5482700493316723
13666.0,4,675,735,6.731578947368422,0.9590823160086548,1.1182284912710694,2.2387576567341982,7.635736659080003,8.248553481601402,15.82670254208094,Low,Organic,0,2.374005381312141
13668.0,34,725,727,16.99992207792208,0.9962652020044866,7.781012188193755,15.601181455629067,17.062378898875853,128.2521389682493,246.42721080585693,Top,Paid Social,8,61.60680270146423
13669.0,2,356,406,29.539285714285715,0.9268351482402488,1.1234920410460858,2.23209099357847,29.60752975176774,32.137336638409934,61.214640777230194,High,Paid Search,12,24.48585631089208
13672.0,2,429,730,23.32888888888889,0.7935080036483523,0.5812252681074722,1.1622418759283064,23.852876666849543,13.39329857197248,25.66864330394148,Mid,Paid Search,12,10.267457321576593
13673.0,1,13,31,6.106461538461539,0.8638621158293996,3.0718930043889725,5.93628973134701,9.437680070046962,28.022832783709404,51.983386225278274,High,Paid Search,12,20.793354490111312
13675.0,1,133,284,19.472800000000003,0.7325330794491776,0.8233059427208534,1.625218019088429,20.976386777719185,16.686599499164203,31.590530483990715,Mid,Organic,0,4.738579572598607
13676.0,1,80,618,18.76153846153846,0.2311161580417306,0.1370864315903174,0.2732526177363101,20.36237881223401,2.6967566263693827,5.1528265491822856,Low,Paid Search,12,2.061130619672914
13677.0,1,115,519,5.19803738317757,0.4077837853472353,0.2811971535264957,0.5593586301669152,8.65346830373949,2.3508839269259623,4.483207316342988,Low,Paid Social,8,1.120801829085747
13679.0,2,241,734,5.6252,0.4453089705188318,0.3245931711714588,0.6491049970084471,7.448355225924283,2.3356178225480995,4.476509248253984,Low,Paid Search,12,1.7906036993015935
13680.0,11,733,734,17.539371165644173,0.989429041576874,2.673259160084059,5.357621238935123,17.72290841353293,45.76855157731893,87.90440624175714,High,Paid Social,8,21.976101560439286
13681.0,3,137,154,14.523333333333332,0.9505543946889958,3.069774797743075,6.035036316525827,15.323010938439555,45.45226995773699,85.71311459816792,High,Email,2,17.142622919633585
13684.0,3,335,620,5.476880733944954,0.7325974315015998,0.8063674213417483,1.610992661260123,6.730232375861192,5.24288335446491,10.039537169868318,Low,Organic,0,1.5059305754802477
13685.0,6,57,59,79.98564102564103,0.9791604541079542,8.920151843276463,17.40763640493438,78.7120989061455,678.5381709476334,1270.5794489686923,Top,Paid Search,12,508.2317795874769
13686.0,2,218,400,12.030588235294118,0.7859653548855043,0.96444143634735,1.9157576040517703,13.383690471748723,12.470689945382269,23.74993769243469,Mid,Paid Search,12,9.499975076973875
13689.0,1,381,444,139.94444444444446,0.8777955180317025,0.6903765180112695,1.370670467408044,124.97547192997524,83.3588600280851,158.6784342821611,Top,Paid Search,12,63.47137371286445
13692.0,4,395,419,32.44166666666667,0.964409347426626,1.8255668669289355,3.633825540733979,32.36653790376644,57.084904303922,108.93061413570364,Top,Organic,0,16.339592120355544
13693.0,8,358,732,18.979433962264157,0.1749873941041847,0.3585815128088633,0.7184500948045461,19.20250329256729,6.651785758959123,12.772203594909008,Low,Organic,0,1.9158305392363513
13694.0,142,731,734,128.8411868852459,0.998599692691472,31.373850066583103,62.92369011207945,128.7315818994685,3901.5792535818096,7498.648172636238,Top,Paid Social,8,1874.6620431590595
13695.0,15,546,577,28.86177083333333,0.9831768768780564,4.350439998177571,8.701860237169006,28.87856746152158,121.36961662194412,232.67249658967856,Top,Email,2,46.53449931793571
13696.0,2,244,665,84.18333333333334,0.5270651439824875,0.4193352244804536,0.8377282892158975,80.24157875769035,32.50633743959949,62.243506043608086,High,Email,2,12.448701208721618
13698.0,1,85,681,11.63825,0.2088900064363527,0.1137820938217971,0.2270476768635809,14.21308545202551,1.5623387849964463,2.9883294557272078,Low,Paid Search,12,1.195331782290883
13699.0,1,395,549,20.652702702702705,0.8338335765236605,0.547989899929193,1.0907964307176494,21.994956767492525,11.644530547685012,22.22065731085896,Mid,Organic,0,3.3330985966288442
13700.0,12,644,670,10.754979423868312,0.984751043529014,3.11962529719081,6.24759250010572,11.011803666585353,33.18606365397817,63.69348655954848,High,Paid Social,8,15.92337163988712
13703.0,1,96,414,11.501621621621622,0.4592019341964461,0.3826804713144073,0.7591039475305206,14.095138806383597,5.211368164778939,9.911842606536368,Low,Paid Social,8,2.477960651634092
13704.0,8,83,87,17.224328358208954,0.982193049312436,9.53389008334323,18.67621954183228,17.481472250139937,161.05701216244762,302.6814036404338,Top,Paid Social,8,75.67035091010845
13705.0,6,616,623,24.23011904761905,0.9798584787477692,1.8191954096863008,3.6384223262974977,24.390586863021294,42.86503861406013,82.1666471003919,High,Paid Search,12,32.86665884015676
13706.0,1,324,626,16.609736842105264,0.7233370888080511,0.424254434102524,0.8457848578720485,18.504801447185304,7.584532166273357,14.494159398620784,Low,Paid Search,12,5.797663759448314
13707.0,4,269,536,21.715225806451613,0.6254967667599161,0.961867492701288,1.9197316574520047,22.04866268400416,20.48849679416384,39.19584616560491,Mid,Email,2,7.839169233120983
13709.0,17,693,697,18.60723039215686,0.9925362047002124,4.175246844232879,8.36631870200364,18.71673021065069,75.49256384899762,144.96827832781744,Top,Paid Search,12,57.98731133112698
13710.0,2,580,611,33.968,0.9399006645423496,0.8054717855553543,1.6077047769620971,33.71124728271288,26.23234356962561,50.18763357928503,High,Email,2,10.037526715857005
13711.0,8,505,723,19.48108695652174,0.7808796535714395,1.6179356810670045,3.241326173129016,19.69441692650996,30.782042902631247,59.09901210547119,High,Paid Search,12,23.639604842188476
13712.0,1,364,610,23.224848484848486,0.7750459924215217,0.4649708702510933,0.926682225756545,24.21540299328264,10.87769870020322,20.78161357192383,Mid,Paid Social,8,5.195403392980958
13713.0,2,174,582,9.064146341463417,0.4216170361214373,0.3769327481259554,0.7519566879319863,10.634937940227092,3.872697476487781,7.405554716801696,Low,Paid Search,12,2.9622218867206787
13715.0,16,357,637,15.886310861423222,0.0240729570647372,0.1036751153228616,0.2075710705247396,16.029258937395095,1.6054035412328542,3.0804315289422264,Low,Paid Social,8,0.7701078822355566
13717.0,7,453,485,14.22016129032258,0.9739341304053608,2.55070814983226,5.089681676793028,14.579699426926858,35.927189575223146,68.71670418873948,High,Email,2,13.743340837747898
13718.0,1,49,295,25.54583333333333,0.4366194974051692,0.4766471646783399,0.941375044012916,26.219030502542584,12.074979516607916,22.870761783233583,Mid,Paid Search,12,9.148304713293433
13719.0,10,556,570,11.216135458167331,0.9854030233283384,3.0568790085067503,6.111868579142465,11.516333235630553,34.00915193551815,65.17140098689435,High,Paid Social,8,16.29285024672359
13720.0,3,138,254,18.60232558139535,0.8049513297539299,1.8355145893433156,3.629899885140919,19.197444232705674,34.046082771446166,64.56591177740545,High,Paid Social,8,16.14147794435136
13721.0,1,358,394,17.655714285714286,0.8896409372575813,0.7720738686961083,1.5305608673757798,19.407758302525632,14.477182224775794,27.51862407502725,Mid,Email,2,5.503724815005451
13722.0,9,514,645,29.816984126984128,0.9078288478249432,2.304503014798495,4.612519526010517,29.82826474403844,66.4053449449213,127.38133457411278,Top,Organic,0,19.107200186116916
13723.0,5,394,610,20.494915254237288,0.8004688705171735,1.307125417751868,2.613119549241075,20.801182770893483,26.26692175885937,50.32914936688319,High,Email,2,10.06582987337664
13725.0,7,258,308,19.043846153846157,0.9502743798351968,3.6048475011542687,7.157405024620518,19.29665219208793,67.20644154752499,127.9367495618748,Top,Paid Search,12,51.17469982474992
13726.0,1,61,100,25.70619047619048,0.8444809166497559,1.8826147974462009,3.669973558299481,26.3574613858569,47.95462133952751,89.70495135605748,High,Paid Search,12,35.881980542422994
13727.0,7,701,729,12.857738095238094,0.9784286512378632,1.7965526869736892,3.598963444073817,13.247422124574443,22.991359917609657,44.139224033776,Mid,Paid Search,12,17.6556896135104
13728.0,15,693,729,17.409573170731708,0.9839332867855516,3.5427253125595533,7.101140267784726,17.546034835929607,60.04915509014285,115.34717000893242,Top,Paid Social,8,28.836792502233106
13729.0,2,248,683,18.582820512820515,0.5174159814429959,0.4020617671519857,0.8034404607505274,19.455093757086868,7.5566950360953,14.473412923612766,Low,Paid Search,12,5.789365169445107
13730.0,1,25,161,17.50232558139535,0.5733266140523028,0.9630666292859108,1.8874424270394836,19.275343035884067,17.938387503566577,33.727434693364785,Mid,Paid Social,8,8.431858673341196
13731.0,1,27,246,16.068157894736842,0.407929272514709,0.510602558500298,1.0060538735813749,18.037274708227148,8.899015110948282,16.817321912059544,Low,Paid Social,8,4.204330478014886
13733.0,1,324,734,16.794137931034484,0.6518299952102081,0.3322256750911762,0.6634833075533748,18.663988653752927,5.990268395870688,11.466617413528065,Low,Paid Search,12,4.586646965411226
13734.0,3,94,602,239.3442857142857,0.0636050339455403,0.0718352450745855,0.1434720326313577,228.86933075977015,15.883051164407432,30.405568758252624,Mid,Email,2,6.081113751650525
13735.0,12,701,725,14.959176829268293,0.9857285394000264,2.911246086063425,5.834314856953438,15.16123160166642,42.63877771434748,81.88969385791185,High,Paid Search,12,32.75587754316474
13736.0,6,728,733,4.966265709156194,0.9804094651148484,1.576237393236423,3.157253351289983,5.622192200071493,8.560935084864873,16.43365455822268,Low,Paid Search,12,6.5734618232890725
13739.0,1,509,527,48.7,0.9004430831145056,0.6128692086873054,1.2193463691980728,46.20723736981624,27.35941688747736,52.18436309302176,High,Email,2,10.436872618604353
13740.0,4,496,737,16.818631578947368,0.8443265983264229,0.9820448578229342,1.9661594502765205,17.33857768007825,16.449055498406583,31.56195758879097,Mid,Paid Social,8,7.890489397197743
13741.0,2,145,216,19.65970588235294,0.8785026109121443,1.7315191626536148,3.4135545343814973,20.452952974156634,34.219124055487704,64.7011616870683,High,Email,2,12.940232337413661
13742.0,11,303,319,9.753956386292836,0.9828039188295812,5.371844281322955,10.67612782952044,10.048006216029645,52.14825021823384,99.3631101016554,High,Paid Social,8,24.84077752541385
13743.0,6,256,258,32.72195121951219,0.980438559517366,3.7471358017582914,7.422886025522961,32.664012475923215,118.25642321156764,224.6269100282629,Top,Paid Search,12,89.85076401130516
13744.0,1,197,291,16.060555555555553,0.8297526877089281,0.9153689034766191,1.8075257017739268,18.030711866626397,15.947144022898428,30.199757064884256,Mid,Organic,0,4.529963559732638
13745.0,1,383,545,13.881428571428572,0.8274773316369515,0.5472386135085189,1.0892064059438722,16.149545440909428,8.538151088433159,16.29156939305846,Low,Email,2,3.258313878611692
13747.0,1,51,424,41.56666666666666,0.2862385435552146,0.2338929538904711,0.4641015198293876,40.04927261243411,9.050156812929576,17.218023216353643,Low,Email,2,3.443604643270729
13748.0,8,642,737,38.44661016949152,0.9561435606810932,1.947433019925476,3.9020884666030224,38.29173329880216,72.03768769231822,138.3285684165002,Top,Paid Search,12,55.33142736660008
13750.0,10,563,616,48.029066666666665,0.9723060209486648,2.818903208902141,5.640215724558127,47.75527088614798,130.04719118735812,249.3823749812629,Top,Paid Social,8,62.345593745315725
13752.0,6,403,527,16.744526315789475,0.9066177842424716,1.9462073832602085,3.8860069343798167,17.097520610457288,32.14641925462834,61.52364308329548,High,Paid Social,8,15.38091077082387
13753.0,3,449,736,26.182125000000003,0.8020763218387167,0.7586348416033782,1.5181883574530504,26.39712136993331,19.34584694569525,37.10447368789329,Mid,Paid Search,12,14.841789475157317
13754.0,2,285,436,21.28809523809524,0.850769157667427,0.9722753706522558,1.9332932971355523,21.961844610702197,20.629607402277376,39.32647326091624,Mid,Organic,0,5.898970989137435
13755.0,8,59,62,6.319736842105263,0.9826565850581136,11.172505538588878,21.823572578208,6.788588322903518,73.29652203178183,137.3727815067075,Top,Paid Search,12,54.949112602683
13756.0,22,722,723,26.45833333333333,0.9945788068705628,5.154445073437596,10.332868325502847,26.487003901109,131.88780333582798,253.36728236343737,Top,Organic,0,38.005092354515604
13758.0,14,727,738,30.47566343042071,0.9898932093708208,3.3093675247973366,6.633822495697006,30.475591612794048,97.42877718871506,187.16044792482413,Top,Paid Social,8,46.79011198120603
13759.0,1,37,70,26.376400000000004,0.8428647456527179,2.241325815937796,4.354687966331295,26.936030539270117,58.34872551592615,108.8002379412675,Top,Paid Search,12,43.520095176507
13760.0,4,539,592,11.459159663865549,0.9578574498188012,1.3516305702719047,2.7003898958103973,12.183245805855249,15.90846094398962,30.463442305720747,Mid,Paid Social,8,7.615860576430187
13761.0,5,606,656,16.001393442622952,0.9655401008747332,1.4791640270574942,2.959124166729045,16.445637141520816,23.499968419582306,45.05749232257884,Mid,Organic,0,6.758623848386826
13762.0,4,479,698,70.64228571428572,0.8571819031849549,1.0464538484530532,2.094051181284436,69.11211136913913,69.8671466186477,133.99452324357932,Top,Email,2,26.798904648715865
13763.0,2,371,434,104.3488,0.9216274633480752,1.0572863428878236,2.102217290727836,98.92722288393882,101.0512319048785,192.62529817522315,Top,Organic,0,28.89379472628347
13764.0,5,571,641,7.854414893617021,0.9581383109064742,1.4980355239032304,2.996214841840805,8.548816273755289,12.37170283715782,23.715817313935617,Mid,Email,2,4.743163462787123
13767.0,72,736,738,44.705069182389934,0.9980584931352438,15.964392106162558,32.01768373644492,44.673820812174185,688.9585513583497,1324.1197274825658,Top,Email,2,264.8239454965132
13768.0,1,4,730,26.544545454545457,0.0433254566409928,0.0221898363613171,0.0443124211559527,27.081184807943696,0.5805380565790319,1.1112086072811382,Low,Organic,0,0.16668129109217072
13769.0,19,721,723,20.352350877192983,0.993597670823622,4.487072123567892,8.994455251319673,20.435991964636237,88.58271106086015,170.16455776118505,Top,Paid Search,12,68.06582310447402
13770.0,3,308,729,16.361875,0.5209776838245515,0.4969795772750521,0.9944707151419272,17.069350870714064,8.19510282957119,15.716489095963148,Low,Paid Social,8,3.929122273990787
13771.0,8,588,652,26.522314814814813,0.9671596365029204,2.19631432271212,4.395930430720671,26.598942610279316,56.43605896290261,108.25677151015918,Top,Paid Search,12,43.302708604063675
13772.0,7,620,653,5.416034782608695,0.9764253817327668,1.976874060419476,3.956236392521412,5.970378948836316,11.40195513774398,21.86892185885852,Mid,Organic,0,3.280338278828778
13773.0,1,263,659,15.870526315789474,0.6149977425392006,0.3448235706040745,0.6878311698696326,17.86666606830607,5.951895985464438,11.380421133835677,Low,Organic,0,1.7070631700753516
13776.0,1,0,427,311.99,0.1078715362610939,0.0876325451402835,0.1739001039339937,273.49656554334075,23.155870748427542,44.05802146242699,Mid,Paid Search,12,17.623208584970797
13777.0,60,737,737,144.44608695652173,0.9980549899656258,13.367923443273904,26.80929395268304,144.14599664811269,1861.4626637380604,3577.4471590725348,Top,Email,2,715.489431814507
13778.0,3,462,564,25.55659090909091,0.9266209199074554,1.1074891215844802,2.2104178037212145,25.802957429154024,27.607134631738383,52.815403825673,High,Organic,0,7.92231057385095
13780.0,2,399,406,7.3582,0.9455715790694884,1.1462039882075945,2.2772138167527496,9.054180759548858,10.026486729518362,19.09827781657453,Low,Paid Search,12,7.639311126629813
13781.0,2,470,720,13.663684210526316,0.8385845889101262,0.6218330015434932,1.24327193801396,14.896943337234813,8.948988420489822,17.148758401005466,Low,Paid Social,8,4.2871896002513665
13782.0,12,720,732,7.351311475409836,0.9883526097921316,2.8940533993330684,5.8003387393152,7.652476426400728,21.394368536143404,41.092067759581305,Mid,Organic,0,6.163810163937195
13783.0,3,185,672,154.209,0.2199027302082153,0.2254946492935109,0.4508656757732124,148.0035272895616,32.24120334634967,61.78560640183174,High,Paid Search,12,24.7142425607327
13784.0,13,440,450,67.67976744186046,0.9883972658346408,4.74576555786068,9.468335599733615,67.23185353909852,308.2450521425852,589.4890105694982,Top,Email,2,117.89780211389964
13785.0,3,31,459,18.083,0.0252469308445122,0.0359666301748913,0.071624493106844,18.70416250997668,0.6499241152563815,1.2407302650180327,Low,Paid Search,12,0.49629210600721313
13786.0,5,368,735,27.08822580645161,0.4926132124310435,0.6822109947008292,1.366230310116571,27.19204191495465,17.920716332566744,34.39457935345675,Mid,Organic,0,5.1591869030185125
13787.0,5,619,694,14.215116279069768,0.9581986143296064,1.3965722652981571,2.795375248065385,14.71420864985246,19.85170611362288,38.081643808994585,Mid,Organic,0,5.712246571349188
13791.0,1,40,167,137.8181818181818,0.6358233310016238,1.0428252346214133,2.044663431796592,123.13994151163917,124.08869696394676,233.40835245898285,Top,Organic,0,35.01125286884743
13792.0,2,356,422,16.693478260869565,0.9191118930330754,1.079194367121692,2.145067519610212,17.704398990821087,18.459329516975977,35.17636794308574,Mid,Paid Social,8,8.794091985771434
13795.0,3,249,637,28.83793103448276,0.4721484340697959,0.5075129216242389,1.0142070059061934,28.91974036436794,14.179052656258923,27.158363975112145,Mid,Organic,0,4.073754596266822
13797.0,2,210,647,15.121153846153849,0.4543598497277423,0.3703302752327106,0.7396178532057356,16.247458025851778,5.812773122765503,11.12735566119207,Low,Organic,0,1.6691033491788103
13798.0,109,729,730,105.037216066482,0.9987702925616532,24.272615168636868,48.67821708966011,104.92901618946108,2460.367632549235,4728.4166729287645,Top,Paid Search,12,1891.366669171506
13799.0,8,527,643,26.448773584905663,0.9309011135777746,2.1400256253239123,4.28271713548658,26.5268291492548,54.84067457975127,105.18362583314928,Top,Organic,0,15.777543874972391
13800.0,2,427,736,23.00767123287671,0.7872240421848172,0.5724301805527839,1.144747749799041,23.555231246263627,13.026021091864951,24.9666680784593,Mid,Paid Search,12,9.98666723138372
13802.0,18,523,661,58.61408482142857,0.7389001098593792,3.4356896798864023,6.881405633836172,58.36858397802924,193.7257405482497,371.85774637681385,Top,Paid Social,8,92.96443659420346
13803.0,2,363,618,17.16551282051282,0.7987491926325732,0.677730973153337,1.3529006947748718,18.141793767871505,11.878151259498653,22.727854690428632,Mid,Paid Search,12,9.091141876171454
13804.0,8,406,436,18.985325443786984,0.9753497692545976,3.129560892019839,6.238763276621982,19.20828039370767,58.07524246451905,110.97777882391146,Top,Paid Search,12,44.39111152956459
13805.0,1,76,128,71.12307692307692,0.8305999604366725,1.6096313685977457,3.1461500435923964,65.56431925454189,101.98558723235809,191.2608374424178,Top,Paid Search,12,76.50433497696712
13807.0,2,368,735,16.7125,0.7103418893585108,0.517151942530326,1.0341882292514133,17.72202483870891,8.853876349811372,16.969799686551497,Low,Email,2,3.3939599373102993
13808.0,4,91,96,22.99552631578948,0.9679450099440392,5.086076566609303,9.957348167509238,23.28019708309293,114.4208012334084,214.9141943108933,Top,Paid Search,12,85.96567772435732
13809.0,2,155,460,27.188,0.5260864392852768,0.5749104127402404,1.143880082604278,27.428790780707903,15.234778820734736,29.05953608744609,Mid,Email,2,5.811907217489218
13810.0,2,27,55,42.828857142857146,0.8918327236024787,3.772508632739184,7.334681058458079,41.92185931375714,152.8480996631106,285.19521646365195,Top,Paid Search,12,114.07808658546078
13811.0,2,55,238,62.65384615384615,0.5010731753424152,0.920753776622283,1.8173605603697,60.29201139550715,53.63904681308976,101.5355538682508,High,Paid Search,12,40.614221547300325
13812.0,2,63,104,14.97222222222222,0.8857124886304342,2.774338201284613,5.424114922293535,16.10945559972738,43.19016686514518,81.01793275477571,High,Paid Social,8,20.25448318869393
13813.0,7,694,733,19.33895104895105,0.9758255086278734,1.783039030396551,3.572064969801965,19.585227397633336,33.735142607872525,64.76830403066838,High,Email,2,12.953660806133676
13814.0,2,434,526,28.573670886075952,0.9130373915482533,0.8906221780001233,1.77475408268305,28.71277559897735,24.70526343410433,47.19254992336182,High,Paid Search,12,18.877019969344726
13815.0,7,643,665,20.999269662921343,0.9793348398518776,1.9511448425039224,3.905404564992229,21.20880868430445,39.976369022587726,76.68685600055595,High,Email,2,15.33737120011119
13816.0,1,40,63,20.41678571428572,0.8646129713192161,2.40779023539596,4.674049599362342,21.791297631930902,50.71097112405428,94.47978814925708,High,Organic,0,14.17196822238856
13817.0,1,322,351,15.9575,0.8917685065680869,0.8495415635742525,1.6816346282374082,17.941747500388516,14.726790464503615,27.95355529304233,Mid,Email,2,5.590711058608466
13819.0,5,436,737,26.16188118811881,0.7017446639899927,0.9694772354420226,1.9415719452739912,26.29414124309326,24.625854693964342,47.26460929040479,High,Paid Search,12,18.905843716161918
13820.0,2,262,680,7.3405555555555555,0.5556560598303066,0.433460584944533,0.8661457807039636,9.03783113495826,3.784598924254381,7.248370254416502,Low,Paid Search,12,2.8993481017666007
13821.0,5,559,703,6.749904306220095,0.9232580285863768,1.3303336209177608,2.6631098245455345,7.478220321801021,9.610715613341856,18.438378742770823,Low,Organic,0,2.7657568114156232
13822.0,1,34,39,6.583333333333333,0.8975309699704711,2.984408620995941,5.774311928873866,9.84934731863716,28.411562427797104,52.76656709022558,High,Paid Search,12,21.106626836090232
13823.0,6,705,723,20.880061349693253,0.9779341936305272,1.591650393850769,3.1877337215484425,21.126691321790943,32.48431263636466,62.34992369829301,High,Organic,0,9.352488554743951
13824.0,11,604,636,33.147600000000004,0.9817989156896236,3.01211201411097,6.029047711956723,33.1095812081085,96.34349324308997,184.81658229302195,Top,Paid Social,8,46.20414557325549
13825.0,1,108,729,6.38975,0.2377194957671182,0.1219004724827006,0.2434279161877354,9.682233391868484,1.1402233950394642,2.1824725275293533,Low,Organic,0,0.327370879129403
13827.0,2,85,142,4.430645161290323,0.8697477658497863,2.269620555160281,4.452212881065928,6.341461595621462,13.907928086568766,26.172625359845792,Mid,Email,2,5.234525071969159
13831.0,17,713,728,37.5592513368984,0.9904382117405705,4.007942310293178,8.034070310144058,37.4938025365601,145.16807381408915,278.8646664030828,Top,Organic,0,41.82969996046242
13832.0,1,403,421,10.766491228070176,0.8990612556467201,0.7389646809996977,1.4661575679522254,13.46052566775225,9.610158679256424,18.281875480124395,Low,Paid Social,8,4.570468870031099
13833.0,1,244,403,15.585777777777778,0.7913165437987455,0.6741866783821114,1.3368934483183998,17.620852311980077,11.477708419501562,21.82311281256981,Mid,Email,2,4.364622562513962
13834.0,1,92,668,20.261875,0.2328189631203254,0.1289901376834102,0.2573398312188069,21.657568465700205,2.6988594219211133,5.161139039375907,Low,Paid Social,8,1.2902847598439768
13835.0,6,620,645,15.426338028169011,0.9758696150798688,1.7573795707615525,3.515950686420502,15.813235603327296,26.84641013224672,51.47717502955916,High,Paid Social,8,12.86929375738979
13836.0,1,15,413,20.011935483870968,0.1635514032095599,0.1365685162467982,0.2708957847667267,21.441804157503984,2.829164462242335,5.38081656947601,Low,Email,2,1.076163313895202
13837.0,1,105,317,14.275789473684211,0.6151617523419544,0.6351320614590711,1.2555581145228447,16.48998383405611,10.119315634606044,19.18373762680708,Low,Organic,0,2.8775606440210617
13838.0,9,573,579,4.165444915254237,0.986092973877826,2.751171096008009,5.500939230134221,4.620360521269644,12.279947292512164,23.53315042307476,Mid,Organic,0,3.5299725634612136
13842.0,17,602,660,15.858901408450704,0.97018987375989,4.283411016935633,8.578954551173222,15.993771416287275,66.18126932030897,127.03018866328412,Top,Email,2,25.406037732656827
13846.0,3,375,399,16.145555555555553,0.9553439116866248,1.5287398510182426,3.039504347720204,16.863879713432283,24.90719000746814,47.47674595001327,High,Paid Social,8,11.869186487503317
13848.0,7,637,729,303.1818181818182,0.9568549780622924,1.7569399462159152,3.519608796174816,297.1475961829797,504.33889817696775,968.2388382137656,Top,Paid Social,8,242.0597095534414
13849.0,4,572,624,15.769545454545456,0.959017960438561,1.2924439559827017,2.583500440598758,16.32945080682889,20.388613159733204,39.06207267905557,Mid,Email,2,7.812414535811114
13851.0,7,584,679,32.903285714285715,0.95212192734821,1.8622812067258012,3.7282491273354,32.84942846330642,59.097574712710056,113.38774962903712,Top,Paid Search,12,45.35509985161485
13854.0,38,691,700,67.70143646408839,0.9951646335341094,8.949456216824487,17.938758772753054,67.54688962885261,583.9724920241001,1121.75308827907,Top,Paid Search,12,448.701235311628
13855.0,3,230,730,17.949863013698632,0.288489227538375,0.2748641996295374,0.5500185012832401,18.57770226169615,4.932975612902334,9.460530088932908,Low,Paid Social,8,2.365132522233227
13856.0,10,450,618,21.148703703703703,0.7898816576378239,2.2835242627118637,4.569138503139683,21.2940311679375,46.97457495630901,90.08243363917984,High,Paid Search,12,36.032973455671936
13857.0,5,177,570,7.820390625,0.1051292320862182,0.1821120640656905,0.363821576037613,8.515836739955224,1.4982127123373694,2.868840480144825,Low,Paid Search,12,1.14753619205793
13859.0,1,203,528,14.329444444444444,0.6160670332009601,0.418635470764445,0.8329236327847219,16.536302350738335,6.688108829323956,12.756932791302212,Low,Paid Search,12,5.102773116520885
13860.0,4,85,86,16.39342105263158,0.971563514449034,5.404349983892232,10.569497445091738,16.92956324464437,88.41633185383373,165.90617508762202,Top,Paid Search,12,66.36247003504882
13861.0,1,101,530,13.012380952380951,0.3560337056830532,0.2411546418544707,0.4798267599977716,15.399326102977358,3.5877815549777754,6.84364750955624,Low,Paid Search,12,2.737459003822496
13862.0,8,371,388,15.9755625,0.9800196604771052,3.4625095835738087,6.893828580812672,16.25695060213462,54.38212847419528,103.79648175537432,Top,Organic,0,15.569472263306146
13863.0,3,345,592,17.707857142857144,0.7840783444822146,0.8985511158557049,1.79430963336726,18.34783283651114,15.927119485991668,30.48492634689299,Mid,Paid Social,8,7.621231586723248
13865.0,3,231,289,16.718666666666667,0.9268674619382352,1.916718495651273,3.796384415539253,17.40824965462492,32.23811905795293,61.22781687164719,High,Paid Social,8,15.306954217911798
13867.0,2,186,217,16.644098360655736,0.926357298069518,1.8198319787844537,3.587859342495741,17.658642785044286,31.050872392841768,58.71383237089046,High,Email,2,11.742766474178092
13868.0,1,31,38,96.74363636363636,0.8934409209767825,2.9950918671091347,5.7941155387491285,87.68167936193149,253.83397582898203,471.35832927601047,Top,Paid Search,12,188.5433317104042
13869.0,9,567,690,9.432058139534885,0.9275769275182734,2.218315007691396,4.442731822312172,9.795889390715642,20.99238236837292,40.29181282734896,Mid,Organic,0,6.043771924102344
13870.0,14,667,669,23.70157676348548,0.9914359801883422,3.617013351559242,7.244338017803289,23.77728735292537,83.08197737349784,159.47127211138877,Top,Email,2,31.894254422277754
13871.0,16,696,718,19.616542288557216,0.988326233367362,3.828120887110649,7.672468419939443,19.722925058392857,72.93699707670446,140.0905678405707,Top,Paid Search,12,56.03622713622829
13872.0,2,198,725,16.13280701754386,0.3391918639171369,0.2499753891273108,0.4998268689672726,17.1848720441959,4.149981983545147,7.953044294357121,Low,Paid Social,8,1.9882610735892803
13873.0,7,526,646,17.315333333333335,0.9306449012830968,1.9021690524719528,3.806349804077316,17.606385609793303,32.3532762737769,62.047586773157406,High,Organic,0,9.30713801597361
13874.0,6,314,672,29.697826086956525,0.308076332337257,0.5350748654399218,1.0709238693355898,29.717666643616383,15.361272165807248,29.465512274832346,Mid,Organic,0,4.419826841224852
13875.0,13,668,722,17.831,0.9762563840301408,3.1111392049224285,6.235014291262998,17.98313021802803,54.04754862422947,103.802352479083,Top,Paid Social,8,25.95058811977075
13877.0,2,603,689,19.55130434782609,0.9245788968745284,0.7129110384507372,1.4247379138434986,20.35250637748767,14.017112628531551,26.849387029225376,Mid,Email,2,5.369877405845076
13878.0,3,549,603,23.112710280373832,0.9492421160092318,1.0705191326618764,2.138117265265448,23.481635911661037,24.284627733321088,46.4898009078477,High,Paid Search,12,18.595920363139083
13880.0,16,540,561,19.17755458515284,0.987194800815528,4.7503398817492135,9.499600561172556,19.288240498125457,88.51556143618535,169.65295528252693,Top,Organic,0,25.44794329237904
13881.0,42,641,644,98.8601750547046,0.9966791625215656,10.631611695110944,21.29574903666412,98.60322657832236,1012.7077345442764,1944.0284921226248,Top,Paid Search,12,777.6113968490499
13882.0,4,61,63,18.325076923076924,0.9703262144283892,6.240417784199115,12.172277090849953,18.78764315190419,113.30523286341892,212.06920991151696,Top,Organic,0,31.810381486727543
13883.0,14,720,730,20.75955696202532,0.9900635636031576,3.3423429161361384,6.6993023448260605,20.86818023079073,67.37924724760705,129.42399003416992,Top,Email,2,25.884798006833986
13884.0,9,462,469,9.939368421052633,0.9855567253827388,3.293714145159995,6.571894614962638,10.294425906679468,32.75686184893602,62.64946971782201,High,Email,2,12.529893943564403
13885.0,1,11,200,18.1,0.400553927076581,0.5815043792633096,1.1427137090462012,19.791295092821866,11.120726563554417,20.96270694410816,Mid,Paid Social,8,5.24067673602704
13888.0,6,455,575,11.788315217391306,0.9217587911278124,1.8353199274405445,3.667806995316554,12.2687812978556,21.752987436596207,41.66672813020797,Mid,Paid Search,12,16.66669125208319
13889.0,5,593,685,23.990722891566264,0.95098244110404,1.4021950481493957,2.806288697865404,24.18964961588376,32.76695949581115,62.84980131047536,High,Paid Search,12,25.139920524190146
13890.0,13,732,732,16.921271676300577,0.9911582228285564,3.12006865414938,6.253647238132719,17.084352558912013,51.49361142404727,98.9083881570064,High,Paid Search,12,39.56335526280256
13891.0,2,203,581,8.6356,0.5133754617880159,0.4596514680134672,0.9169581356739186,10.237840042094753,4.546234501261926,8.69336998954365,Low,Paid Search,12,3.47734799581746
13892.0,5,549,575,35.212500000000006,0.9713265490077592,1.6699018398771588,3.3364047574279216,35.06685557760877,56.571114973204615,108.33375398027758,Top,Email,2,21.666750796055517
13894.0,2,286,309,20.911851851851853,0.9369493363129552,1.4133020935831588,2.7985625137839816,21.61321146789377,29.512891290237885,56.03830002670213,High,Paid Social,8,14.009575006675533
13895.0,5,708,735,21.551182795698924,0.972514987352705,1.3468181529463648,2.6972062852453216,21.82501700749834,28.396079424378478,54.499562906086105,High,Paid Search,12,21.799825162434445
13897.0,2,627,676,19.67322033898305,0.935781738336794,0.7338082557793557,1.466215250108682,20.46547568594526,14.508108007031309,27.784742494048427,Mid,Organic,0,4.167711374107264
13898.0,1,85,410,14.921739130434782,0.4260984780582659,0.3579380655240491,0.7099363878268553,17.047610266950468,5.89546704428111,11.21166333306094,Low,Organic,0,1.681749499959141
13899.0,1,258,274,20.448421052631577,0.8969574309331931,1.0359242734102243,2.0439739305438502,21.818607346690957,21.839060003203866,41.32658436191564,Mid,Organic,0,6.198987654287346
13900.0,5,441,623,16.953578947368424,0.8668026879884625,1.3895549799094584,2.7784788327264174,17.368585240454422,23.31540668419141,44.682576439709614,Mid,Organic,0,6.702386465956442
13901.0,14,631,703,18.310774193548387,0.9646954770847896,3.367995062771984,6.748529340153847,18.446792248017395,60.01841258659229,115.24962401442724,Top,Paid Search,12,46.0998496057709
13902.0,4,92,724,541.1946031746032,0.0087066668504384,0.0102888970438902,0.0205960881854882,521.741288110639,5.185862995761911,9.948925542771075,Low,Paid Social,8,2.487231385692769
13904.0,1,257,294,12.793846153846154,0.8836465636853426,0.9671779252501368,1.9100854975190344,15.210672422467232,14.214376987231711,26.92177738310533,Mid,Email,2,5.384355476621066
13908.0,3,196,276,19.42254098360656,0.8978453495069116,1.9232019946850445,3.8071176153309834,19.976526336700072,37.11970637589992,70.46194519082962,High,Email,2,14.092389038165926
13909.0,1,98,520,7.348717948717949,0.355836431246549,0.2449732258496878,0.4873131291511106,10.510077900980283,2.4874507205801377,4.743748892686315,Low,Paid Search,12,1.897499557074526
13911.0,19,590,647,17.7940756302521,0.9685821806716384,4.827070156590845,9.666646029825944,17.898867176272045,83.46496798345088,160.18666264016767,Top,Organic,0,24.027999396025148
13914.0,1,24,35,18.98333333333333,0.8840921838003483,3.038296350841566,5.875021627429013,20.553846803432272,60.36124272066074,112.03920648705868,Top,Paid Search,12,44.81568259482347
13916.0,3,211,675,17.240675675675675,0.2945204175732108,0.3008231196402681,0.601507699052358,17.90408023272231,5.203145058755175,9.971490564840972,Low,Paid Search,12,3.988596225936389
13917.0,1,141,191,15.113333333333337,0.8570054223990387,1.2843644796992302,2.522438960525213,17.213007044871215,21.36264472189293,40.2465473381702,Mid,Paid Social,8,10.06163683454255
13918.0,1,203,252,40.428,0.8694569029214293,1.0690942170925346,2.1071240081712213,39.06630029415293,40.35564064236055,76.28667528093679,High,Paid Social,8,19.071668820234198
13919.0,3,481,540,17.67116883116883,0.9454000191731264,1.1731027838326518,2.340295284294329,18.3129844211009,20.75439386677309,39.68798667992242,Mid,Paid Social,8,9.921996669980604
13920.0,3,130,561,20.635813953488373,0.1691497481691354,0.2031004745933393,0.405341834506859,21.128954412967342,4.145735823926354,7.9308130404060435,Low,Paid Search,12,3.1723252161624176
13921.0,3,319,721,16.606818181818184,0.5620127174653619,0.5414219913436218,1.0832872388778123,17.302010302535916,9.049651572417282,17.353600784896262,Low,Organic,0,2.603040117734439
13922.0,2,115,466,28.84,0.3627372503589831,0.3921119386954527,0.7802892543177363,28.959560418069582,10.970603078668931,20.92883454065241,Mid,Paid Search,12,8.371533816260964
13924.0,5,70,71,15.716666666666669,0.9767427204017384,7.083231191901152,13.837524494677565,16.16965306565044,110.68383636825524,207.46810119786448,Top,Paid Search,12,82.9872404791458
13925.0,3,42,134,16.54268292682927,0.691487962126783,2.436492032512669,4.782615313759323,17.241091391159372,40.59248399729881,76.435463282437,High,Organic,0,11.46531949236555
13927.0,1,362,436,17.274634146341462,0.8708933442803781,0.6953762811042455,1.3802828330470078,19.0787847415916,12.817781689208513,24.394111224610963,Mid,Organic,0,3.6591166836916442
13928.0,3,122,132,17.206296296296298,0.9558481710327412,3.398951728206643,6.670743288807519,17.87142495808506,58.697719874216936,110.5102322161863,Top,Organic,0,16.576534832427942
13929.0,10,525,694,61.3,0.8396880734529101,2.1913464301928074,4.3893297417711805,60.81928154335434,128.74971199665663,247.14880942358664,Top,Organic,0,37.07232141353799
13930.0,1,78,136,19.843529411764703,0.8221248865598261,1.5359378265705437,3.0041821299431195,21.29642490652835,31.609669454015823,59.31897060371179,High,Email,2,11.863794120742359
13931.0,10,640,736,19.399926199261994,0.9541738198755082,2.363089347447642,4.735770380347317,19.572520903265644,44.68052338211158,85.8108773442848,High,Paid Social,8,21.4527193360712
13933.0,1,39,147,26.46913043478261,0.6763331445688299,1.2040915934362555,2.3572484242350416,27.01608157889553,31.435094227921343,59.04242460294378,High,Paid Search,12,23.616969841177514
13935.0,2,55,651,76.4615,0.0578496943001081,0.046896094295531,0.0936661638433076,73.08640441662858,3.311171403124481,6.338941460017189,Low,Paid Social,8,1.5847353650042972
13936.0,2,234,413,15.926440677966102,0.8001475257164755,0.956378171092928,1.9004652035956144,16.99364969141194,15.701923236906165,29.91453986005593,Mid,Paid Social,8,7.478634965013982
13937.0,1,233,402,16.298703703703705,0.7783890530941673,0.6645226598958477,1.3176883523575416,18.236297086719684,11.708324477406045,22.260925075335688,Mid,Paid Search,12,8.904370030134276
13939.0,6,589,612,14.190545454545456,0.9760912137043976,1.8406974440014632,3.68079596744709,14.609227125075453,25.97838568324194,49.78905339161782,High,Email,2,9.957810678323565
13940.0,3,126,143,17.12530612244898,0.9497386112115498,3.2146729237412988,6.314640640943953,17.79449639166978,55.275576202493525,104.1549401737516,Top,Paid Social,8,26.0387350434379
13941.0,14,701,722,105.92666666666668,0.98768282178798,3.3672735165239702,6.748636495571011,105.08251668441623,341.82191553100773,656.5226494968961,Top,Paid Search,12,262.60905979875844
13945.0,1,85,479,16.748039215686276,0.3526523285647138,0.2602833234253214,0.5172515732167966,18.624193196116263,4.683379858308431,8.92306300510908,Low,Paid Search,12,3.5692252020436324
13946.0,5,656,735,33.504107142857144,0.9581941082290238,1.3269854303449091,2.657488269908842,33.410919909744095,42.83013250084188,82.20231622896745,High,Email,2,16.44046324579349
13948.0,3,374,735,22.865,0.676495945591384,0.640632931212928,1.2820251174610728,23.246348149575105,14.386742053846652,27.59279370177202,Mid,Paid Search,12,11.037117480708808
13949.0,5,91,94,15.170750000000002,0.9751199224139048,6.159240600085354,12.062682965552078,15.640499085501526,93.09165268993505,174.9120091387011,Top,Organic,0,26.236801370805164
13950.0,3,235,246,21.28742857142857,0.9584012325236988,2.237969804857314,4.424086605751263,21.74789095837939,47.02617932832938,89.14897111035107,High,Paid Social,8,22.287242777587768
13951.0,2,118,293,17.293589743589745,0.6830517867322687,1.0736347165330775,2.124571575667292,18.26047189444104,18.94218336848968,35.94443321971708,Mid,Paid Social,8,8.98610830492927
13952.0,13,505,723,31.35335207823961,0.5398359979043115,1.718228806353732,3.4435324061553643,31.342709808998755,52.02459953726364,99.91825562715177,High,Paid Social,8,24.97956390678794
13953.0,11,721,727,265.6272,0.988590644965682,2.6939559392209214,5.398654783597318,262.2891745223835,682.5938667602436,1310.9068488652997,Top,Organic,0,196.63602732979496
13954.0,1,69,70,17.5968,0.9052462689245062,2.4072092738327027,4.676984123709077,19.35689959760018,45.03419774552152,83.97323826498081,High,Paid Search,12,33.58929530599232
13955.0,2,220,374,6.266321839080459,0.8191032875056068,1.0616541140731546,2.107156575135141,8.042428982046468,8.24923613058052,15.698272544203665,Low,Email,2,3.1396545088407333
13956.0,4,266,270,6.752763157894737,0.970749950347816,2.6045960857947814,5.158153922302176,7.656113971898685,19.266642763254094,36.58723950686603,Mid,Paid Social,8,9.146809876716507
13957.0,2,240,658,16.97222222222222,0.5245237381840748,0.4212232778095871,0.8414080554026732,17.962687606218523,7.30956421976899,13.994982721468425,Low,Paid Search,12,5.59799308858737
13958.0,7,354,733,20.74550660792952,0.2406900086897872,0.4397914134503669,0.8810595142476287,20.96066056148843,8.905222871033097,17.097191171717025,Low,Organic,0,2.5645786757575535
13959.0,5,431,510,6.602331288343558,0.94608107427817,1.803431357129628,3.598772882902756,7.335178618662038,12.779793589254863,24.444815039931825,Mid,Email,2,4.888963007986366
13960.0,1,50,71,19.185,0.8716682163302323,2.303085373813237,4.475222867453118,20.72793879774144,46.13791006532824,86.04125767356288,High,Email,2,17.208251534712577
13962.0,2,413,435,15.77391304347826,0.9403123509260376,1.0766603635856435,2.140796877413992,16.85231514435831,17.529572104663437,33.41598026132672,Mid,Organic,0,5.0123970391990085
13963.0,16,288,596,17.510872093023256,0.0034107778820881,0.0155711885791568,0.031156555150524,17.637895532700874,0.2653187289110629,0.5087965353166093,Low,Organic,0,0.07631948029749139
13964.0,1,43,430,18.2875,0.2512224933620843,0.2029090207061777,0.4026929412107877,19.953157484225017,3.911616652524685,7.443146106934799,Low,Email,2,1.4886292213869599
13965.0,2,226,702,41.525416666666665,0.4386950282645397,0.3327046836790541,0.6650293971809609,40.71407050924101,13.086025870980736,25.07042481486093,Mid,Organic,0,3.7605637222291395
13967.0,1,250,395,27.71666666666667,0.8046176706863345,0.6968444032421023,1.381470463746144,28.09303730078797,18.91403256946641,35.953416412041285,Mid,Email,2,7.190683282408258
13969.0,34,617,623,12.08487341772152,0.9953684345695852,8.913225139938204,17.847481405903775,12.170121164723431,104.79135357039466,201.0944034839071,Top,Email,2,40.21888069678142
13970.0,1,51,437,65.11923076923077,0.2741674212508181,0.218496757587519,0.4337162377287631,60.3814024754584,12.746481363220198,24.25907897541849,Mid,Email,2,4.851815795083699
13971.0,13,664,682,18.30419607843137,0.9875730340010284,3.310883483106785,6.632024482708229,18.450630297552813,59.01316137473169,113.28577899502838,Top,Email,2,22.65715579900568
13972.0,1,131,201,12.683333333333334,0.8313791664664156,1.2027724932641417,2.363716351373409,15.115270452286367,17.56729654831703,33.116566695275125,Mid,Paid Search,12,13.24662667811005
13974.0,1,532,581,15.76093023255814,0.890124658060885,0.5570857241816336,1.1096409677394352,17.772055486331446,9.564941955979728,18.263842911509688,Low,Organic,0,2.7395764367264532
13975.0,11,644,674,7.126117021276596,0.9829002446637332,2.8649396787922448,5.73748359294469,7.457468564684476,20.639625300053105,39.612935831165416,Mid,Organic,0,5.941940374674812
13976.0,3,461,667,21.29214285714286,0.8678079991122192,0.8957649004184279,1.7909066978021655,21.75236882556308,18.82365346658483,36.07028753734403,Mid,Paid Search,12,14.428115014937612
13978.0,1,30,44,13.119333333333334,0.8793246444434074,2.8100428028468105,5.440926681040251,15.491654466429164,42.075906682418434,78.19916495864781,High,Organic,0,11.729874743797172
13979.0,6,663,736,8.41435960591133,0.963322641168458,1.5431259983680143,3.0910428296001755,8.981602487939309,13.389024097083698,25.70258990692511,Mid,Paid Search,12,10.281035962770044
13980.0,4,595,655,12.306461538461535,0.9572091706411312,1.2361863604437755,2.4722190740194288,12.998274306872576,15.522853398122544,29.75328092234118,Mid,Paid Search,12,11.901312368936473
13982.0,8,649,687,17.571501976284587,0.977338753786534,2.119118019658956,4.243446840690083,17.82190565337189,36.48418550641631,70.01639375404842,High,Email,2,14.003278750809685
13983.0,20,700,729,20.84589442815249,0.9874432769402146,4.644269958147767,9.31042470785991,20.92150838031117,93.86424262966251,180.32604776984127,Top,Paid Search,12,72.1304191079365
13984.0,11,706,732,22.02795698924731,0.9845006627179556,2.666437084599067,5.343823266537879,22.14777955753691,57.04962090379361,109.56871455316684,Top,Organic,0,16.435307182975027
13985.0,21,664,667,20.87679166666667,0.9939686698665648,5.296684379095358,10.61043696317951,20.948600612710504,107.18958422316256,205.7807010906433,Top,Organic,0,30.867105163596495
13987.0,1,21,400,14.837826086956522,0.1943617374647513,0.1666079008845816,0.3303474469574735,16.97517098221816,2.732488994570897,5.194941519536233,Low,Paid Social,8,1.2987353798840582
13988.0,7,605,625,16.12813559322034,0.9795354318035912,2.0611125209090337,4.123122371651819,16.44545660604235,32.7452409482172,62.78077082554186,High,Paid Search,12,25.112308330216745
13989.0,4,497,563,23.558837209302325,0.9518148042171916,1.4029453304678428,2.80147752674468,23.82205170056964,32.287155041690134,61.79733159802757,High,Paid Search,12,24.71893263921103
13991.0,5,131,142,10.190119047619048,0.9693586649723882,4.827249605807315,9.49410377637326,10.812801282835787,50.43598602895049,95.1489877555841,High,Email,2,19.029797551116822
13992.0,2,432,462,19.954545454545453,0.9377632433294344,1.0210699094145437,2.031691033772242,20.72615604014029,20.445760763244586,39.00107543404032,Mid,Organic,0,5.850161315106047
13993.0,18,693,736,25.96057471264368,0.9818614650971648,4.149321740719751,8.318469448454739,25.999902774525392,104.21696001275242,200.22127794116744,Top,Email,2,40.04425558823349
13994.0,5,144,147,14.923483870967742,0.9757583497086818,4.754500155849868,9.354569147545991,15.400825405757786,70.75363896498624,133.52716217105072,Top,Paid Search,12,53.41086486842029
13995.0,13,706,721,16.965260869565217,0.988426576183716,3.1538209757885696,6.320477176273855,17.127812241455498,52.18314609666426,100.22049457204432,High,Email,2,20.044098914408863
13996.0,1,13,398,27.144242424242425,0.1665012483481654,0.1433116044729359,0.2841377984262912,27.598882864649696,3.821394819571961,7.264701654176192,Low,Paid Social,8,1.816175413544048
13997.0,2,31,549,8.31108695652174,0.0495002302999947,0.0465436234743762,0.0927922355601055,9.93714106274587,0.4468274533732406,0.853926040621401,Low,Email,2,0.17078520812428022
13998.0,2,129,575,18.280645161290323,0.2810565085881827,0.25391866709776,0.5064848953590756,19.17509324057264,4.703786104383525,8.993678600551654,Low,Paid Search,12,3.597471440220662
13999.0,28,724,734,20.391115879828327,0.99404252544621,6.390038244003171,12.812528857592708,20.447805504771903,126.22314182044364,242.5339403494222,Top,Email,2,48.50678806988444
14000.0,4,526,737,41.76204081632653,0.8768631580950659,1.0198884615603727,2.0419264160400137,41.33190290515987,40.72248297403069,78.13708699937963,High,Paid Social,8,19.53427174984491
14001.0,8,447,493,40.447232142857146,0.969381440542027,2.8046697929436,5.5982680702003895,40.25351412405227,109.0680865793462,208.6756203946389,Top,Organic,0,31.301343059195837
14002.0,1,22,155,11.270851063829788,0.570882390345195,0.9827387318009592,1.9251170319790287,13.89592240985226,13.196346845473448,24.800714331778597,Mid,Paid Search,12,9.92028573271144
14004.0,10,392,435,25.968672199170125,0.9697080753676066,3.786434087843546,7.549904886017117,26.03884588522733,95.25111832790698,182.0565174783981,Top,Email,2,36.41130349567962
14005.0,4,206,215,34.22285714285714,0.967612844235238,3.0700067077280977,6.063496832026929,34.07988358062815,101.09080440759712,191.4787196893536,Top,Organic,0,28.72180795340304
14006.0,6,536,652,28.528181818181817,0.9362631535563424,1.6700971615186413,3.3416667582928103,28.57810516202068,46.10781562482045,88.41887344212529,High,Paid Search,12,35.367549376850114
14009.0,2,264,462,14.863648648648647,0.7984094116187888,0.869336510463896,1.729776949996553,16.008849588924548,13.44550372027392,25.647815746028343,Mid,Organic,0,3.847172361904251
14010.0,1,0,565,18.547916666666666,0.0642728984456843,0.0412078530870904,0.0820537556887357,20.17796636117384,0.8033075090588068,1.5334045374840792,Low,Email,2,0.30668090749681587
14011.0,1,127,606,14.306875,0.3658650058085892,0.2207534238403268,0.439926092864161,16.516818914736103,3.5225230531983147,6.729222859224986,Low,Paid Search,12,2.691689143689995
14013.0,4,513,623,15.949558823529411,0.9341255316935368,1.260667665723285,2.5199420009589817,16.50260754197247,20.098222779287877,38.50514066876424,Mid,Paid Search,12,15.402056267505698
14014.0,2,499,576,25.63434210526316,0.9230828471977544,0.8326988604532736,1.6609939510965055,25.98914651187592,20.907174131326176,39.97541080409844,Mid,Email,2,7.995082160819688
14016.0,10,538,699,25.45404017857143,0.8611376470196573,2.23303257879737,4.4731126843716815,25.532238095649035,55.07792403699374,105.73432881211548,Top,Paid Search,12,42.293731524846194
14019.0,2,91,137,21.53954545454545,0.8906038600017122,2.3761649043200803,4.659338847834353,22.194842405284525,50.9625753020561,95.8669972085141,High,Paid Social,8,23.966749302128527
14020.0,3,512,528,17.347361111111113,0.9597345059475946,1.2140837773109396,2.4214672941453266,18.005415459152495,21.11873845201731,40.37546931161104,Mid,Paid Search,12,16.150187724644418
14021.0,6,437,592,19.073111111111118,0.8834224381012302,1.714978410701399,3.4282918319298075,19.366215127430184,32.08541102450733,61.47467274742988,High,Email,2,12.294934549485976
14022.0,1,261,486,16.854255319148937,0.7466356287632886,0.5443709194213323,1.0820011035158636,18.715885956180216,9.843280639300554,18.75719762272985,Low,Paid Search,12,7.502879049091941
14023.0,1,242,249,18.840967741935486,0.902221136500645,1.1192539747899888,2.2056429510302165,20.43094741635398,22.095516298534275,41.76227870590503,Mid,Organic,0,6.2643418058857545
14024.0,2,269,390,18.99235294117647,0.8702621848109816,1.0902133622757388,2.1649329731324047,19.834573059049514,20.89175176876049,39.77603849048459,Mid,Organic,0,5.966405773572688
14025.0,7,119,583,40.98888888888889,0.0024576503990703,0.0054953198038936,0.0109856874467416,40.75612413922993,0.216366432593137,0.4145651918579263,Low,Organic,0,0.06218477877868894
14026.0,1,154,624,14.2622,0.4205412123829007,0.2473481696695177,0.4930902391176782,16.47825250227778,3.937658322699884,7.524666322524955,Low,Email,2,1.504933264504991
14028.0,2,0,550,1155.1666666666667,0.0165223759365641,0.015511188155328,0.030924682167292,1072.6318746336435,16.07362596650699,30.71868087966724,Mid,Paid Search,12,12.287472351866896
14029.0,1,80,143,31.177333333333333,0.8153612339842372,1.4768765123697911,2.890343417391548,31.08051347420578,44.35755973526297,83.2880595344997,High,Email,2,16.65761190689994
14030.0,19,710,728,9.540750577367206,0.9903947378343868,4.4451672063575005,8.91097540106112,9.713776223630964,41.71248834302284,80.13278929596187,High,Paid Search,12,32.05311571838475
14031.0,43,729,735,52.49573623559539,0.996240006787394,9.668116482110088,19.387737246776265,52.414898962183,489.5362256868806,940.7396138624664,Top,Paid Search,12,376.2958455449866
14032.0,15,723,725,19.87815573770492,0.9920002177940738,3.589364228732459,7.1942872342558255,19.98882296301091,69.30992367654774,133.13006564032472,Top,Paid Search,12,53.25202625612989
14034.0,2,135,156,7.323820224719101,0.9301314401038112,2.2868263116160383,4.490792795523003,9.022323909585593,19.937180380024493,37.55732810644704,Mid,Paid Social,8,9.38933202661176
14035.0,8,583,612,18.918675496688746,0.9789384679976754,2.350220082992731,4.701187631043143,19.14292442443313,43.46279873511156,83.32435119669726,High,Email,2,16.664870239339454
14037.0,5,556,732,7.341666666666667,0.9025795318801784,1.2545391052795702,2.512310533535369,8.05181227722637,9.75827072274958,18.728036177369923,Low,Email,2,3.745607235473985
14038.0,4,595,673,19.067577639751555,0.9515736975666216,1.1998444361576848,2.400167034805198,19.501862327217797,22.604847629183748,43.33837547409202,Mid,Paid Social,8,10.834593868523005
14039.0,1,542,575,26.728,0.895807118886902,0.5657002377908377,1.126663383926256,27.239554895629297,14.887085461252797,28.422972483005488,Mid,Paid Search,12,11.369188993202195
14040.0,34,698,738,15.926410579345088,0.9800916878555868,7.552605315587001,15.145106323342103,15.99384523935344,116.69117083569218,224.24015512043985,Top,Organic,0,33.636023268065976
14043.0,1,238,728,7.244047619047619,0.5201245599983079,0.2670411785470566,0.5332573232881291,10.419719555010172,2.688087213418524,5.145127215169744,Low,Paid Social,8,1.286281803792436
14044.0,9,657,683,3.669917743830787,0.9819532699691133,2.369696610456364,4.7454775798668045,4.133403330361197,9.462276524044082,18.159883151616185,Low,Paid Social,8,4.539970787904046
14045.0,15,591,700,297.7113157894737,0.9162525033202066,3.420592707095106,6.853942322622218,294.9188794918048,974.5320542292372,1871.3389249446,Top,Paid Search,12,748.53556997784
14047.0,13,668,676,25.94530487804878,0.9897105881752056,3.3441394076285604,6.698115511610852,25.999760846817804,83.99392966801356,161.22864170933167,Top,Email,2,32.24572834186633
14048.0,2,77,381,5.309858156028369,0.3250657925701706,0.4150359905042629,0.8239421627246017,7.156154426807202,2.8695090792259155,5.461830525168224,Low,Email,2,1.0923661050336448
14049.0,12,600,616,12.247021276595746,0.9869879277863964,3.366868311050723,6.7375858578712124,12.484408196540413,40.60624736532324,77.8784055761477,High,Paid Search,12,31.151362230459082
14050.0,1,74,105,13.821481481481484,0.8625945747355052,1.8726540900720243,3.652392558668074,16.097795151114784,29.13301256355102,54.52307048177143,High,Paid Search,12,21.809228192708574
14051.0,36,735,736,67.16766467065868,0.9966159783029626,8.134476438307724,16.31179719698401,67.00690769145841,526.5474795898849,1011.835165122751,Top,Email,2,202.3670330245502
14052.0,1,371,390,3.84648,0.8980558850136776,0.7858825115540631,1.557732286236779,7.486714649554383,5.684594505757808,10.804093728305103,Low,Email,2,2.160818745661021
14053.0,3,362,486,63.58888888888888,0.9010352144956268,1.2232230821205683,2.4374930152635024,61.92795904453807,73.18356251349834,139.79462753917,Top,Paid Search,12,55.917851015668
14055.0,2,616,722,46.08969696969697,0.9189896829995426,0.6797755158853888,1.3591578897346557,44.94340568132744,29.51442771933233,56.559364095657976,High,Organic,0,8.483904614348695
14056.0,22,282,283,7.427350813743218,0.9943829392077518,11.2942948196019,22.42940611705539,7.592057597108359,82.8437139286111,157.73546652018558,Top,Paid Search,12,63.09418660807424
14057.0,21,712,735,18.52167400881057,0.9895775269705984,4.83699094994146,9.697642871282136,18.611113328751397,86.96348057860044,167.08292234517108,Top,Paid Social,8,41.77073058629277
14058.0,1,67,530,19.54958333333333,0.2521155133100435,0.1707670519609838,0.3397761727773724,21.04267122546979,3.471631352520154,6.622092481301884,Low,Organic,0,0.9933138721952826
14060.0,29,634,638,35.25585185185185,0.9952544894597364,7.492340684798767,15.004794214370396,35.22985050342945,254.99000659914256,489.4006584219135,Top,Paid Social,8,122.35016460547837
14061.0,2,230,737,48.28578947368421,0.4135356232897526,0.3003386192858654,0.6006262224298609,46.97834014012965,13.63046463057617,26.125523822177296,Mid,Email,2,5.22510476443546
14062.0,23,719,728,74.64781341107872,0.9933852887396092,5.336032217604415,10.697693981254943,74.34565490682488,383.2335669440324,736.2757469306486,Top,Paid Social,8,184.06893673266214
14063.0,7,293,730,313.8820512820513,0.0839741678370098,0.1540015182626408,0.3085089382393724,307.6110687227558,45.76360479345902,87.85879865398482,High,Paid Search,12,35.14351946159393
14064.0,14,657,686,13.657459016393442,0.9852059749916452,3.515241292671196,7.042064393476898,13.845534188272149,47.01734911070773,90.2661844874052,High,Organic,0,13.53992767311078
14065.0,2,42,431,18.18408163265306,0.1261795900629529,0.1455887560099169,0.2894525301466484,19.085615929607485,2.68452624120296,5.116884797127892,Low,Paid Social,8,1.279221199281973
14067.0,1,32,96,7.2057692307692305,0.7676304362167796,1.7489223633514577,3.40794735535689,10.386675120525917,17.55560462508386,32.82693624493375,Mid,Organic,0,4.924040436740062
14068.0,3,357,677,13.7690990990991,0.709406016926228,0.7226941341749414,1.4450974713396434,14.606601087408135,10.197794471836382,19.54395223989976,Mid,Paid Search,12,7.817580895959904
14069.0,1,46,561,5.477619047619048,0.1719964106113382,0.1109511638505338,0.2209093104546355,8.894821673334004,0.9534414160458556,1.81984508122254,Low,Paid Search,12,0.727938032489016
14071.0,7,261,264,4.440802469135802,0.9826330245811002,4.1959462750524885,8.316310858531645,5.016725282010718,20.33774805444963,38.65061291132138,Mid,Paid Search,12,15.460245164528553
14075.0,5,536,540,21.41814814814815,0.9767810484849984,1.7729326495125035,3.5400038383578747,21.696067265628333,37.16067633068266,71.1197637727586,High,Email,2,14.223952754551721
14077.0,5,354,394,10.983571428571429,0.9615187223489684,2.274663486021914,4.526463103791898,11.581890250211003,25.452215089151714,48.55520104066665,High,Paid Social,8,12.138800260166663
14078.0,8,519,620,10.384233128834357,0.9415420065390988,2.234871514237842,4.471002721228472,10.7741742985446,23.261450456874226,44.60069742510407,Mid,Organic,0,6.690104613765611
14079.0,1,557,681,47.59461538461539,0.8647599380784208,0.4710335266218224,0.939928809113343,45.25299631772874,20.592642779682865,39.38812860613612,Mid,Paid Social,8,9.84703215153403
14080.0,4,704,736,13.441927710843377,0.9660968025456088,1.125040319588999,2.252423565670958,14.090491048247683,15.31406375187952,29.383820446814617,Mid,Organic,0,4.407573067022192
14081.0,9,426,728,5.700743099787686,0.3768208012026011,0.8591737496298344,1.7215260664758285,6.129106225364179,5.087101327992783,9.7683365368062,Low,Paid Search,12,3.9073346147224797
14082.0,1,27,392,6.359384615384616,0.2237698656952997,0.1950055652469589,0.3865543478784025,9.65601998509663,1.819262465992398,3.457890221925307,Low,Organic,0,0.518683533288796
14083.0,10,717,721,5.518666666666666,0.9879098999452456,2.492041899117863,4.993307016083126,5.907700357917957,14.222175788378118,27.30967705243655,Mid,Email,2,5.46193541048731
14085.0,32,729,730,9.461582397003744,0.9962138415691192,7.313140924207468,14.663342820786983,9.565052516789487,67.57408166077947,129.8408814915531,Top,Email,2,25.96817629831062
14087.0,2,732,734,3.829049773755656,0.9476168746615524,0.6907338202587868,1.3812945377580907,5.78401368205312,3.859597828355161,7.397411171628897,Low,Organic,0,1.1096116757443344
14088.0,15,410,420,93.89560117302054,0.9893256926262995,5.734362910988035,11.433765225428283,93.23285349506288,516.5022531312845,987.1921181854148,Top,Email,2,197.43842363708296
14091.0,1,44,697,733.0830769230769,0.1129093292012269,0.0602518059089699,0.1202607534939944,637.0119385251039,37.079102540669965,70.93941406689835,High,Email,2,14.187882813379671
14092.0,23,715,722,19.381903485254693,0.99376470103338,5.377665713165414,10.780409891672868,19.457735142465143,101.08249309065742,194.188812467909,Top,Paid Search,12,77.67552498716361
14096.0,16,97,101,12.749909998043435,0.989350986541689,16.515541177737674,32.42803823937305,12.923602401807198,206.2486487513562,388.473016142293,Top,Paid Search,12,155.3892064569172
14097.0,1,164,645,10.5715,0.4278650447650431,0.2444678067337329,0.4875308133746117,13.292196353202511,3.1393127329343224,6.001203073742516,Low,Organic,0,0.9001804610613774
14099.0,19,713,729,10.982304761904762,0.9908780300391012,4.441885979465818,8.904500937957096,11.143412405169205,47.8162434508604,91.8595662601716,High,Email,2,18.37191325203432
14101.0,12,547,620,110.68811111111113,0.9595022844436562,3.2545895694592777,6.513289965146828,109.64307339016528,344.7274652675728,661.1876857523638,Top,Email,2,132.23753715047278
14102.0,4,39,44,17.21873417721519,0.9657515331908982,7.134215425620607,13.880388949921109,17.723440537929058,122.20219086949729,228.16614738130005,Top,Paid Social,8,57.04153684532501
14104.0,4,405,559,5.395664335664336,0.8894166822599715,1.3190793473552274,2.633816212167982,6.350706475494617,8.092882237709558,15.48862693810124,Low,Paid Search,12,6.195450775240496
14105.0,4,482,720,21.465340501792117,0.8417656125874755,0.9996597222202076,2.0009938006280192,21.808295405954645,21.060621849120597,40.40220848569881,Mid,Paid Search,12,16.160883394279523
14107.0,10,678,729,20.66652542372881,0.9763232470634178,2.438678126059416,4.886850725115389,20.819371094674725,49.04715813384984,94.18980236531377,High,Email,2,18.837960473062754
14108.0,3,707,737,20.095384615384617,0.9578935971272292,0.9049154987287732,1.810950106395713,20.615627273955937,18.021996791765552,34.56580988303132,Mid,Paid Social,8,8.64145247075783
14110.0,32,735,738,32.55125313283208,0.9958933399690264,7.239878938912367,14.517761378785073,32.54099850445601,227.58863930576453,437.33995178884754,Top,Paid Search,12,174.93598071553902
14111.0,3,227,241,69.285,0.9565712413776308,2.267781111617819,4.481910476827282,67.33841368494919,147.5481975997611,279.6457717006245,Top,Paid Social,8,69.91144292515612
14112.0,12,631,653,17.897515337423314,0.9856877105951332,3.19431941048751,6.3957033545199895,18.06129140209411,55.73437898774151,106.946677972787,Top,Paid Search,12,42.7786711891148
14113.0,15,728,731,58.136147540983615,0.9918401473306888,3.562463865825597,7.140871221667257,57.84705359031857,199.0774311029586,382.41213952383583,Top,Paid Social,8,95.60303488095896
14114.0,6,332,606,18.43364864864865,0.5492244284201933,1.044679345538759,2.0888197134585256,18.743199386146777,18.91601896255383,36.250346862124005,Mid,Paid Search,12,14.500138744849602
14115.0,1,165,666,28.303181818181816,0.4138917142818661,0.229917387467106,0.4586779358278733,28.599355940886223,6.3524653955773696,12.1476944665875,Low,Email,2,2.4295388933175004
14116.0,4,101,121,19.204722222222223,0.9524124525841564,4.396748513151029,8.627908227830845,19.633783129974205,83.41687508683927,157.029734563943,Top,Paid Search,12,62.81189382557721
14119.0,1,342,717,16.67,0.6855052524980845,0.3567451327180126,0.7122712597840911,18.55682458772049,6.395458279094812,12.239306555113536,Low,Paid Social,8,3.059826638778384
14121.0,3,56,59,17.485220125786164,0.9604866936084064,5.149792624382549,10.031403478345045,18.136360928986495,90.26395732481832,168.7258181114921,Top,Paid Search,12,67.49032724459684
14122.0,2,331,736,27.87846153846154,0.6464269628272817,0.4700495452583439,0.9400066200369296,28.06858349187192,12.745768161283934,24.429513881756705,Mid,Paid Search,12,9.771805552702682
14125.0,2,67,77,16.409760479041914,0.9358299462996308,3.419590829119709,6.6665886708540505,17.441501553774252,57.640133055460254,107.82893085469232,Top,Paid Social,8,26.95723271367308
14126.0,3,436,443,27.26651162790698,0.9618969738097548,1.4116147369116492,2.809989349698261,27.427126675046573,37.4044578349582,71.37947305878947,High,Paid Social,8,17.844868264697368
14127.0,5,302,425,16.240000000000002,0.8808216718591324,1.957616320210015,3.898824661633928,16.676917146757933,31.540430120118028,60.21769175260843,High,Email,2,12.043538350521686
14128.0,2,490,550,14.218615384615385,0.928774219327133,0.8719322042491264,1.73837271637817,15.4111514438456,12.981829478857236,24.809876615657835,Mid,Paid Search,12,9.923950646263135
14129.0,8,577,578,23.77376146788991,0.9856017169179726,2.487154392527534,4.972374381353053,23.903751152343208,57.4344587351076,110.05275061492496,Top,Email,2,22.010550122984995
14130.0,3,408,727,8.404776785714287,0.7494634790840138,0.7166936234230794,1.4340874480221897,9.511296240475076,6.5852496305018136,12.6288146578767,Low,Organic,0,1.894322198681505
14132.0,10,181,183,17.93015,0.9875400384836134,7.4697668231917955,14.750826161597198,18.12566170741404,130.82075073054705,247.75013425128495,Top,Email,2,49.55002685025699
14133.0,3,603,733,25.309444444444445,0.9261348708131376,0.879172649093308,1.759341775268774,25.56820520778332,21.715658556339875,41.64813585731157,Mid,Paid Search,12,16.65925434292463
14134.0,14,347,729,61.79638888888889,0.0063366650694214,0.0214180784041291,0.0429293187681826,61.44592888123523,1.2713474229622237,2.442013491276,Low,Paid Social,8,0.610503372819
14135.0,23,736,737,37.6715625,0.994808140598765,5.285302853235561,10.597082137845335,37.62230237507226,192.08977170558853,369.0826066924175,Top,Paid Search,12,147.63304267696702
14136.0,4,331,731,14.818962264150944,0.4796160795276043,0.5619319831807252,1.1249634062737703,15.41507493208068,8.368082392709953,16.055277946706944,Low,Paid Search,12,6.422111178682778
14138.0,1,62,63,20.901702127659576,0.9051778106361438,2.5207559521358767,4.89334086290676,22.20990952686068,54.110030270015,100.812587164909,High,Organic,0,15.12188807473635
14139.0,3,496,542,15.75072463768116,0.9503842110382976,1.1755446075864306,2.345259194037074,16.48884932337822,18.725960916246983,35.81041954117241,Mid,Paid Search,12,14.324167816468965
14140.0,1,27,31,14.16742424242424,0.8988799979854134,3.196416565791241,6.176925696794668,16.39643580484707,50.65863985806571,93.97364148423968,High,Paid Social,8,23.49341037105992
14141.0,3,102,104,22.87825,0.9622847286543984,3.92813902363858,7.690106354705865,23.258933670220166,88.29009503501737,165.82802458187666,Top,Email,2,33.16560491637534
14142.0,1,273,645,14.89621212121212,0.6412898512943989,0.3664116182069381,0.7307177032471284,17.025573665573667,6.026805100911809,11.521018889581171,Low,Email,2,2.3042037779162343
14145.0,6,564,610,304.002,0.9692310973111042,1.8330014666640544,3.665290619893416,296.96684588312263,525.8640158326191,1007.8180409761318,Top,Paid Social,8,251.95451024403295
14146.0,11,686,694,20.724342105263155,0.9881743849009128,2.8065700702487724,5.622050411750092,20.862669255601062,56.56389897847152,108.58795027111884,Top,Paid Search,12,43.43518010844754
14147.0,8,562,639,86.33999999999999,0.9600132076411424,2.2191046800609326,4.440716043758988,85.25529516934316,182.76705960933677,350.5252905631072,Top,Paid Search,12,140.2101162252429
14148.0,1,180,413,27.428823529411765,0.6825092096340375,0.5699081038458932,1.130463354798804,27.84455208188096,15.331736503461164,29.15958507102073,Mid,Paid Social,8,7.289896267755182
14150.0,1,324,359,25.33230769230769,0.8886819328956042,0.8314819580631432,1.6463653999733574,26.034701057836976,20.91521792268981,39.711077637969794,Mid,Paid Search,12,15.884431055187918
14151.0,1,43,716,15.442045454545456,0.1055147822068345,0.054979244574342,0.1097689680226282,17.4967730716584,0.9293231546943068,1.778466466148508,Low,Paid Social,8,0.444616616537127
14152.0,6,583,658,15.017593984962406,0.9596457238550846,1.698031793920837,3.397852872144624,15.415004294967286,25.286481546686492,48.49470018668431,High,Paid Search,12,19.397880074673726
14154.0,7,456,695,22.12568493150685,0.7353028643785163,1.4087928392699116,2.8209724844570903,22.31030013040876,30.36323537676117,58.2682342214685,High,Paid Search,12,23.3072936885874
14156.0,155,728,738,77.55592144268775,0.9948249386942922,33.92482232977521,68.04334463835683,77.50785363211787,2540.0984813337195,4882.178779267155,Top,Paid Social,8,1220.5446948167887
14157.0,4,626,645,11.267191011235957,0.9683768369243329,1.2676689213683117,2.5348009372137463,11.998589158813584,14.69395532946564,28.160498491330024,Mid,Paid Search,12,11.26419939653201
14159.0,19,717,736,4.235864461045892,0.9901927367456108,4.401058604539952,8.823365854567342,4.45274808318285,18.93105070659013,36.37113108250724,Mid,Paid Social,8,9.09278277062681
14160.0,6,88,698,78.70532710280374,0.0006210061895386,0.001042886472195,0.0020880116458043,77.4647141501423,0.0780435638400137,0.1497503922306764,Low,Email,2,0.029950078446135283
14161.0,6,510,726,10.706064516129032,0.84024677782792,1.362513624586999,2.728923477596128,11.214365655841306,14.760799843650934,28.332666845284876,Mid,Organic,0,4.249900026792731
14162.0,1,118,292,11.5744,0.6863866008466962,0.7552197917467229,1.4913553089337592,14.15796591233969,10.331130077764255,19.565316693297376,Mid,Paid Search,12,7.826126677318951
14163.0,4,374,461,44.7348275862069,0.9323262867796592,1.6296850592120975,3.247348598045532,44.19145747188973,69.57663115991512,132.90100192037494,Top,Paid Search,12,53.16040076814998
14164.0,1,10,80,56.26793103448276,0.7100994626747769,1.7740928201289026,3.4509614534469994,52.74037558429895,90.42790949831168,168.8072049010966,Top,Paid Search,12,67.52288196043865
14166.0,1,121,625,4.84622641509434,0.3354093907060857,0.1970006636546321,0.3927293039388976,8.349761825788505,1.5891315602960372,3.036802773352228,Low,Email,2,0.6073605546704456
14167.0,7,641,680,10.714793388429753,0.9751182704376824,1.9047754098974805,3.813372976835738,11.151893654876046,20.520545726501,39.37231302426412,Mid,Email,2,7.874462604852825
14168.0,1,143,564,24.696666666666665,0.4438920825813542,0.2850316350906628,0.567547861577804,25.485973716587864,7.018088721609761,13.39630953500076,Low,Paid Search,12,5.358523814000304
14169.0,1,13,443,9.319850746268658,0.1391793936222559,0.1096686364831652,0.2177294879948062,12.211689999032242,1.2938959340426868,2.462940091104442,Low,Organic,0,0.3694410136656663
14170.0,2,19,394,3.6201818181818175,0.0833235159515421,0.1035168226262732,0.2055876653766056,5.5904732918532165,0.5591126227006369,1.064624718251675,Low,Paid Search,12,0.42584988730067
14171.0,1,632,729,7.79359375,0.8779529669783452,0.4502065812771789,0.8990354811779815,10.894124093369117,4.738197604302109,9.06926322191174,Low,Paid Social,8,2.267315805477935
14172.0,2,37,642,7.457777777777778,0.0377928749353294,0.0310141141096342,0.0619358848289735,9.14645112200538,0.2740445425983737,0.5245614027398058,Low,Email,2,0.10491228054796116
14173.0,5,719,730,17.757575757575758,0.975720482584988,1.3595173473661182,2.722469933176713,18.14789486429489,23.834505859247816,45.74201641434232,Mid,Organic,0,6.861302462151348
14175.0,7,568,627,23.1990332326284,0.9670664896677278,2.029179059126633,4.059364343007528,23.359898804493344,45.79222277447206,87.79760045494243,High,Email,2,17.559520090988485
14176.0,4,83,380,19.91326086956522,0.1158408145091129,0.237580782396722,0.4723870331122108,20.31533383695472,4.663036732574902,8.888764886829602,Low,Organic,0,1.3333147330244401
14177.0,12,565,651,10.615904761904762,0.9509266920478866,3.090019952967295,6.186702172023669,10.874540776248114,32.46148458826312,62.287526012639134,High,Paid Search,12,24.915010405055654
14178.0,6,173,181,4.9569724770642205,0.9765109063870508,4.80917487549694,9.487832819657772,5.613137986226939,26.083030836802266,49.35168259321933,High,Organic,0,7.402752388982899
14179.0,1,11,51,4.36230303030303,0.8020326039475605,2.4307490950743253,4.711153148022777,7.932007178757951,18.635335125176017,34.6669248528358,Mid,Paid Search,12,13.86676994113432
14180.0,32,537,547,20.99418604651163,0.993791277657174,9.402330886671164,18.803988324764408,21.040854037731066,191.11766645547897,366.3318459437764,Top,Organic,0,54.94977689156646
14181.0,1,151,562,5.750925925925926,0.4663824914457543,0.3003918101160512,0.5981076492324499,9.130758232852305,2.649840423524096,5.057883070633519,Low,Paid Social,8,1.2644707676583797
14182.0,3,152,595,13.5754,0.2011399253700029,0.2294936572642791,0.4582980300078975,14.422615879057847,3.197599900222671,6.120594266291427,Low,Organic,0,0.918089139943714
14183.0,1,69,480,8.179714285714287,0.2985322399962457,0.2199519229243773,0.437113650744942,11.227448857532211,2.385856258786115,4.545790676478344,Low,Paid Social,8,1.136447669119586
14186.0,4,217,644,14.909903846153847,0.2276719171537769,0.2984446301129879,0.5967538204368708,15.50255258730871,4.46961123771423,8.56574479093431,Low,Email,2,1.7131489581868622
14188.0,5,279,309,31.605538461538465,0.9633176254728376,2.7683072885247806,5.49354759180104,31.570647876211755,84.43895620250962,160.66026419159874,Top,Paid Social,8,40.165066047899685
14189.0,15,386,388,18.39996835443038,0.991761848638342,6.136307001809637,12.224967171861476,18.526081291829204,109.82806797201332,209.7477861449,Top,Email,2,41.949557228980005
14191.0,14,726,728,18.17984905660377,0.9914615801913812,3.3552749765207945,6.725065527026941,18.317331784099714,59.37190963714807,114.04073347883588,Top,Paid Search,12,45.616293391534356
14193.0,2,328,396,18.90921875,0.915742516943606,1.1329715406722063,2.2502536227859644,19.757539587088523,21.62675179648071,41.18258537014904,Mid,Paid Search,12,16.473034148059618
14194.0,35,697,702,19.611964285714286,0.9958033824842382,8.25105710356508,16.53890204987329,19.660877204655804,156.712216950847,301.0294673341751,Top,Paid Search,12,120.41178693367004
14195.0,5,432,633,163.475,0.8418536898908369,1.3308353145126075,2.661476536494329,159.39098144330933,204.92270213749944,392.7795324731435,Top,Paid Search,12,157.1118129892574
14198.0,8,685,703,17.24978021978022,0.9824063188461571,2.0869879578397894,4.1799715371154775,17.506429975618396,35.294891701418166,67.74731539387389,High,Organic,0,10.162097309081084
14199.0,3,312,530,60.650000000000006,0.7954852126457372,1.0030490512656227,2.0006438326325977,59.136453626828654,57.30511602369984,109.56195707381929,Top,Paid Search,12,43.82478282952772
14201.0,9,528,587,21.70072727272727,0.9675394410482432,2.6673723901295685,5.334087176834281,21.85237590006836,56.30988810446056,107.92511927858072,Top,Organic,0,16.18876789178711
14202.0,2,243,624,29.233103448275862,0.5714127095893309,0.4807581879966413,0.9597977589347276,29.323816364173016,13.619398506239287,26.062119719779616,Mid,Paid Search,12,10.424847887911847
14204.0,3,735,736,4.581724137931035,0.9638074077695864,0.9116063649070912,1.8243166460124256,5.879967332865327,5.178221884669425,9.93159918038858,Low,Paid Search,12,3.9726396721554327
14205.0,8,625,642,19.62764227642276,0.9823125115204364,2.2613102927264275,4.525372120999723,19.83812694281881,43.33705280388542,83.11870405226442,High,Email,2,16.623740810452883
14206.0,2,163,402,16.690281690140846,0.6453770438304438,0.7886973986689955,1.566754638579228,17.701436997228353,13.488303306071856,25.689398591549818,Mid,Email,2,5.137879718309964
14208.0,1,456,550,16.20142857142857,0.8691323271291954,0.5702954322734695,1.1352210022180855,18.15232276387109,10.001342418630207,19.085437441194635,Low,Paid Social,8,4.771359360298659
14209.0,14,675,686,21.61588744588745,0.9897491504998254,3.5314514645049004,7.074538145455253,21.714930857101244,74.08068246526958,142.22368289240728,Top,Paid Social,8,35.55592072310182
14210.0,15,597,702,17.816170212765957,0.9238985737030804,3.4403946468965327,6.893790611878114,17.94838330912873,59.65208969019347,114.54923066266164,Top,Email,2,22.90984613253233
14211.0,17,677,730,18.342875,0.9767944817064128,3.943055105872984,7.904185232835621,18.45481511817868,70.29632054098961,135.0406578010723,Top,Paid Search,12,54.01626312042893
14212.0,1,356,445,104.29238095238097,0.8624855925737246,0.6770662769639064,1.344282148738185,94.19825456846908,61.61902845979581,117.29853675505902,Top,Organic,0,17.59478051325885
14214.0,4,246,277,14.990746268656716,0.9558591240835986,2.5152682093866097,4.982757183476416,15.580315755792832,37.86308281483504,71.92250362273656,High,Organic,0,10.788375543410483
14215.0,8,720,731,17.793385416666666,0.983895951003256,2.0186479400919106,4.044493007493307,18.039481329625115,35.178490462823966,67.54603209107745,High,Email,2,13.509206418215491
14216.0,4,410,413,27.9225974025974,0.9715644059428802,1.8611645837446285,3.7040847146592912,28.019598095514443,50.38193901784429,96.12510262711052,High,Paid Search,12,38.45004105084421
14217.0,22,525,526,18.877845303867403,0.9945271406184152,6.811348509323694,13.615084791749684,18.960702296478903,124.76483471067218,239.0288812867105,Top,Email,2,47.8057762573421
14219.0,2,489,492,14.740232558139535,0.947148404663986,0.9779947176837376,1.947390637033744,15.8944902644008,15.017861534501243,28.66686771270485,Mid,Paid Search,12,11.466747085081941
14220.0,3,321,568,39.86842105263158,0.7674869375367626,0.9117023215970036,1.819785662587673,39.39705808878646,34.69994874229778,66.38940245667571,High,Paid Search,12,26.555760982670286
14221.0,16,569,611,18.782391930835733,0.9788220253051282,4.372551765884044,8.751094185006858,18.896951395278546,79.82242157976684,153.1072568621968,Top,Paid Search,12,61.24290274487873
14223.0,2,171,263,16.518833333333333,0.8642934172857357,1.4748168188912876,2.914554164976769,17.542570206080352,24.99776434449087,47.37503197582084,High,Paid Social,8,11.84375799395521
14224.0,8,433,543,7.97436974789916,0.9181515985913098,2.445632993247507,4.886369621903033,8.411097297926716,19.872426363872687,38.05631112992486,Mid,Organic,0,5.708446669488729
14225.0,3,261,695,23.414022988505742,0.4271448336504727,0.4251492380241106,0.8503454028013747,23.767837972703543,9.761854047188445,18.713030648709776,Low,Email,2,3.7426061297419553
14226.0,5,412,440,30.6380612244898,0.9685618110464764,2.091369193810665,4.166789227680987,30.632877586446327,61.892874596367896,118.20985500088132,Top,Email,2,23.641971000176266
14227.0,14,643,669,16.8931299734748,0.9859202696564168,3.5968906214627205,7.204035192103907,17.045007360226275,59.22687666118503,113.68272232957638,Top,Paid Social,8,28.420680582394095
14228.0,2,108,546,19.61842105263158,0.2412515670524299,0.2279138767018778,0.4543556104159996,20.41469779024555,4.495026505079092,8.589891143844454,Low,Paid Search,12,3.435956457537782
14229.0,6,419,471,36.028333333333336,0.9618427411914492,2.271888115222961,4.531007942436359,35.8853557517678,78.76274650435818,150.57369578868514,Top,Paid Social,8,37.643423947171286
14230.0,2,112,547,29.69090909090909,0.2535286073397784,0.2391354534189294,0.4767359353150773,29.74802639901309,6.872591792626573,13.133615804560751,Low,Organic,0,1.9700423706841126
14231.0,3,267,450,17.90753623188406,0.80817318464698,1.1705837558309078,2.3306000793189274,18.5374981419704,20.96425775896811,40.0131225289484,Mid,Paid Search,12,16.005249011579362
14232.0,4,221,264,17.80930434782609,0.9450668473797532,2.5790867885556468,5.106276474015874,18.29151613805452,45.58002638141243,86.53426993090196,High,Organic,0,12.980140489635293
14233.0,6,594,643,39.784520547945206,0.9689722625507288,1.749735404879586,3.5005543741219,39.54493531942386,66.84413482384028,128.16802390747793,Top,Paid Social,8,32.04200597686948
14234.0,3,35,56,4.877106918238994,0.9271360428928642,5.077423968046364,9.8865801686316,6.160536848319,30.23010544173235,56.486516426879135,High,Paid Social,8,14.121629106719784
14235.0,8,544,618,31.87831081081081,0.9604396455429708,2.286192197599292,4.573533587820378,31.85095442707698,70.34538020248135,134.873887255274,Top,Email,2,26.974777451054806
14236.0,4,424,504,34.8928,0.9412348442780633,1.5256730588067435,3.0430192645888314,34.72430859489448,51.18128586574867,97.85279104100717,High,Paid Social,8,24.46319776025179
14237.0,1,217,590,18.06114285714286,0.5887644757654945,0.3636025736375365,0.7243776210384172,19.757751039136792,6.94042601236692,13.254693939919136,Low,Organic,0,1.9882040909878702
14238.0,2,408,734,33.40230769230769,0.766436190094164,0.5586681830221855,1.1171963598635817,33.18706773749226,17.9112065058138,34.32911018087215,Mid,Organic,0,5.149366527130822
14239.0,20,691,734,20.300809523809523,0.981736717861686,4.58930774075683,9.200770493418345,20.380706394783736,90.35576292395722,173.59524746935776,Top,Paid Social,8,43.39881186733944
14240.0,2,393,423,20.45065573770492,0.9368604818433116,1.0978827744579145,2.182274757744144,21.185859767890545,22.47175380040977,42.82364264763714,Mid,Paid Search,12,17.129457059054857
14241.0,1,512,695,27.808333333333334,0.8376149936831124,0.4481147099229413,0.8943950924027262,28.17217002547395,12.19610743366471,23.33278980903321,Mid,Paid Social,8,5.833197452258302
14242.0,1,91,325,17.534375,0.5585437291341437,0.5655249943487868,1.1183182261797335,19.303010212089024,10.547309914973312,20.001285905357083,Mid,Organic,0,3.0001928858035622
14243.0,16,467,475,20.02978436657682,0.9907337605211514,5.49738161933752,10.975603873431352,20.13211636278452,106.9193431895906,204.60947367405373,Top,Paid Search,12,81.8437894696215
14245.0,1,43,263,15.680092592592594,0.4604361357241679,0.5484238795246367,1.0815132096003746,17.70227109315699,9.380536979857814,17.74198661127908,Low,Email,2,3.5483973222558163
14246.0,2,135,245,19.65413333333333,0.8190486565360448,1.4733328326682391,2.9090684390217167,20.447789361056195,29.10869203499009,55.11984398680936,High,Email,2,11.023968797361873
14247.0,4,273,550,6.603931623931624,0.6115349883689187,0.9197551377610672,1.8361745855655,7.51295136873803,6.675656106063798,12.77422383662443,Low,Email,2,2.554844767324886
14248.0,2,197,514,21.977659574468085,0.584087027864894,0.5810917140110957,1.1576486023006485,22.60080596005269,12.68793201927272,24.23080220501988,Mid,Paid Search,12,9.692320882007953
14249.0,11,268,678,19.33148109965636,0.0060395863417195,0.0175120485254361,0.0350724323674228,19.489579664908906,0.3297114662886854,0.6328358217363461,Low,Email,2,0.12656716434726922
14250.0,2,82,88,17.153603603603603,0.9415945812600828,3.2218171362412984,6.288687597414074,18.1307584968973,56.45132489010015,105.72827236149388,Top,Organic,0,15.859240854224081
14251.0,4,55,57,36.91923076923077,0.9702266648487788,6.505334752849092,12.679320569560277,36.67355346473389,230.56468417299203,431.22400220073695,Top,Paid Search,12,172.4896008802948
14253.0,1,129,622,30.28333333333333,0.3586262136743652,0.2115242035981263,0.4216595041999011,30.308753591995558,6.193647970208337,11.835337616850072,Low,Paid Search,12,4.734135046740029
14256.0,4,434,694,18.46261194029851,0.7972842357385456,0.9783080155791176,1.9575787298704832,18.91993951791536,17.881106983523615,34.291466661529654,Mid,Organic,0,5.143719999229448
14257.0,8,584,647,24.81020833333333,0.967410519893652,2.211842129122866,4.426694227345928,24.92007588239549,53.247799450051176,102.134088820131,High,Paid Search,12,40.8536355280524
14258.0,24,726,735,106.8378,0.993602072544696,5.509279556033039,11.046082076330343,106.33709938148432,565.9377285859582,1087.3895913117533,Top,Organic,0,163.108438696763
14260.0,2,77,548,16.16235294117647,0.1458229236592906,0.1373283645863644,0.2737807715485331,17.212249769864545,2.2835798418693827,4.364035698448792,Low,Paid Social,8,1.091008924612198
14261.0,1,27,78,22.37403846153846,0.7928037673263431,2.004952590289153,3.899132411371204,23.48092755326807,45.49924573227571,84.91746916772952,High,Paid Search,12,33.96698766709181
14262.0,7,232,240,18.3093006993007,0.9800884911796334,4.493199123353761,8.895676233722266,18.578359784730345,80.65334951858168,153.11623403379136,Top,Organic,0,22.967435105068702
14264.0,5,456,610,19.207088607594937,0.8977595251978869,1.46599616504366,2.9307235449347218,19.55289958515824,27.691590125298408,53.05890764122685,High,Paid Social,8,13.264726910306713
14265.0,3,502,611,17.384177215189872,0.9268629755232478,1.0333235142877737,2.064106522670159,18.04038525824336,18.009019617183693,34.48038041982642,Mid,Paid Social,8,8.620095104956604
14267.0,2,97,260,27.568,0.6681064017120297,1.149894211428924,2.272114654947752,27.78090486194122,30.86562249617379,58.48770783397321,High,Paid Social,8,14.621926958493303
14271.0,1,183,408,5.618717948717949,0.6934708386967362,0.5848833325948484,1.159988991488205,9.016627569633869,5.0951921086723,9.68917440466272,Low,Paid Social,8,2.42229360116568
14272.0,3,508,581,14.38765625,0.941447371660307,1.0966275009885011,2.1894202645411385,15.194137977431764,16.09703588749033,30.80445198608361,Mid,Paid Search,12,12.321780794433444
14273.0,3,190,241,19.309310344827587,0.9262040569825888,2.195788431715679,4.33962833828434,19.86897414485055,42.1537126697761,79.89326675180624,High,Paid Social,8,19.97331668795156
14275.0,5,211,607,51.71217391304347,0.1546773671853566,0.2536711013333408,0.5070981427767273,51.059897474564096,12.512816527878703,23.974279156098337,Mid,Organic,0,3.5961418734147506
14276.0,6,561,659,17.377520661157025,0.9483498525716392,1.6757969596856608,3.3534074782086107,17.714234592054787,28.677590114634384,54.99894898228553,High,Paid Search,12,21.999579592914216
14277.0,8,710,725,45.09374345549739,0.9831126911762336,2.031936226489082,4.0708221224347785,44.80981557370124,87.9581660155085,168.87640425687712,Top,Email,2,33.77528085137543
14279.0,1,160,680,63.95333333333334,0.3916742519467303,0.2136213588966659,0.4262660804622474,59.37492275756421,12.253516584352948,23.437286041584223,Mid,Paid Search,12,9.37491441663369
14282.0,24,659,662,30.90417322834645,0.9946465417661944,6.052707001880487,12.12478527932776,30.901321669151653,180.6842254292665,346.8708192076872,Top,Email,2,69.37416384153744
14283.0,3,106,569,15.327804878048784,0.1016025807152325,0.1205106748318442,0.2405474284087095,16.087138729713516,1.8729069715216504,3.583387307021938,Low,Paid Search,12,1.4333549228087754
14284.0,2,622,653,19.39776119402985,0.940409401419272,0.7602921635200693,1.5185896320417234,20.21023083399129,14.844309859756178,28.41896425076814,Mid,Organic,0,4.262844637615221
14285.0,7,710,730,53.84295081967213,0.9801619152446636,1.7975340152685568,3.6009730082913576,53.32576844299765,92.59925771561656,177.7757581786396,Top,Paid Social,8,44.4439395446599
14286.0,6,712,735,16.993507014028058,0.9769679811306734,1.566886280518874,3.138599108343588,17.3400976237835,26.24718803259139,50.38552076595607,High,Paid Search,12,20.15420830638243
14287.0,2,190,198,19.625555555555557,0.942953968909944,1.9760214570457224,3.8914430432268823,20.42130873483011,38.99131301290264,73.64984502376188,High,Paid Search,12,29.459938009504754
14289.0,5,280,289,19.388510638297877,0.973987352793642,2.9480288175396563,5.845646980099521,19.72875094763693,56.19284675497117,106.83786523844331,Top,Paid Search,12,42.73514609537733
14290.0,7,720,731,29.910993377483447,0.9819258707854994,1.7985691674176911,3.603090358788753,29.923345601015228,51.99127845782923,99.81608253201024,High,Paid Social,8,24.95402063300256
14291.0,22,728,730,16.000202429149798,0.9944217864559088,5.109470441283476,10.243540834430428,16.103629229236645,79.48572346879018,152.7103394853039,Top,Paid Search,12,61.084135794121565
14292.0,15,623,630,47.80440414507772,0.9909740338126968,4.060744639947936,8.129018041877002,47.62326750463993,186.8193335319437,358.42008676576086,Top,Organic,0,53.76301301486413
14293.0,8,726,729,24.387537313432837,0.9853071884899626,2.0264951414712784,4.060117765707646,24.50561082439417,47.973763570168025,92.1120670425858,High,Paid Social,8,23.02801676064645
14295.0,4,691,731,32.818194444444444,0.9641915528898088,1.1296745347135293,2.261559317835354,32.72872389616724,35.717328447597126,68.5284404273517,High,Paid Search,12,27.41137617094068
14296.0,1,152,573,16.9037037037037,0.4590074650873089,0.2907365755470326,0.5790149596098295,18.758573069647184,5.268937018678019,10.05925915924396,Low,Email,2,2.011851831848792
14297.0,3,257,274,21.053709677419352,0.9557307650326065,2.05853820842224,4.07466863285882,21.525892923232693,42.81345818192164,81.26324971598311,High,Email,2,16.252649943196623
14298.0,81,719,727,31.84165153631285,0.996721006929371,18.14184149949693,36.38075023808074,31.83897310012911,557.9927704761935,1072.3040276446543,Top,Paid Search,12,428.92161105786175
14299.0,26,729,737,42.64555882352941,0.9941611353034998,5.933263516414101,11.896773568422724,42.57183015273819,244.0083749607448,468.8589545663643,Top,Paid Search,12,187.54358182654573
14301.0,3,549,665,37.58830188679245,0.9275892571369376,0.960013489441462,1.9193021724208157,37.23128549747578,34.529384857951854,66.16408062084754,High,Paid Search,12,26.46563224833902
14302.0,2,306,737,26.532142857142865,0.5958855897960916,0.4327739745078852,0.865474437129308,26.82106305629356,11.213441852984229,21.4928140895191,Mid,Email,2,4.298562817903821
14303.0,1,27,434,12.633636363636365,0.1908911364654058,0.1530019334604837,0.3036827241771564,15.072368743696275,2.2280301011181733,4.240034180993519,Low,Email,2,0.8480068361987039
14304.0,2,348,570,19.602386363636363,0.8178085287824624,0.7444507491881568,1.484794983692909,20.39983979081552,14.671641052425688,28.04976428156893,Mid,Paid Social,8,7.012441070392232
14305.0,2,64,134,17.70438095238095,0.826379052503301,2.2348910985199195,4.381239011664253,18.641117602499563,40.25805858183461,75.71261512008284,High,Organic,0,11.356892268012427
14306.0,5,625,676,68.50869565217391,0.9656491958965896,1.4405965870057096,2.8827867070091733,67.3406723136763,93.71704874638658,179.7361059546965,Top,Organic,0,26.960415893204477
14307.0,9,643,731,16.35816129032258,0.9594821946672516,2.1796568729160337,4.367534104068886,16.60220785063231,34.95795650523787,67.12913192361316,High,Paid Social,8,16.78228298090329
14308.0,1,0,548,573.51,0.068149229914568,0.044857429242627,0.0892886266125853,499.2579127420195,21.636438525864897,41.286851620585686,Mid,Organic,0,6.193027743087852
14309.0,10,542,550,20.004285714285714,0.9868049272198398,3.1573432454360986,6.310548911869235,20.16745714073605,61.51458362802635,117.84103524965168,Top,Paid Search,12,47.13641409986067
14311.0,1,324,567,16.65967741935484,0.7624073971482306,0.4873209984656686,0.9704018908636663,18.54791345391421,8.73241570314156,16.66964900328436,Low,Paid Search,12,6.667859601313744
14312.0,10,457,503,17.168277777777778,0.9713554384456836,3.355530522208719,6.700725386058305,17.375668727979736,56.32647462815204,107.81166099612568,Top,Paid Search,12,43.12466439845028
14314.0,1,324,430,22.98,0.8487514441014962,0.6855250978556717,1.3604920913252865,24.004033599741227,15.898307276139375,30.25179469794765,Mid,Paid Search,12,12.10071787917906
14315.0,7,589,634,24.04375939849624,0.9724641373667118,2.020705699810581,4.042837152253378,24.18593399058625,47.213455082890846,90.53153949702612,High,Paid Social,8,22.63288487425653
14316.0,4,208,629,44.20451612903226,0.2183803648237283,0.2922533091713767,0.5842389028777021,43.68134535604029,12.33273552286722,23.629770001149648,Mid,Organic,0,3.544465500172447
14320.0,4,480,687,16.626543209876544,0.8673749096440918,1.0739241471332588,2.1486985143344666,17.153805876544464,17.79646069197333,34.126023129341604,Mid,Paid Search,12,13.650409251736642
14321.0,6,462,472,12.391396648044692,0.9786164767267364,2.307373953205609,4.601883231779596,12.856351713053868,28.65842142555653,54.78854441763978,High,Paid Search,12,21.915417767055914
14322.0,3,230,659,36.46923076923077,0.3767457262138382,0.3930448637490037,0.7857223631127949,36.1683351085427,13.733289860483517,26.313037199731845,Mid,Paid Social,8,6.578259299932961
14323.0,1,123,238,16.807222222222222,0.770653417662284,0.9882918534876672,1.9464240301386224,18.67528387861406,17.833775654194504,33.6884328578248,Mid,Organic,0,5.05326492867372
14324.0,1,283,692,17.112439024390245,0.6223166066573969,0.3342090621449817,0.6670184680748698,18.938767193255867,6.114795230986941,11.6978975735777,Low,Paid Search,12,4.67915902943108
14326.0,2,290,532,16.50842105263158,0.7710222870469841,0.7448236865237327,1.4844077752880769,17.532922020151823,12.616180447020524,24.102615122306823,Mid,Paid Social,8,6.025653780576706
14327.0,5,536,699,17.87669811320755,0.9077684570462532,1.314663470514385,2.6316019453282014,18.26335949920366,23.19489638820949,44.49771478260194,Mid,Paid Search,12,17.799085913040777
14329.0,14,706,722,17.95157323688969,0.988822263711245,3.371158177193558,6.756422071241963,18.091609709553595,58.91791697167746,113.16110873989577,Top,Paid Search,12,45.26444349595831
14331.0,1,10,134,16.523571428571426,0.5512624368353639,1.039234946829391,2.032322262390446,18.430417767767555,18.50929223978647,34.7290525188736,Mid,Organic,0,5.20935787783104
14332.0,4,393,415,30.84936507936508,0.9651078513633248,1.8414355451104976,3.665018657523095,30.834886417116863,54.85633210177708,104.66731441353863,Top,Organic,0,15.700097162030794
14334.0,11,551,568,16.73829457364341,0.985582996777446,3.337624672698914,6.673503786113042,16.93320296166395,54.59837263398181,104.63104159993196,Top,Paid Search,12,41.85241663997279
14335.0,1,80,95,7.432698412698413,0.8869412167412971,2.0319266510770198,3.9589951070668414,10.582575387545743,20.78111994058262,38.85438668575642,Mid,Organic,0,5.8281580028634625
14336.0,3,259,275,17.943444444444445,0.9563003477402432,2.0540736365776526,4.066009813627583,18.57160557974443,36.85745887036293,69.96122578015574,High,Email,2,13.99224515603115
14338.0,2,375,536,18.562,0.8684288738793532,0.8335491412449617,1.6613732385495343,19.4358011367116,15.651404276118864,29.903638660651485,Mid,Organic,0,4.485545799097722
14339.0,1,186,428,26.968260869565217,0.6789106348818092,0.5504665941944944,1.092391138540428,27.44696395647424,14.597178648533545,27.77441742961281,Mid,Paid Social,8,6.943604357403203
14341.0,17,693,738,16.794436090225563,0.9809971483739506,3.92162109083084,7.861942640939414,16.9206700533404,64.10217632734307,123.15233178533906,Top,Paid Social,8,30.788082946334765
14342.0,5,451,471,27.831515151515152,0.9719408052525558,1.9821283737457889,3.952042565847184,27.912508131427224,53.45012708198856,102.1562440681152,High,Paid Social,8,25.5390610170288
14343.0,3,268,689,4.575252100840337,0.4573972698669591,0.4587734053017498,0.9175200002589928,5.873819864456227,2.6032778420206464,4.989965592770258,Low,Email,2,0.9979931185540517
14344.0,19,498,625,13.718930041152264,0.7385687409608683,3.794525791930156,7.596520031300038,13.857412722666451,50.79679648607063,97.4608819366194,High,Paid Search,12,38.98435277464776
14346.0,4,376,497,15.861301369863014,0.9089613012318304,1.4910000990141514,2.9734186045316107,16.41771177775664,23.64869722295441,45.20720358246948,Mid,Paid Search,12,18.082881432987794
14350.0,2,155,429,16.47508474576271,0.575129804030743,0.6661627532612793,1.3243599858905672,17.502032064718023,11.264262776461123,21.46931143812017,Mid,Paid Search,12,8.587724575248068
14352.0,3,116,272,22.95659574468085,0.6726832829909848,1.4569593594884036,2.883649597824063,23.33335042396609,32.846211730815284,62.33940795899258,High,Email,2,12.467881591798516
14353.0,2,216,431,15.06,0.7442230623779238,0.8587007596984192,1.7072273597600218,16.190791893345605,13.432089474823986,25.602452072358847,Mid,Paid Search,12,10.24098082894354
14354.0,1,24,29,18.18,0.8966161317888712,3.2447692179853,6.2683701471884685,19.86035637982054,62.28945447814062,115.51396310767085,Top,Email,2,23.10279262153417
14355.0,2,261,626,14.288028169014083,0.6131631552331358,0.5144419234327527,1.027079554654351,15.475470440699269,7.691141126025911,14.71826222979144,Low,Organic,0,2.207739334468716
14356.0,1,1,80,21.24939393939394,0.6550661187472875,1.6365990386779516,3.183508852042851,22.510060076826644,35.60425315299694,66.46459583875134,High,Paid Search,12,26.585838335500537
14358.0,1,38,427,16.0024,0.2354997935884113,0.1913150308920484,0.3796500912190076,17.980508147716524,3.3234937616378324,6.323517740762364,Low,Email,2,1.2647035481524729
14359.0,2,68,87,16.585090909090912,0.9236710379528724,3.178858201132313,6.204168858235546,17.60396553611358,54.08038682212483,101.27730488289374,High,Paid Social,8,25.319326220723436
14360.0,3,62,94,18.03584745762712,0.916072371066378,3.948480375528864,7.722256333134365,18.65937463861811,71.1983453555658,133.59912925852157,Top,Organic,0,20.039869388778236
14363.0,1,49,450,28.433750000000003,0.2556533213368882,0.1988323230521823,0.3948269278483667,28.71207102435424,5.515584074281161,10.500907436682532,Low,Paid Search,12,4.200362974673013
14364.0,7,102,210,53.87463768115942,0.5442801942964117,2.748323274609198,5.432792003227895,53.3567541796576,141.68577529561964,268.58927821303126,Top,Email,2,53.71785564260625
14365.0,1,287,681,12.44470588235294,0.6361926786710491,0.3465332606772918,0.6914934428607624,14.909271466312369,4.991306889254221,9.547013453785858,Low,Organic,0,1.4320520180678786
14367.0,15,267,275,17.67465648854962,0.988857362748408,8.033534311055751,15.944274244011094,17.808348274465665,138.22123471981345,263.0247770712981,Top,Organic,0,39.453716560694716
14369.0,1,19,661,18.04346153846154,0.0765750379487656,0.0428206232976904,0.0854186248551702,19.74248735633722,0.8167131350656864,1.5616599941094604,Low,Email,2,0.3123319988218921
14370.0,5,226,676,26.722272727272728,0.1207058231782653,0.1800740865743396,0.3603473642349174,26.83732563641044,4.66862757172894,8.9537704304591,Low,Paid Social,8,2.238442607614775
14372.0,1,156,598,22.633684210526315,0.4471736857459026,0.2729497819256346,0.5438617587615154,23.70507092312853,6.250932829939326,11.939680948012215,Low,Email,2,2.3879361896024434
14375.0,2,355,540,5.245324074074074,0.8474150640949951,0.8082047594629551,1.6109917449783968,7.09635611371359,5.540845074607609,10.58719352735505,Low,Organic,0,1.5880790291032574
14377.0,1,70,261,56.095454545454544,0.5814436925681435,0.6965218093399741,1.3734315857023078,52.59148248043268,35.39428425478329,66.93704506074933,High,Paid Social,8,16.73426126518733
14379.0,3,436,479,9.836511627906978,0.9497115927288085,1.3052232455128914,2.600476207748197,10.871230460450056,13.708359958226204,26.18160504755796,Mid,Paid Search,12,10.472642019023183
14381.0,1,399,450,5.538070175438596,0.8844263421635818,0.6878555039353421,1.3658939917485438,8.947007081930748,5.945864398896506,11.32010152379294,Low,Organic,0,1.6980152285689412
14382.0,1,363,389,4.128476821192053,0.8946097136238056,0.7845039758307131,1.5549488366810047,7.730152942067624,5.859141905604153,11.135489539704365,Low,Email,2,2.227097907940873
14383.0,2,125,163,21.14728813559322,0.9112458417084888,2.1774694532434387,4.278226568615723,21.831370496153184,45.93477794931823,86.57338200533975,High,Email,2,17.314676401067953
14385.0,2,14,23,14.436428571428571,0.9301937304125468,5.113386650070361,9.89418672566386,15.612980628464616,77.16596579241588,143.3227591087353,Top,Paid Search,12,57.32910364349413
14387.0,2,76,108,12.646857142857142,0.906419043948454,2.7804775953599625,5.438215482520088,13.954735103799289,37.49580472374888,70.3621513401214,High,Email,2,14.07243026802428
14388.0,15,678,688,16.185990338164252,0.9904931332463368,3.755004883369611,7.522880433123558,16.335237329747297,59.25553223620791,113.76879709017284,Top,Paid Social,8,28.44219927254321
14389.0,4,525,589,21.816206896551723,0.953689115765552,1.351712780905938,2.7004156120722578,22.14579744667022,28.918993166167173,55.3748835757811,High,Email,2,11.07497671515622
14390.0,12,414,424,13.03427698574338,0.9875245733322754,4.635068682704221,9.24113122522792,13.26140806514636,59.38329783707631,113.4907363236802,Top,Paid Search,12,45.39629452947208
14395.0,19,598,599,10.046523867809055,0.9937286087746734,5.299020402102405,10.60435333556588,10.215368049610978,52.29356718679014,100.29570073454435,High,Email,2,20.059140146908874
14396.0,6,672,736,7.291855670103092,0.966330157518329,1.5479436746808783,3.100693139320809,7.887968908623211,11.795437370107656,22.64341951275831,Mid,Organic,0,3.3965129269137466
14397.0,18,210,213,30.034022988505747,0.992162655698272,11.52497136860138,22.811581848898246,30.037819317067903,334.4793600011804,634.8414758991653,Top,Paid Search,12,253.93659035966613
14398.0,1,126,527,13.354528301886791,0.4318706066662444,0.2939443946277608,0.584823034433692,15.694690306728106,4.457044437751364,8.501205497833826,Low,Organic,0,1.275180824675074
14399.0,7,280,673,10.94901554404145,0.1113526228599471,0.2195159254774553,0.4394306728634402,11.380933253405612,2.413464446974262,4.630243839499769,Low,Paid Social,8,1.1575609598749423
14400.0,2,482,631,23.73246575342466,0.8923743573248685,0.7435000852622818,1.4845170696803949,24.22683744806806,17.40154741630237,33.30337357060145,Mid,Organic,0,4.995506035590218
14401.0,21,721,724,25.5484962406015,0.9940070969535372,4.924548235748555,9.871933128565212,25.585332879380772,121.71592015410724,233.82464307525035,Top,Email,2,46.764928615050074
14403.0,5,508,638,75.2204,0.9247841597907704,1.4518633809799129,2.903735180690961,73.84628990348234,103.57526444060784,198.5391142275864,Top,Paid Social,8,49.6347785568966
14404.0,12,685,718,13.739857819905216,0.9832907321954708,2.929292938297434,5.869990027617063,13.95779706438042,39.49766780631423,75.85102302133565,High,Email,2,15.17020460426713
14407.0,5,169,276,29.55794520547945,0.8166348426842526,2.560414958408238,5.074321544172768,29.585927153568427,73.18945427562082,139.08190802581365,Top,Organic,0,20.862286203872046
14408.0,10,721,732,31.85868217054264,0.9866788552482672,2.455520463141816,4.920776019063882,31.83701780760373,75.52096289792918,145.0347961464116,Top,Paid Social,8,36.2586990366029
14409.0,8,496,566,35.43481132075472,0.9594801504411308,2.465719051202863,4.928513991493178,35.33840712843003,84.1773715066503,161.2647889777211,Top,Paid Search,12,64.50591559108845
14410.0,10,344,436,6.745903307888041,0.9020820996187616,3.515634311214304,7.010116823026871,7.115801714252867,24.16825811903634,46.19462626534985,Mid,Email,2,9.23892525306997
14412.0,2,381,424,16.978452380952383,0.9311341613019044,1.0890422960802146,2.164762877162252,17.96846057100065,18.905595508642246,36.028695047762,Mid,Organic,0,5.404304257164299
14413.0,3,326,688,7.781515151515151,0.6244383716658558,0.6271236235821123,1.254192827059738,8.919290794098673,5.403625240112553,10.357535022360134,Low,Email,2,2.0715070044720267
14414.0,7,283,374,20.333305084745763,0.9030397020909416,2.934678255827436,5.839526810221972,20.55757968668084,58.285680116740174,111.18557310956524,Top,Email,2,22.23711462191305
14415.0,22,722,722,9.588897700237906,0.9947338959202378,5.161621962662436,10.347134587259465,9.738153433823811,48.557100800903655,93.28113767327092,High,Paid Social,8,23.32028441831773
14416.0,1,20,41,35.01571428571429,0.8600636782612466,2.8142093301397164,5.446617606870452,34.39405758123878,93.55489160879102,173.80148336503348,Top,Organic,0,26.07022250475502
14418.0,2,104,107,15.622983870967742,0.945257312899529,2.914683821621362,5.700158536246841,16.712461757753452,47.073260897893306,88.32649918687176,High,Paid Search,12,35.330599674748704
14419.0,6,372,382,5.506157205240175,0.9780502415736386,2.748583281636255,5.469273210747284,6.148197900781583,16.326235216720754,31.14411974595937,Mid,Paid Social,8,7.786029936489842
14420.0,3,592,691,17.62548387096774,0.9363714634786028,0.9367790503054714,1.873556286209746,18.26959053357037,16.53360284638414,31.692476345168338,Mid,Paid Search,12,12.676990538067336
14421.0,5,634,691,25.722604166666667,0.964150425558589,1.4106595667051924,2.8234586765691585,25.868352476267987,35.25240158338444,67.6223046274483,High,Paid Search,12,27.048921850979323
14422.0,18,721,722,18.60782608695652,0.9934236974077792,4.270835049965939,8.560686081421634,18.71129044949578,77.19815422778879,148.28999376620953,Top,Paid Social,8,37.07249844155238
14423.0,2,476,694,61.10733333333334,0.8575142201109152,0.6569785135619325,1.3130543858811976,58.85898786679553,37.35673368989972,71.56076829465677,High,Paid Social,8,17.890192073664192
14425.0,2,302,737,16.958717948717947,0.5874252697620499,0.426629495786737,0.8531865234009334,17.95017433027726,7.398119820008587,14.179982915871168,Low,Email,2,2.835996583174234
14426.0,16,621,644,19.41711920529801,0.9874223071641668,4.211808529800212,8.433419061504642,19.52545680454101,79.44481621847987,152.4521244826115,Top,Paid Social,8,38.11303112065288
14427.0,3,581,631,28.716363636363635,0.9511909094138368,1.0309635300240518,2.0600669889051475,28.804269496534392,28.68840421778398,54.94439798959779,High,Paid Social,8,13.736099497399447
14428.0,4,317,324,8.644652777777777,0.9698246313181637,2.260014087439,4.485361067141536,9.475942308427204,20.69082787071932,39.37213954659512,Mid,Paid Search,12,15.748855818638049
14430.0,2,95,606,34.88285714285715,0.155059663110248,0.1338383563791469,0.2671151227952945,34.55896855196783,4.468417801980028,8.548250282558609,Low,Paid Social,8,2.137062570639652
14431.0,3,384,687,32.27407407407407,0.7497008969325879,0.7538956588474676,1.5077044887734872,32.18356294279491,23.43943696294036,44.92752678544633,Mid,Paid Search,12,17.971010714178533
14432.0,5,79,88,5.904476439790576,0.96849473609086,6.330227788114165,12.389885281180648,6.658751806246169,40.73331627153684,76.48949109886587,High,Paid Search,12,30.595796439546348
14434.0,5,50,71,114.4,0.94334701272618,6.841049178826271,13.364407149316072,111.82285765920052,739.2739170295865,1385.710514414596,Top,Email,2,277.14210288291923
14436.0,1,454,553,24.7,0.8668477226092377,0.5661423188604748,1.1270264834329535,25.48885127021281,13.941250296081144,26.605543492536743,Mid,Email,2,5.321108698507349
14437.0,4,217,583,19.97583333333333,0.3208597242364317,0.4588380989518235,0.9165594406263724,20.37552294178138,9.031839461924852,17.292712254373015,Low,Email,2,3.458542450874603
14439.0,4,367,686,73.20186046511628,0.6626823084963659,0.8215476744794525,1.643723002086581,71.57419298958395,56.80529808010381,108.92690833215885,Top,Paid Social,8,27.23172708303971
14440.0,12,729,737,47.0831914893617,0.9891053176613284,2.878687525149764,5.769878346139505,46.86675609638594,130.33169997167587,250.34135054818884,Top,Paid Social,8,62.58533763704721
14441.0,10,689,690,29.946038961038965,0.988403335393076,2.5927254764512804,5.193036832940634,29.9541968601404,75.02541655232366,144.0122772582739,Top,Organic,0,21.601841588741085
14442.0,6,485,689,29.327978142076507,0.8438127428976787,1.4334768789255632,2.8696897845840827,29.35733104134466,40.65406772202542,77.99843751270316,High,Paid Social,8,19.49960937817579
14443.0,4,325,378,15.597843137254904,0.9480127327680063,1.952661792957549,3.8822859216363232,16.16428855890014,30.49422036938472,58.12530262774576,High,Paid Social,8,14.53132565693644
14446.0,4,385,386,3.6616814159292033,0.9721450576521616,1.96851632632075,3.9147427284229774,4.682770239031977,8.905830235017634,16.97933747226515,Low,Paid Search,12,6.791734988906061
14447.0,5,381,399,16.148396226415095,0.971703702171132,2.27511028172266,4.527988949232987,16.588126119942277,36.46094906259829,69.56586831503861,High,Paid Search,12,27.826347326015448
14448.0,1,354,363,18.7675,0.902434279580032,0.8368770350000542,1.6572845773933105,20.36752520621709,16.4685748224979,31.272626474976747,Mid,Paid Social,8,7.818156618744187
14449.0,7,417,435,4.547252747252748,0.9783537313675508,2.807725599520612,5.596113391954312,5.120820169616851,13.890387495058508,26.538738773314087,Mid,Paid Social,8,6.634684693328522
14450.0,6,429,610,14.847894736842106,0.8475424145314868,1.6028648824889606,3.2051068837579333,15.24966964427368,23.61348158558107,45.2552219503476,Mid,Paid Social,8,11.3138054875869
14451.0,11,631,691,6.338639846743295,0.9721035335770186,2.7715699096021496,5.551726412730392,6.681169488964213,17.88842465913066,34.33986792801934,Mid,Paid Social,8,8.584966982004834
14452.0,3,510,520,5.042348484848485,0.9613625986872212,1.2321424579866094,2.457080354471344,6.317491651940577,7.520083521417018,14.374883586113883,Low,Email,2,2.874976717222777
14454.0,4,357,732,8.884545454545455,0.5600514630284298,0.6553723995849053,1.3120436379828602,9.706697573596683,6.145484646114472,11.79107021048104,Low,Email,2,2.358214042096208
14455.0,3,63,494,7.952025316455697,0.0570863859967744,0.0764337690486336,0.1523354595716434,9.081249979083722,0.6705806677932843,1.2811562538803365,Low,Organic,0,0.19217343808205048
14456.0,8,137,141,3.157113402061856,0.9831710948004252,7.258269741453732,14.287321659594484,3.6873657507420425,25.861060310972796,48.826607294968426,High,Email,2,9.765321458993686
14459.0,1,496,650,47.57292920353982,0.8476888518877176,0.4810696999456418,0.9594582380290468,45.23427537303918,21.022837492301,40.19118951143861,Mid,Organic,0,6.028678426715791
14460.0,8,613,723,26.035714285714285,0.9458148122403512,1.9596714108332896,3.925949782180217,26.121789204861063,49.45147342553942,94.94279622225864,High,Paid Search,12,37.97711848890346
14461.0,12,542,690,10.36033950617284,0.8559334543840732,2.641755447669732,5.291956326537598,10.622304853641792,27.1084631127117,52.04173095447679,High,Paid Search,12,20.816692381790716
14462.0,11,366,431,7.854705882352942,0.946138390714488,4.051849809711529,8.079092502333184,8.175715236111937,32.00347064586161,61.16901177808666,High,Paid Search,12,24.467604711234667
14463.0,3,401,499,98.32125,0.9226413786605066,1.2248153747215906,2.441373927841663,94.91851359665762,112.31585670348584,214.60394447285032,Top,Email,2,42.920788894570066
14464.0,1,59,626,27.75,0.1730939339078693,0.1015237157238457,0.2023955781529551,28.12181283703741,2.758219317531857,5.271000184089787,Low,Organic,0,0.790650027613468
14465.0,10,454,700,19.73015,0.5364003895300569,1.3891833565836615,2.782786187543061,19.897595797679337,26.70261103258048,51.26221709567454,High,Paid Search,12,20.50488683826982
14466.0,12,696,725,21.51342592592593,0.9844672947816656,2.907521132070507,5.82684982178297,21.63009632724265,60.753692736304416,116.6802043961862,Top,Organic,0,17.50203065942793
14467.0,11,720,737,7.211006493506495,0.986532558958911,2.6557322597423973,5.322681182946698,7.541153045913416,19.34697095729278,37.159588111073845,Mid,Paid Search,12,14.863835244429538
14469.0,3,263,679,14.36877551020408,0.455835117260461,0.4631634410088893,0.926167339807949,15.176204095130212,6.790470021825021,13.014213071866653,Low,Organic,0,1.9521319607799978
14470.0,2,418,430,11.867333333333333,0.943942903397924,1.091243102706887,2.1694974197021577,13.232415866983574,13.950650150660255,26.59017086058144,Mid,Paid Social,8,6.64754271514536
14471.0,1,141,732,9.779268292682929,0.3120232944881798,0.1594192023522554,0.3183645850038731,12.60828958684655,1.9418048761954856,3.716914593733308,Low,Paid Search,12,1.4867658374933233
14472.0,8,585,688,6.691351351351351,0.9473776013752933,2.051505558721872,4.108109566906542,7.152988108734759,14.176058764307273,27.205455031707807,Mid,Paid Social,8,6.801363757926952
14473.0,1,208,281,33.47714285714286,0.8507084812385587,0.9638899670509824,1.9024693909496195,33.065861043782064,30.795275317505805,58.29292317409261,High,Paid Search,12,23.317169269637045
14474.0,1,533,579,9.682424242424242,0.8911908139549602,0.5594202906741085,1.1142463049593996,12.52468740248368,6.769054008274486,12.924721954159097,Low,Paid Search,12,5.169888781663639
14475.0,3,337,408,23.98229166666667,0.9309370096977948,1.4626341532029403,2.9088183078679744,24.307608325981697,34.34868540732951,65.48963292011646,High,Paid Search,12,26.195853168046586
14477.0,6,684,703,140.68571428571428,0.9776308924439095,1.6314022192045574,3.266519061941584,137.8509903313813,217.2534809376761,416.8928395828063,Top,Organic,0,62.53392593742094
14478.0,3,356,737,18.774411764705885,0.6342455515544829,0.5991674141289821,1.1990758185598782,19.36090039970827,11.20655339503636,21.49393314029756,Mid,Paid Social,8,5.37348328507439
14479.0,3,479,732,8.718859060402686,0.8403990065408343,0.7987564242410556,1.5983974559112226,9.809627482160993,7.56947115799594,14.517196613575482,Low,Paid Search,12,5.806878645430193
14480.0,3,707,717,19.992615384615384,0.9620359828684628,0.9313911567757434,1.863445562214163,20.51801185693532,18.46150324588446,35.39996652068095,Mid,Email,2,7.07999330413619
14481.0,4,512,677,15.207171052631578,0.9043298747956786,1.134313116440914,2.2692070347359983,15.788497010378324,17.301111525909235,33.171753972850446,Mid,Email,2,6.634350794570089
14482.0,11,451,469,17.22494071146245,0.9843396472003038,3.927148256135806,7.837315465072516,17.41294124387594,66.06366118170459,126.37430652260356,Top,Paid Search,12,50.549722609041424
14483.0,1,455,736,19.77692307692308,0.782759071791164,0.3979923824100447,0.7948482254499685,21.238925916448004,8.16612050519937,15.63208201712689,Low,Paid Social,8,3.9080205042817227
14484.0,3,672,722,20.20716981132076,0.9528961474855132,0.9168519700487052,1.8344788659662692,20.721806511032646,18.35380734887396,35.19568108092918,Mid,Paid Search,12,14.078272432371671
14486.0,1,41,553,29.25,0.1626194313066911,0.1062075143424512,0.2114286062282997,29.41671196826263,3.0183890373260955,5.760306938363295,Low,Paid Search,12,2.304122775345318
14487.0,6,352,378,7.65057894736842,0.9714418319160196,2.7535057938817062,5.478426597990245,8.23746596532369,21.91339180196563,41.79759085599397,Mid,Email,2,8.359518171198793
14489.0,3,405,612,15.7493,0.8504573350572101,0.9467880338170872,1.8912799498146815,16.487496130401013,15.080485714461812,28.87381730389548,Mid,Paid Search,12,11.549526921558192
14490.0,1,22,428,15.918375,0.1777708110145835,0.1441381057514685,0.2860395001431717,17.907972214715727,2.493841599157626,4.745094873884792,Low,Paid Social,8,1.186273718471198
14491.0,1,197,372,22.29190476190476,0.753820117070118,0.6854126262781355,1.3577643323610475,23.41002431573474,15.502729550768926,29.44738889562563,Mid,Email,2,5.8894777791251265
14492.0,6,188,618,20.890326086956524,0.0426074138978751,0.0796650892879447,0.1593192325618459,21.136692054078697,1.6266985799785525,3.1179385008143794,Low,Paid Search,12,1.2471754003257518
14493.0,9,634,641,14.09381868131868,0.9860063996634028,2.5167028692061564,5.0369536697396,14.37702630717142,34.954176426866866,67.04681939800591,High,Paid Social,8,16.761704849501477
14494.0,2,705,730,23.615294117647057,0.9426002312293684,0.690431690160045,1.380615514849888,24.118264335230077,16.086778015961567,30.83077440426177,Mid,Paid Search,12,12.332309761704709
14495.0,2,609,659,24.97142857142857,0.9351644260058604,0.7499879310115333,1.4981503858297136,25.37488022265672,18.38510008259149,35.20086751653837,Mid,Organic,0,5.2801301274807555
14496.0,6,321,632,24.03810810810811,0.4313296768726006,0.7907861773728792,1.581802866584194,24.20351436879971,18.49006363545993,35.447634094924865,Mid,Paid Social,8,8.861908523731216
14497.0,1,364,673,17.4265,0.7373004824126719,0.4058154455776694,0.8096829586865355,19.209885382901746,7.531248307069358,14.403444809821927,Low,Organic,0,2.160516721473289
14498.0,9,507,549,10.542506738544477,0.974385817767024,2.846725437542198,5.689055656695699,10.887133144047272,29.940901412249517,57.35023178330079,High,Paid Social,8,14.337557945825198
14499.0,6,443,469,6.7052351097178695,0.9734161170734036,2.307493109047938,4.601810877392478,7.316435996631619,16.31011008434645,31.179316845621543,Mid,Paid Search,12,12.471726738248618
14500.0,2,101,189,50.97857142857144,0.8269804604626263,1.78957489615902,3.5222880643831704,49.47351499277905,85.54981533374524,161.5065928669546,Top,Email,2,32.30131857339092
14501.0,1,136,319,25.121,0.6951801580823413,0.7142271674010504,1.4120325207310072,25.85228629304336,17.840280934428208,33.8234291562492,Mid,Organic,0,5.073514373437379
14502.0,10,293,312,3.959407051282052,0.980019050916371,5.008199603712907,9.949895375050506,4.372752986765756,21.15802136615859,40.30087885323416,Mid,Email,2,8.060175770646833
14503.0,5,175,178,21.605243902439025,0.9760037818194124,4.1960548392280606,8.27356801584478,21.87741813673561,88.69979534860973,167.73869645121113,Top,Organic,0,25.16080446768167
14504.0,3,231,277,6.2921495327102805,0.9360782664428344,1.9995879671932872,3.958501524305555,7.504615945531732,14.498677067757695,27.523045050135792,Mid,Organic,0,4.128456757520369
14505.0,18,713,729,7.463830845771144,0.990569044765486,4.222030213238114,8.463551317047145,7.66450166343359,31.260450193754583,60.05288082264163,High,Paid Search,12,24.021152329056655
14506.0,6,582,599,6.971758474576271,0.9775009655816626,1.8782623857742329,3.7551319320184167,7.576104486142607,13.746932944088446,26.34157373357929,Mid,Paid Search,12,10.536629493431716
14507.0,10,705,728,12.301235955056178,0.9841967871105268,2.4613599944840887,4.932244045656255,12.584514658853422,29.92288255737288,57.46303505744771,High,Email,2,11.492607011489543
14508.0,4,518,539,4.653936170212766,0.9670406056660056,1.4799641410439437,2.953940677264045,5.637230425251511,8.059892734213607,15.419959654172937,Low,Paid Social,8,3.854989913543234
14510.0,2,60,435,12.913846153846151,0.1836014741143007,0.2102242193033917,0.4180030838533752,14.202131394072412,2.884491693461058,5.498600702695601,Low,Organic,0,0.8247901054043402
14511.0,4,122,133,19.33544117647059,0.9636384942711718,4.203873697922858,8.257734195951615,19.759523053996443,80.26703697401321,151.24562617033874,Top,Organic,0,22.68684392555081
14512.0,6,544,731,15.293375,0.8836561764794577,1.4241541985466313,2.852556247782702,15.683692331562746,21.57741139431149,41.41925013853671,Mid,Paid Social,8,10.354812534634178
14513.0,5,467,567,41.47421052631579,0.9376999064100962,1.6317922994243532,3.259804550337534,41.13629666606615,64.84817913603712,124.16775273022874,Top,Paid Search,12,49.6671010920915
14514.0,8,665,725,13.526411764705884,0.9710988754214658,2.007105596522063,4.021075936276963,13.855348992928892,26.864615373804355,51.57906140598914,High,Email,2,10.315812281197829
14515.0,11,532,550,21.30261363636364,0.9851531193114488,3.4304512339895643,6.856974789399282,21.432732324889,71.0286415955618,136.07743019288355,Top,Paid Search,12,54.43097207715343
14517.0,1,108,141,18.35833333333333,0.8687129605726441,1.587332647507635,3.106003247200331,20.014305498755096,30.700466189394422,57.63574694383298,High,Organic,0,8.645362041574947
14519.0,1,45,728,5.284358974358974,0.1058417252700207,0.0543410198811839,0.1085141511292456,8.72798680602401,0.4581956428213507,0.8770083277001466,Low,Paid Social,8,0.21925208192503665
14520.0,1,289,290,67.65,0.9060627119905452,1.0021937887141157,1.9788848846201392,62.56612972762813,60.58500822555274,114.72739177732124,Top,Email,2,22.94547835546425
14522.0,7,659,683,38.2308695652174,0.9789963886500382,1.9049051742858607,3.813786085473755,38.05913060767968,70.0371605457843,134.38386228342534,Top,Paid Search,12,53.75354491337014
14524.0,12,385,416,8.94423780487805,0.9775656760387984,4.661375903414523,9.291716185164043,9.224651177646196,41.541644449239605,79.37741801460695,High,Email,2,15.87548360292139
14525.0,16,706,725,15.176132596685084,0.989115873070732,3.798153399489888,7.613036756479013,15.326042140375163,56.23322761457007,108.01601051864424,Top,Paid Social,8,27.00400262966106
14527.0,121,735,737,10.289633469085524,0.9986946458445348,26.681968330392312,53.51476638468299,10.316014443732838,265.8993090600904,511.05620865233175,Top,Paid Social,8,127.76405216308294
14529.0,2,50,109,2.707598253275109,0.8364702011674292,2.552710936384729,4.993211309013151,4.744858756311765,11.70485100379511,21.966547005113988,Mid,Paid Search,12,8.786618802045595
14530.0,15,661,687,12.778144329896907,0.9865549157752556,3.744906990792137,7.502554547579479,12.96300020902424,46.89640772629528,90.03857160917862,High,Email,2,18.007714321835724
14532.0,10,462,698,12.135786163522011,0.5852902747439888,1.519660205735467,3.044077963712579,12.4216445889386,18.235567022288663,35.00680740310508,Mid,Organic,0,5.251021110465762
14533.0,10,585,610,38.947977528089886,0.982707587827419,2.8735811654978,5.7490916414706135,38.81577565204679,107.75358074213965,206.6135175257983,Top,Paid Search,12,82.64540701031933
14534.0,25,631,633,8.578809849521203,0.9950034721446692,6.547570675459776,13.11110097185574,8.716626935016578,55.13458673155657,105.8070735878798,Top,Paid Search,12,42.322829435151924
14535.0,8,593,652,7.136958579881657,0.9693093098168184,2.201195996957272,4.405701117978507,7.5899440795086734,16.139686805143324,30.959468446555547,Mid,Paid Search,12,12.38378737862222
14537.0,1,565,622,27.88695652173913,0.8883576051003395,0.5239693245062413,1.0444981795417376,28.240042757714495,14.295178552602469,27.316415992159357,Mid,Email,2,5.4632831984318715
14538.0,4,618,682,26.36230769230769,0.9566442001621884,1.192141166017353,2.3850603099482472,26.518739166886977,30.54080332720453,58.56037415960257,High,Email,2,11.712074831920514
14539.0,1,28,44,16.79625,0.8745768853999828,2.7948704700639952,5.411549352635142,18.66581193126528,50.42330604823201,93.71302339810784,High,Paid Social,8,23.42825584952696
14540.0,10,722,731,13.902344322344325,0.9870446317588648,2.4594325462846283,4.928557370096337,14.160658268968357,33.644183910622495,64.61149856867156,High,Paid Search,12,25.844599427468626
14541.0,13,642,701,13.810386740331491,0.9731174076793284,3.183767197342498,6.378936410864133,14.010914250253409,43.09236554608087,82.74203715985607,High,Paid Social,8,20.685509289964017
14543.0,38,709,737,68.69479262672812,0.9879740559615064,8.485713750985346,17.016538811211973,68.53612247669385,561.8186379601237,1079.6387528696227,Top,Paid Social,8,269.9096882174057
14544.0,2,445,469,15.533489583333331,0.9401185300665876,1.010781211030994,2.011569066626487,16.62953491863235,16.239225719288623,30.982074725115588,Mid,Paid Social,8,7.745518681278897
14546.0,10,727,732,6.538238993710691,0.9877498612394447,2.458185846223145,4.9261173523352175,6.911375337795973,16.412350127897916,31.519220144218764,Mid,Organic,0,4.727883021632814
14547.0,7,50,53,10.949562841530057,0.980449561077342,10.60288855853278,20.68177002272734,11.38146844102157,116.623717163568,218.28259203363632,Top,Paid Search,12,87.31303681345453
14548.0,8,582,732,23.252123893805308,0.91101842814749,1.8668451395269248,3.7403910117180272,23.39224092992593,42.18641604395302,81.00283355145484,High,Email,2,16.200566710290968
14549.0,3,425,736,6.364930555555556,0.7679629837270048,0.7263691255483107,1.4536178529450337,7.5737470448213795,5.314550839852428,10.193072050751145,Low,Paid Social,8,2.548268012687786
14550.0,3,473,483,13.809285714285714,0.9611808926363764,1.3117314320209257,2.613683252757247,14.64477236854672,18.55876361189632,35.4484922405491,Mid,Paid Social,8,8.862123060137275
14551.0,6,663,681,11.0005,0.9777313465429054,1.6782657155969427,3.359373341139282,11.501228375722658,18.64671118592212,35.771719874060175,Mid,Email,2,7.154343974812035
14552.0,2,440,591,3.25656050955414,0.8858149857663147,0.7814505899924904,1.5592025540214915,5.2535359681577125,3.9661312538368394,7.585418494226218,Low,Email,2,1.5170836988452436
14553.0,8,490,509,6.138466666666667,0.9807869389525304,2.761489223693092,5.513872228634725,6.610837423883391,17.63641211040685,33.75347919394561,Mid,Organic,0,5.063021879091841
14554.0,3,42,51,11.023333333333332,0.9512829792865668,5.402609498959059,10.512738969156132,11.998533786914152,62.64911791552889,116.98821774351389,Top,Paid Search,12,46.795287097405556
14555.0,5,664,721,19.4590756302521,0.9648034054938026,1.3592623084994158,2.72165189193554,19.797149200761805,25.995707959550774,49.88434589414823,High,Paid Search,12,19.953738357659294
14556.0,2,92,688,4.114975369458128,0.1059869095490855,0.0818280206395454,0.1635291833422022,6.048956914768553,0.4781761804785757,0.9159202406727174,Low,Email,2,0.18318404813454348
14558.0,2,77,731,43.7,0.0675710651142219,0.0494338187560076,0.0988512342230276,42.72907422629878,2.0405623787873384,3.910847142077654,Low,Paid Social,8,0.9777117855194135
14560.0,43,730,737,30.57015,0.9960318989114276,9.642628132025983,19.33705821843142,30.569779673852175,284.7579276279548,547.2296898743514,Top,Paid Search,12,218.89187594974055
14561.0,2,108,183,15.6631884057971,0.8543351136910847,1.889920918206756,3.71835151045522,16.749715923129383,30.58793416638021,57.72459058449344,High,Paid Search,12,23.089836233797378
14562.0,25,666,669,11.013747954173487,0.99484273790288,6.23466870574656,12.490634308609534,11.136235235131004,67.07254190726013,128.77649439757488,Top,Paid Search,12,51.510597759029956
14563.0,1,82,591,5.908173913043478,0.2535290406487653,0.1563417396354525,0.3114738165993948,9.266505087455926,1.399627519295383,2.673031955182193,Low,Organic,0,0.4009547932773289
14564.0,1,300,735,24.35158878504673,0.6177547502079948,0.3144767371225384,0.6280462975140435,25.18807968384473,7.652302579586687,14.648298476526874,Low,Paid Search,12,5.85931939061075
14565.0,4,377,473,24.120125,0.9269434941970308,1.5855899475269135,3.160367932599533,24.36196027437019,37.31839506959302,71.3022620930125,High,Paid Search,12,28.520904837205002
14566.0,3,423,533,255.75,0.9187292316398412,1.1528555878740172,2.2995816701687675,244.45230855900192,272.2605210039327,520.5663127645898,Top,Paid Search,12,208.22652510583595
14567.0,1,73,129,46.374545454545455,0.822343762186125,1.58623634608979,3.1006947335879267,44.19975132274104,67.75352186175968,127.07366624645894,Top,Paid Social,8,31.768416561614735
14569.0,3,602,603,17.113714285714288,0.9637709639302856,1.086904214415741,2.1708427207214496,17.783485878421583,18.673117674107797,35.747285588691355,Mid,Paid Search,12,14.298914235476543
14570.0,2,162,442,9.025735294117649,0.5786648884294768,0.6538280689996595,1.3002943626582282,10.59934564905508,6.6953697780319965,12.765412154574385,Low,Paid Social,8,3.191353038643596
14572.0,10,618,620,10.675247148288976,0.9881977450177428,2.848769911889937,5.700318837919999,10.983878549353085,30.228199772680984,57.96981966029911,High,Paid Search,12,23.187927864119644
14573.0,12,520,699,6.586482412060302,0.7583968450179622,2.313920990676546,4.635767416195247,6.8976110442594925,15.418430719598724,29.602878299451163,Mid,Organic,0,4.4404317449176745
14577.0,6,716,728,7.428378378378379,0.979126359987596,1.5838230560476056,3.1722534342909787,8.02098030693205,12.2723663352738,23.55678594082036,Mid,Paid Search,12,9.422714376328145
14581.0,1,527,543,6.673846153846154,0.9013004992090032,0.5979439031004931,1.190076584699873,9.927483967068358,5.7349109389800095,10.942277435036454,Low,Paid Social,8,2.7355693587591134
14583.0,7,615,620,3.519822134387352,0.98286386893542,2.0827337612677828,4.166056687140577,4.116123178108489,8.28176814636377,15.877060592065725,Low,Organic,0,2.381559088809859
14584.0,7,491,659,7.909095022624434,0.8754204504523857,1.758133119454023,3.518778004218702,8.408276059773462,14.280937161526357,27.39300968798029,Mid,Email,2,5.478601937596058
14585.0,4,366,416,10.29972972972973,0.952280764662184,1.813351624012896,3.609220453811068,11.067978072376064,19.390010938944545,36.9975962209241,Mid,Paid Social,8,9.249399055231025
14587.0,8,312,330,4.180522193211488,0.9785068950355994,3.938616504116638,7.827692109848127,4.690905534668443,17.849940422107583,34.01120264344367,Mid,Paid Search,12,13.604481057377468
14590.0,19,307,731,14.738333333333332,4.419242564285957e-05,0.0001976204409632,0.0003961722759286,14.868388130815106,0.0028384776706969,0.005453105986789,Low,Paid Search,12,0.0021812423947156
14591.0,3,197,212,7.345888324873097,0.955057545634516,2.484149720263686,4.901985531090028,8.505510385023522,20.415402256327926,38.63632524117225,Mid,Email,2,7.72726504823445
14592.0,2,28,63,3.4784146341463416,0.8749483545854685,3.5002313533169054,6.812341182752464,5.459109550390883,18.46712155078461,34.49141196239434,Mid,Organic,0,5.173711794359151
14593.0,11,708,729,5.977471819645732,0.9856368662242108,2.6793256926388618,5.369463314825024,6.325128177948801,16.37141611890273,31.44166012781412,Mid,Email,2,6.288332025562824
14594.0,1,365,372,7.5575,0.9034485261275956,0.8214625916419083,1.6272717550546691,10.690312365527314,8.484619908557459,16.116510402935244,Low,Paid Social,8,4.029127600733811
14595.0,7,668,687,15.915073529411764,0.9801476983275172,1.8972960389910103,3.798754054104093,16.237108896880716,29.760473544624865,57.105817075789005,High,Email,2,11.421163415157801
14597.0,5,425,436,21.374174757281555,0.974498650357948,2.120275252743362,4.223960457332608,21.653444103123,44.35493349185683,84.7059427206018,High,Paid Social,8,21.17648568015045
14598.0,1,525,568,4.26711111111111,0.8920285257875897,0.569306632311567,1.1336832696201078,7.849831223117099,4.317483280820359,8.241974305875829,Low,Paid Search,12,3.2967897223503315
14599.0,1,118,508,5.787073170731707,0.4271701545821108,0.2999858015965264,0.596578676806513,9.1619629234491,2.655343694541665,5.062575715747164,Low,Paid Social,8,1.265643928936791
14600.0,1,87,392,16.021666666666665,0.4548356756057695,0.3963692239810311,0.7857121754500563,17.997140407668706,6.8921326731107655,13.099944963445,Low,Organic,0,1.9649917445167497
14605.0,3,357,730,8.442882882882882,0.6451818284558961,0.6147106025664749,1.2300699938450514,9.547491340295304,5.669682893983978,10.873397685760176,Low,Paid Search,12,4.349359074304071
14606.0,191,735,736,4.70013097776424,0.9992237437389092,42.02379778062839,84.28665526780345,4.721482933445223,191.67304252574743,368.4001914516891,Top,Email,2,73.68003829033783
14607.0,21,708,724,115.49105263157897,0.99137470177871,4.911506722208341,9.845789623942863,114.85458070204358,544.945389560799,1046.8775247167805,Top,Paid Search,12,418.7510098867122
14608.0,10,729,733,77.97534883720931,0.9879199956173464,2.455612138406774,4.921017850887562,77.23462547208602,183.21597478562887,351.86242587374693,Top,Paid Social,8,87.96560646843673
14609.0,9,596,668,114.32307692307693,0.9646330371266536,2.374129596851675,4.753401597557233,112.87285227780389,258.8749618028424,496.7350824740254,Top,Paid Search,12,198.69403298961015
14610.0,1,118,513,2.435,0.4223109667953534,0.2941133282399049,0.5849694677312707,6.268231832393206,1.7811094275773258,3.396177013315489,Low,Paid Social,8,0.8490442533288722
14611.0,1,154,598,15.90342105263158,0.442202558555319,0.2699154618709312,0.5378157724633987,17.895062979078556,4.666398417079263,8.913119016314312,Low,Email,2,1.7826238032628625
14615.0,4,153,547,19.828333333333333,0.1468313621088251,0.221879568030327,0.4429293299719177,20.233641155012787,4.337133745324785,8.298889785792213,Low,Paid Search,12,3.319555914316885
14616.0,4,306,548,105.556,0.7214007232885017,1.0884073288363112,2.1727852907215093,102.69597689853052,107.98321311747878,206.62422700227864,Top,Email,2,41.32484540045573
14617.0,1,13,415,21.16333333333333,0.1554090930428441,0.1292549000704642,0.2564042514321826,22.43576687414625,2.801778859877369,5.329041572134008,Low,Email,2,1.0658083144268016
14618.0,6,537,546,26.32,0.9791965337323464,2.038950076348198,4.072648756371134,26.426716905319317,52.05449562082021,99.65881906131926,High,Organic,0,14.94882285919789
14619.0,1,295,540,21.520666666666667,0.7485012060151336,0.4989382605489714,0.9929620044586326,22.744240622740342,10.963410051111504,20.91700382900818,Mid,Paid Search,12,8.366801531603272
14620.0,1,78,283,15.876153846153848,0.5756810341314973,0.6487593732530428,1.2806016027139868,17.871524124425918,11.202667367700098,21.20759756125128,Mid,Paid Social,8,5.30189939031282
14621.0,8,682,683,18.871509433962267,0.985629659887994,2.148190632023164,4.301436590497837,19.096674068948087,39.63019357707794,76.05005579177323,High,Paid Search,12,30.420022316709293
14623.0,9,569,601,7.053356164383562,0.979299772723064,2.644867621208528,5.290271398761752,7.458326288977634,19.05664746128617,36.532295924384,Mid,Organic,0,5.4798443886576
14624.0,5,547,604,15.9621568627451,0.9618274801378656,1.5842398485889082,3.166801342230135,16.4076053434873,25.111377285574974,48.11061940891765,High,Organic,0,7.2165929113376475
14625.0,10,527,722,16.90932330827068,0.7840088357403738,1.975249692110964,3.9578577147706,17.12075192112074,32.66908863167063,62.7324885403411,High,Paid Social,8,15.683122135085275
14626.0,10,705,728,23.32293103448276,0.9841967871105268,2.4613599944840887,4.932244045656255,23.434357572045247,55.72114208969267,107.00526378773284,Top,Organic,0,16.050789568159924
14628.0,4,592,682,23.232558139534884,0.9473773105130028,1.180593047469348,2.361956536679988,23.50820046393372,26.811400895431944,51.409442356777454,High,Paid Social,8,12.852360589194364
14629.0,1,43,46,6.309276315789473,0.9016108112793842,2.837120012411188,5.4949250915517815,9.612763189354682,26.36004407393435,49.00425290119727,High,Email,2,9.800850580239455
14631.0,5,436,486,22.26032967032967,0.960507207819043,1.907564364723043,3.804642985546008,22.51238911781009,41.48748093893978,79.31784109560388,High,Paid Search,12,31.727136438241555
14634.0,3,104,541,19.49045871559633,0.1155757361435034,0.1431845957961381,0.2856534483760782,20.04103803618105,2.772242813093469,5.301373849398892,Low,Email,2,1.0602747698797783
14636.0,1,232,268,21.780357142857145,0.882407355353877,1.0362812904212964,2.044088363364556,22.968422604078015,22.99797482101047,43.50765729526557,Mid,Paid Search,12,17.403062918106226
14639.0,8,609,661,17.05123287671233,0.972303883908239,2.1814423502082305,4.366715181688404,17.311737337168722,36.482245302082845,69.9893496089381,High,Organic,0,10.498402441340714
14640.0,9,661,685,17.97578431372549,0.9824601353330898,2.3647800665017185,4.735756217094997,18.191854612407912,41.55877159107641,79.76106325910014,High,Email,2,15.952212651820028
14643.0,4,558,728,27.095,0.908733814495876,1.0686119261938538,2.1392332080260696,27.22352353140892,28.10354479224489,53.91843779748304,High,Email,2,10.783687559496608
14644.0,6,668,735,36.25354838709677,0.9653319230323518,1.5482240723956562,3.101217206093568,36.1047783635788,53.99981419171495,103.66096192612969,Top,Paid Search,12,41.46438477045188
14645.0,2,477,634,18.268541666666668,0.8880666502339364,0.7368409981672579,1.4712945652071974,19.16387794875916,13.641654147023369,26.10886400214479,Mid,Paid Search,12,10.443545600857917
14646.0,150,735,736,137.33502727981295,0.9990605305990328,33.0597558966727,66.3066696952208,137.22230218022588,4382.39708643565,8422.963060635153,Top,Paid Search,12,3369.1852242540613
14647.0,1,322,522,10.195490196078431,0.7897658871293252,0.541931735476375,1.078087816678858,12.96759984091571,6.789438446509789,12.948520023588982,Low,Paid Social,8,3.2371300058972454
14648.0,14,312,728,9.9930989010989,0.0017322838539356,0.0058623438199384,0.0117500492826756,10.222167647986195,0.0578901897380782,0.1111946666244461,Low,Paid Search,12,0.044477866649778444
14649.0,8,683,687,6.600192307692308,0.985100324405072,2.135947071095703,4.2771463253287765,7.063598875646612,14.575111504758052,27.97093403515424,Mid,Organic,0,4.195640105273136
14651.0,8,564,631,7.062916666666667,0.9648534107070548,2.255132036448689,4.512280661247892,7.517339655712587,16.377044458311843,31.40570043766791,Mid,Paid Social,8,7.851425109416978
14653.0,11,736,737,9.364093264248703,0.989429628333518,2.6635311311805334,5.338311864879979,9.663677131850614,24.865152351348176,47.758319466898605,High,Paid Search,12,19.103327786759444
14655.0,6,588,595,37.65543689320389,0.979797471791908,1.893709255561508,3.785766953521024,37.47061085273805,68.55008760017176,131.34604255896954,Top,Paid Social,8,32.836510639742386
14656.0,4,434,603,3.78906976744186,0.8848894674316444,1.2287863640854395,2.4554168515049053,4.805306421581951,5.704316934244611,10.925234603489852,Low,Paid Social,8,2.731308650872463
14657.0,5,417,434,6.794744186046511,0.9725131287418228,2.124074887975448,4.231317596939086,7.521683367222264,15.435043431711373,29.47535771730781,Mid,Email,2,5.895071543461562
14658.0,1,111,116,8.522413793103448,0.9012842116130458,1.8501786974993315,3.6123835274828906,11.523289720458568,20.603609788182084,38.59921543311471,Mid,Paid Social,8,9.649803858278677
14659.0,8,306,315,9.999723320158102,0.98242699851827,4.102199515622046,8.148527821473568,10.397129569543312,41.20687482238616,78.47626361494794,High,Organic,0,11.77143954224219
14660.0,1,14,100,9.524666666666668,0.6727773388985288,1.4998332687275575,2.923778377581415,12.388500637288558,17.956725733868478,33.59023934452381,Mid,Paid Social,8,8.397559836130952
14662.0,6,707,735,5.598142292490119,0.9758949904605604,1.565165390589422,3.135152027553304,6.237817168032015,9.431627580767335,18.105462068448418,Low,Organic,0,2.7158193102672628
14663.0,1,0,429,7.214705882352941,0.1069842143295053,0.0865763922568385,0.1718143497992774,10.394389828773786,0.8694446840664295,1.6543603762922858,Low,Organic,0,0.24815405644384286
14664.0,1,13,32,6.443333333333333,0.8613143505281874,3.0364540388480554,5.868728847374132,9.728490066389474,28.5529763258642,52.97481704999287,High,Paid Search,12,21.18992681999715
14665.0,6,531,592,20.83068181818182,0.9629263057525456,1.869318407863259,3.736821985025829,21.078581812265774,38.06526595301296,72.93189311858869,High,Organic,0,10.939783967788303
14667.0,53,726,737,16.09922173274596,0.9954029228512178,11.810575988573754,23.685558214580794,16.14203882430996,184.1693527549473,353.9385274374735,Top,Paid Search,12,141.5754109749894
14669.0,6,495,736,8.212481012658227,0.7988976865946007,1.2797371695996589,2.563447447614361,8.784916132120234,10.860557238617336,20.8487524438521,Mid,Organic,0,3.1273128665778147
14670.0,2,452,731,3.202127659574468,0.8161332655154395,0.5970689356463521,1.1939397499550577,5.203097618264282,3.0011567649990614,5.751877756512732,Low,Paid Social,8,1.437969439128183
14671.0,1,18,567,20.49909090909091,0.1001248431015467,0.063998511417876,0.1274401814982369,21.86234891542995,1.3517329788007624,2.580375816816224,Low,Organic,0,0.3870563725224336
14672.0,3,445,680,10.501320754716982,0.8423346341680424,0.8547629198704448,1.7092560822307898,11.50269981822303,9.498341746327345,18.204209233751627,Low,Organic,0,2.7306313850627437
14673.0,6,406,409,20.92521472392638,0.980409651953025,2.6051922705922914,5.187855075073531,21.170683369128596,53.28435549262208,101.71872900053906,High,Organic,0,15.257809350080858
14675.0,1,372,388,4.445416666666668,0.8994424525215505,0.7903948653907679,1.5665735199255406,8.003756362438113,6.112078834845712,11.615840785973202,Low,Email,2,2.3231681571946403
14676.0,11,608,639,62.833007518797,0.9821606839311696,3.000772207072221,6.006609027666324,62.37360963265163,180.813672975555,346.870678347248,Top,Paid Search,12,138.7482713388992
14679.0,2,349,730,20.467301587301588,0.6839743681137418,0.5009945503482559,1.0018092432948882,21.20128407851444,10.261183837187636,19.665855007826387,Mid,Paid Search,12,7.866342003130555
14680.0,57,710,735,44.437128482972135,0.9874526067200622,12.609530632352268,25.287570415057925,44.398422134251135,540.822066561573,1039.34742508732,Top,Paid Social,8,259.83685627183
14681.0,5,582,653,43.75750000000001,0.9582036257753938,1.4738694453152803,2.9484034814848443,43.349476417857566,61.72247555668505,118.33823524658108,Top,Paid Search,12,47.33529409863243
14682.0,5,484,671,17.61406976744186,0.8763119696724051,1.3159333825025212,2.633138517335912,18.008795308462993,22.89379026606268,43.904157298816855,Mid,Email,2,8.780831459763371
14684.0,5,364,389,2.829576107899807,0.9686663275150637,2.315642725677713,4.6073516853034455,3.6782680648059785,8.228955698051433,15.696250755392988,Low,Paid Search,12,6.2785003021571955
14685.0,7,150,726,23.69123076923077,0.0016294307183507,0.0030029294225672,0.0060154306508666,23.841205647077192,0.069161889675369,0.1327736282227184,Low,Organic,0,0.01991604423340776
14686.0,4,245,658,3.769489361702128,0.30175792119044,0.3881377990477892,0.7762617175346854,4.786471825297156,1.794746547181051,3.440207825773226,Low,Email,2,0.6880415651546452
14687.0,2,445,551,35.0515,0.9077793438034304,0.8508902081689689,1.6964552783051874,34.71523572222945,28.537217738855407,54.53918055672886,High,Organic,0,8.180877083509328
14688.0,27,448,456,15.036198830409356,0.9934158226224772,9.328754748998067,18.62254342375276,15.126206421359312,136.32182301693717,260.8437714567776,Top,Paid Search,12,104.33750858271104
14690.0,3,366,410,7.565047619047619,0.9466895385619298,1.4814062444964944,2.946317036023188,8.713678975317132,12.471181118128522,23.778981256775456,Mid,Organic,0,3.566847188516318
14691.0,4,182,212,29.779295774647885,0.951642526732498,3.049719636235745,6.022432370496675,29.805575604103304,87.8279450003418,166.33097551070335,Top,Organic,0,24.949646326605503
14692.0,11,480,616,10.7060736196319,0.8652956380665975,2.730202227653151,5.463164023787238,10.9866083141241,28.977276249598845,55.571801272022725,High,Paid Social,8,13.892950318005681
14693.0,6,261,525,15.538133333333333,0.4317663945589723,0.9298865194835844,1.856639381066582,15.92215557753617,14.303501812971566,27.373845600783085,Mid,Email,2,5.474769120156617
14695.0,2,213,732,18.83802325581395,0.3731357600532897,0.2726472594949274,0.5452114437657349,19.691568702816756,5.186610233880249,9.94054440143494,Low,Email,2,1.988108880286988
14696.0,7,417,421,16.092441860465115,0.9827421749826772,2.898065784891504,5.774142102366969,16.41055265684537,45.946619901145,87.75552072940819,High,Paid Search,12,35.102208291763276
14697.0,1,0,217,8.57318181818182,0.2987068768751484,0.409450028772702,0.8054462375424054,11.567116034837236,4.576409199208673,8.63514422282028,Low,Paid Social,8,2.15878605570507
14698.0,4,49,50,5.956,0.9713050513435368,6.853194380214805,13.344846500098166,6.889699189027562,45.63216583077572,85.2693272649132,High,Paid Social,8,21.3173318162283
14699.0,3,311,525,14.052,0.7994752593354219,1.016301159656571,2.0268691946838664,14.875314682034134,14.605118506308385,27.92089782459515,Mid,Paid Search,12,11.168359129838061
14700.0,4,453,485,18.33094117647059,0.9627180215877535,1.612272123331938,3.2144210543207685,18.793284038341863,29.2724706050252,55.94374356388134,High,Paid Social,8,13.985935890970335
14701.0,14,674,684,7.40599025974026,0.9899485037052876,3.5413248130961748,7.094135342369213,7.664001258155251,26.218916573844368,50.33512099705953,High,Paid Search,12,20.134048398823815
14702.0,28,727,728,9.367850208044382,0.9956988310191338,6.447816527980864,12.927493491797836,9.486545872664252,59.08944991176101,113.5312132420727,Top,Paid Search,12,45.41248529682908
14704.0,10,612,623,3.7548033126294,0.9863550506962042,2.8314453250659564,5.665907303614488,4.171339464813331,11.409921857174332,21.88219335090819,Mid,Paid Search,12,8.752877340363275
14707.0,1,141,576,69.6,0.4279919048066459,0.2698701504481507,0.5374913660269771,64.2494985982209,16.75127220650103,31.982763883883784,Mid,Organic,0,4.797414582582568
14708.0,4,452,455,41.7411320754717,0.9716359455317388,1.7171809311199375,3.4212042435253034,41.311790569488245,68.53497484765279,130.89345321591654,Top,Paid Social,8,32.723363303979134
14709.0,24,719,733,24.891680672268908,0.9925054338911654,5.516623200238831,11.06055415085775,24.928249247347665,132.8477615511002,255.24743453626672,Top,Organic,0,38.287115180440004
14710.0,12,721,735,4.349751131221719,0.9879708869339238,2.882380158301963,5.777145362785449,4.690018401711282,13.059199677797782,25.08357993149044,Mid,Paid Social,8,6.27089498287261
14711.0,10,252,261,8.035854341736695,0.9845475070025363,5.770865450159746,11.44197336224716,8.385639609613644,46.754952608659,88.88583872333865,High,Paid Search,12,35.554335489335465
14712.0,3,388,417,41.5021875,0.9536947184270356,1.4716692167812038,2.927519969625999,40.94889215313078,58.221463334030176,111.03221019792126,Top,Paid Social,8,27.758052549480315
14713.0,20,726,735,7.719188034188034,0.9926723738882668,4.634782877696692,9.292046546533204,7.897943015116243,35.36167078735113,67.93904844592706,High,Paid Social,8,16.984762111481764
14714.0,3,663,687,9.744516129032258,0.9588681097511108,0.9642332139475092,1.9283553736277483,10.783848479292288,10.045178886493392,19.254090625175067,Mid,Paid Search,12,7.7016362500700275
14715.0,7,664,689,13.336594202898551,0.9788081896175242,1.889823221726959,3.7838920593764582,13.715682739653952,25.04001075432036,48.049172919886246,High,Email,2,9.60983458397725
14716.0,2,401,444,5.6545000000000005,0.9318993756778604,1.0489888681055095,2.0862769563446792,7.475505074819379,7.576054175026456,14.445253885837069,Low,Paid Search,12,5.778101554334828
14719.0,4,247,248,6.760042194092828,0.9720120234317756,2.77951254119564,5.499021066111688,7.663115752656232,20.57962883054809,39.04314193505312,Mid,Email,2,7.808628387010625
14720.0,2,120,126,17.94081081081081,0.9428696723723,2.646244654252308,5.184138080463123,18.860197292965758,48.22871582752411,90.644244755582,High,Email,2,18.1288489511164
14722.0,2,339,485,5.461382978723404,0.8699005974110922,0.9091933250264924,1.810096171808086,7.296559752405368,6.409147648119674,12.232206117408648,Low,Paid Search,12,4.892882446963459
14723.0,10,725,735,4.351476091476092,0.9868709270556232,2.447038527252393,4.903951917753378,4.758708819019876,11.249192313119282,21.60431976021926,Mid,Paid Search,12,8.641727904087704
14725.0,3,510,534,12.526095238095238,0.957451260662725,1.199514265540904,2.3926990489939186,13.425933105932364,15.558416974720046,29.748501146525548,Mid,Email,2,5.94970022930511
14727.0,2,272,545,9.95595744680851,0.726291135517989,0.6872204561642832,1.369974203354042,11.46130438231198,7.609371175154429,14.54105096890989,Low,Paid Social,8,3.6352627422274724
14729.0,2,251,624,4.362403846153846,0.5914517999215225,0.4976180803223288,0.9934572727487468,6.278228100933479,3.01817202106758,5.775582564231227,Low,Paid Search,12,2.310233025692491
14730.0,7,275,276,4.0021157684630735,0.9834657805235326,4.060333092097066,8.05164661363769,4.58774525857982,17.997429631900687,34.21965172699825,Mid,Organic,0,5.132947759049737
14731.0,2,165,211,8.444888888888888,0.9107903028827782,1.8252923022826808,3.5973902088919445,10.061124074542452,17.744607180198212,33.542152860448546,Mid,Paid Search,12,13.41686114417942
14732.0,18,722,730,19.9172202166065,0.992227029203132,4.223920500696962,8.467438751102744,20.009263041452343,81.64634347527392,156.84841370118005,Top,Email,2,31.369682740236012
14733.0,14,385,401,46.50853448275862,0.9862225071268436,5.575283812665896,11.1105722405419,46.32910128104096,249.54099489706547,476.7035518784876,Top,Organic,0,71.50553278177314
14734.0,3,125,550,16.76857142857143,0.1649039300367128,0.2014152169821116,0.4018942080539958,17.455651723397693,3.396582397063541,6.496385524236588,Low,Paid Search,12,2.5985542096946355
14735.0,55,732,735,33.44306010928962,0.997388653755274,12.299676166712462,24.666031628270375,33.43452057641903,397.26175146776006,763.4500897470953,Top,Paid Search,12,305.3800358988381
14736.0,1,0,484,4.0108,0.0860356819474311,0.0629471786699018,0.125108584065876,7.628566533049668,0.4639317071227991,0.8840183365547734,Low,Paid Search,12,0.35360733462190935
14737.0,3,396,400,78.98155555555556,0.9627041847624797,1.5373585470669868,3.056728797308513,76.54869294007524,113.6963261735032,216.72778224455843,Top,Paid Search,12,86.69111289782337
14738.0,8,689,732,22.77375,0.9765824335107948,2.001197904475152,4.009578778700755,22.92315444349255,44.31563018540999,85.09117275799346,High,Paid Search,12,34.03646910319738
14739.0,24,733,736,47.998046875,0.9946963232932838,5.508644515108277,11.044934210807034,47.88312153141021,254.8098268847487,489.5954492249971,Top,Email,2,97.91908984499942
14740.0,10,455,652,18.013246753246754,0.7088705036757146,1.9550573314603288,3.913837203995629,18.207462801785308,34.3879060125924,65.97609193745113,High,Paid Search,12,26.390436774980454
14741.0,6,405,417,22.32458823529412,0.9776427523431374,2.55659932832412,5.092167426497722,22.53406554821672,55.65780806139562,106.27098551096768,Top,Paid Social,8,26.56774637774192
14744.0,13,553,569,32.10809917355372,0.9873821549564684,3.880483309039225,7.760065057262659,32.088371793878494,120.29174850724176,230.5560873452668,Top,Organic,0,34.58341310179002
14745.0,11,524,637,18.239787234042552,0.9190436215529234,2.815687832269964,5.635966005419205,18.41338220007732,50.08591140538192,96.08156430937692,High,Organic,0,14.412234646406537
14746.0,3,17,423,65.94444444444444,0.0188403085425292,0.0287313801234563,0.0571632742537996,64.16538493699328,1.7810951437740103,3.3971947644503104,Low,Email,2,0.6794389528900622
14748.0,9,616,644,16.504293193717277,0.9810530920445945,2.493786771028185,4.991304246559566,16.74581245050677,40.342553207541975,77.38561618175525,High,Paid Search,12,30.954246472702103
14751.0,1,41,725,18.064285714285717,0.0994833971294265,0.0512644433163911,0.1023659598698879,19.760464161126023,0.978639429043321,1.873083652148588,Low,Email,2,0.37461673042971766
14753.0,1,373,460,18.114791666666665,0.8652813940585992,0.6607194792683323,1.3123677513339989,19.80406423703256,12.64182771096789,24.074542705349103,Mid,Paid Social,8,6.018635676337276
14754.0,5,646,690,11.317372262773723,0.9678979444570386,1.4179631231707486,2.838038621007277,11.905441537028604,16.308282751219135,31.282679006827266,Mid,Paid Social,8,7.820669751706816
14755.0,24,726,735,20.99484210526316,0.993602072544696,5.509279556033039,11.046082076330343,21.0569598012965,112.0674540700005,215.3257804264193,Top,Paid Search,12,86.13031217056772
14756.0,2,409,424,22.300504201680678,0.9427944468788612,1.1026800130767909,2.191871487718236,22.89995895818972,24.39601829464744,46.4918813647357,High,Organic,0,6.973782204710354
14758.0,6,465,610,21.06595588235294,0.9019893505780124,1.7058344569336104,3.4110060181613875,21.307804720722167,35.11383511783611,67.29564194192838,High,Paid Social,8,16.823910485482095
14759.0,2,228,232,15.940882352941175,0.945841061201626,1.770726677066225,3.493915333494773,17.007031578557513,29.097780325078745,55.063853320926285,High,Paid Search,12,22.025541328370515
14761.0,2,385,443,18.66333333333333,0.9247753947983428,1.0429287455932743,2.074169547958799,19.529698225040484,19.678046011944264,37.519166132758585,Mid,Paid Social,8,9.379791533189646
14762.0,1,362,625,13.919,0.7642153592941715,0.4488572387287168,0.8948162288575092,16.18197958105345,7.017104729664156,13.409565096031072,Low,Paid Social,8,3.352391274007768
14765.0,2,147,175,6.515641025641026,0.9249022757013102,2.1086254695517894,4.14643443026354,8.273452130229657,16.857335726345696,31.79646079287909,Mid,Organic,0,4.769469118931863
14766.0,10,543,551,19.282735294117646,0.986807962482349,3.152403882021164,6.300788340470338,19.45715725887991,59.25517667448271,113.51468962979642,Top,Email,2,22.702937925959287
14768.0,1,109,126,38.52,0.8878201602874527,1.7367147669475294,3.3939442089425853,37.41918859923446,62.80135648731784,117.7559480402777,Top,Email,2,23.55118960805554
14769.0,16,721,723,11.060224403927068,0.9924727870722354,3.820453319862767,7.65755458946512,11.250479820530575,41.52183666539084,79.75574625429107,High,Paid Search,12,31.90229850171643
14770.0,7,419,651,18.46517766497462,0.7132566393582873,1.4479727337027066,2.89768526845,18.730787711732905,26.20082704673553,50.25175999696906,High,Paid Social,8,12.562939999242264
14771.0,1,115,736,12.651489361702128,0.2499784600242492,0.1271010792996448,0.2538391984347403,15.08778063148636,1.8526060333475023,3.546370573428764,Low,Paid Social,8,0.886592643357191
14775.0,2,313,371,17.73075,0.9199094933276882,1.200102958291308,2.381715943285511,18.66555158401372,21.642297428144968,41.18141259613888,Mid,Paid Search,12,16.472565038455553
14776.0,14,395,445,19.51736842105263,0.9626447732344106,4.991408031040589,9.957850049748693,19.639888181300044,94.70592476669496,181.106121231403,Top,Paid Search,12,72.4424484925612
14778.0,1,181,308,20.881714285714285,0.7921357731095248,0.836408085852077,1.652829604909558,22.19265470074733,17.934806602741926,33.98784125025596,Mid,Email,2,6.797568250051192
14779.0,2,43,323,9.418292682926827,0.2478769317371947,0.3611540963013375,0.7155327765887531,10.963095607717964,3.8254266298590847,7.267393954054246,Low,Paid Search,12,2.9069575816216986
14780.0,1,24,78,16.58074074074074,0.7813676125315266,1.9760312491909129,3.8428876208446576,18.47977009620808,35.29191407398493,65.86702651912029,High,Paid Social,8,16.466756629780072
14784.0,2,363,389,16.664074074074076,0.9377361936278916,1.17720292069798,2.3376037422737994,17.677152600773965,20.105011292026536,38.27703171525708,Mid,Paid Search,12,15.310812686102834
14785.0,1,4,14,25.8,0.8809578419319007,3.677389566508949,7.086041176626784,26.438443966444638,93.98178783835668,173.86066265938376,Top,Paid Search,12,69.54426506375351
14788.0,2,588,595,19.93655172413793,0.9462756258997126,0.8299055633047743,1.656003474393774,20.7094827615866,16.603948859210977,31.75804933652203,Mid,Paid Search,12,12.703219734608814
14790.0,9,711,727,17.42496551724138,0.984458419387711,2.2473797051177287,4.503019700792552,17.65056204702755,38.3201583253646,73.5821675931206,High,Organic,0,11.03732513896809
14793.0,1,513,534,16.048717948717947,0.899449922553225,0.6053241538047331,1.204525267965427,18.020492862086527,10.538597504617108,20.103959244150506,Mid,Organic,0,3.0155938866225758
14794.0,9,484,486,18.7875,0.9868686498414128,3.200222145348113,6.387690709251421,18.98953194111847,58.70926706357216,112.32407849360747,Top,Organic,0,16.84861177404112
14796.0,26,724,724,7.012002575660013,0.9955362022700956,6.036725960025119,12.102424940922972,7.154038257374174,41.71980183468158,80.15275193105242,High,Paid Social,8,20.038187982763105
14798.0,7,596,648,14.781836734693876,0.9703721679828552,1.9779750549178643,3.9581562530484895,15.128946862323152,28.908682826191523,55.443013981397065,High,Paid Search,12,22.177205592558828
14799.0,1,686,737,14.702173913043476,0.8929891403895919,0.4534899677839102,0.9056980556418006,16.858067060785615,7.385567294337937,14.138094583775176,Low,Paid Social,8,3.534523645943794
14800.0,16,387,434,11.85109756097561,0.9627848063935102,5.763149698323419,11.495611149000723,12.033600504396878,66.9994818561283,128.10337831923678,Top,Paid Social,8,32.025844579809196
14802.0,1,0,437,751.49,0.1035325051940329,0.0825098641793555,0.1637821460716518,652.9020109923287,52.04703587470884,99.05581922900342,High,Organic,0,14.858372884350512
14803.0,2,130,291,19.217045454545453,0.7280960743708725,1.1504829149350833,2.2764504718350613,20.042776737746685,22.279225059775108,42.27334809656749,Mid,Paid Search,12,16.909339238626995
14805.0,6,606,621,8.368484848484849,0.9780972388532688,1.8210512835713213,3.642021784362405,8.936907611098224,15.72212420047645,30.13636426665485,Mid,Paid Social,8,7.534091066663713
14806.0,1,363,438,15.1715,0.8704682025001883,0.6924013143858785,1.3744565227194243,17.263220355626505,11.548395640973748,21.979483293698557,Mid,Paid Search,12,8.791793317479422
14807.0,1,259,649,12.98225,0.6160211977295411,0.3500694867985555,0.6981758557833848,15.3733150736033,5.1992125275402525,9.939624323999544,Low,Paid Search,12,3.9758497295998176
14808.0,7,132,171,11.664553191489365,0.9360975314118624,5.445518100772683,10.739400885006225,12.080638433200631,63.56430291268125,120.22886098145231,Top,Email,2,24.045772196290464
14809.0,1,0,620,38.153333333333336,0.053642865192131,0.0317286313557283,0.0632466046599988,37.10265770049052,1.137299711941776,2.173171063191025,Low,Paid Social,8,0.5432927657977562
14810.0,12,388,428,7.806215384615385,0.9718090081030776,4.5258438934783,9.02425457084012,8.10145415190206,35.42260585127366,67.70446032319686,High,Paid Social,8,16.926115080799214
14813.0,3,241,610,6.163107344632769,0.4869885853940623,0.5437020858904151,1.0860492313960814,7.382045143861296,3.8774457981520274,7.423706621098322,Low,Paid Social,8,1.8559266552745806
14815.0,1,31,67,14.68867924528302,0.8322578333790183,2.256741029933363,4.383026116048215,16.846417571746155,36.74389483061408,68.49055472076103,High,Paid Social,8,17.122638680190256
14817.0,6,427,627,17.216782608695652,0.8186325227306124,1.5113568634259964,3.0229250966804067,17.55763065861819,25.63505366908001,49.14188715562935,High,Email,2,9.82837743112587
14818.0,5,573,647,10.938411214953272,0.9567862462032788,1.48370639949298,2.967820235094256,11.53811670703209,16.53803163206476,31.705108421396027,Mid,Organic,0,4.755766263209404
14819.0,3,653,717,8.24842105263158,0.9489695640596342,0.9187409574630476,1.83813615531366,9.362781651291227,8.309935394706173,15.934316444528884,Low,Organic,0,2.3901474666793323
14820.0,8,656,677,19.918125,0.9815982287279138,2.1561967898989938,4.31712241825524,20.1229700789869,41.91568077706023,80.42978537493161,High,Email,2,16.08595707498632
14821.0,6,309,675,17.867361111111112,0.2823518519634426,0.4884668889804022,0.9776808869705004,18.191476539711186,8.58421912172572,16.466626572267966,Low,Paid Search,12,6.5866506289071864
14823.0,2,14,194,4.591857142857143,0.3246490208832202,0.6900187730756631,1.3585407231619366,6.4908431976562095,4.327691773018336,8.172557290673911,Low,Email,2,1.6345114581347824
14824.0,9,627,636,25.46145569620253,0.9855859538714684,2.533021238630187,5.0692460770857934,25.54806375428721,62.51658661134742,119.90699030227952,Top,Paid Social,8,29.97674757556988
14825.0,23,608,611,15.887354838709678,0.9943982006597748,6.237081579511708,12.484963754078043,15.987087396292983,96.327002523374,184.7963377768247,Top,Paid Search,12,73.91853511072989
14826.0,1,113,694,38.52,0.2690965465282175,0.1441471957679542,0.2876998014691564,37.41918859923445,5.2108957853471,9.968993612252897,Low,Organic,0,1.4953490418379345
14828.0,12,535,732,97.42039603960396,0.7149317770772264,2.093433779849822,4.195715619570885,96.54820123176096,195.25148546637547,375.0186530342671,Top,Paid Search,12,150.00746121370685
14829.0,6,407,435,15.389454545454544,0.9719654875724544,2.454104127124875,4.890261797325346,15.777300749174984,37.40649488691279,71.45372483926931,High,Organic,0,10.718058725890396
14831.0,2,57,737,20.445975609756097,0.0425826852980842,0.030926537371002,0.0618478214961117,21.18152308643593,0.6328347157621915,1.2129548691288492,Low,Paid Social,8,0.3032387172822123
14834.0,6,389,406,25.35816091954023,0.975768396938554,2.60864001070155,5.194301476217262,25.48961594492765,64.23961876105503,122.62269076487983,Top,Email,2,24.524538152975968
14835.0,1,88,616,148.5,0.2536415204419981,0.150873433936435,0.3007229321920459,132.3611929006672,19.29267367325024,36.862170718786,Mid,Email,2,7.3724341437572
14836.0,2,20,29,17.075,0.9313877389338796,4.846852150719339,9.38774177488642,18.057923139885432,84.59601756089586,157.27202820237918,Top,Organic,0,23.590804230356877
14837.0,8,595,684,16.556555023923444,0.9560365513739032,2.08099098470191,4.166934294215858,16.826663425556845,33.82702299354104,64.91462822086034,High,Email,2,12.982925644172068
14838.0,1,313,736,10.896760563380283,0.635608537334035,0.3231739690667255,0.6454250563008431,13.57298276716448,4.237601799664833,8.11187378953183,Low,Email,2,1.6223747579063659
14839.0,2,285,703,12.368648648648648,0.5848283537081767,0.4429717858522343,0.8854503924055046,13.696942660826846,5.861435143170888,11.229587554304114,Low,Paid Search,12,4.491835021721646
14840.0,1,271,538,16.48681818181818,0.719588851695746,0.4811936281560476,0.9576051618070373,18.39868993624056,8.553314127901844,16.31811468612594,Low,Paid Social,8,4.079528671531485
14841.0,13,683,736,23.876666666666665,0.9770933743016884,3.0608476404514917,6.135234127008922,23.956023435605506,70.83483463050293,136.0648083109372,Top,Paid Search,12,54.42592332437488
14842.0,3,264,307,19.48062068965517,0.9411763378135024,1.8574066274399943,3.681574970758442,20.031693381193197,35.94814635836044,68.32117226158576,High,Email,2,13.664234452317153
14844.0,9,542,606,24.19649819494585,0.9657619937863664,2.589490600753856,5.179912537539254,24.30498327968667,60.80096034374177,116.56636314889975,Top,Paid Social,8,29.14159078722494
14847.0,2,415,564,21.75725806451613,0.8829840256292303,0.8111671579296011,1.6176725609938076,22.396578393791717,17.551273154183423,33.551458575219215,Mid,Email,2,6.7102917150438435
14849.0,42,676,698,20.878741721854304,0.990408471927132,9.837650036314283,19.71908847356933,20.91477376348455,198.76271970604824,381.8031894653956,Top,Paid Search,12,152.72127578615823
14850.0,6,256,567,8.92542288557214,0.2934709085617274,0.5914749496342115,1.1818727830225653,9.479521422530873,5.416630429144206,10.373908849136267,Low,Paid Search,12,4.149563539654507
14851.0,2,607,630,19.747857142857143,0.9423102813510418,0.7861971286074645,1.5697423299208515,20.534635342846094,15.596554179805636,29.84847363499646,Mid,Email,2,5.969694726999292
14852.0,17,585,643,19.829612903225808,0.96910112351743,4.378257924822975,8.766875066992121,19.92782874664281,84.28629606725205,161.74574508331463,Top,Paid Search,12,64.69829803332586
14853.0,4,581,605,44.41516129032258,0.9668460760030292,1.338718995399969,2.675177926692779,43.88396713134896,56.75463164439131,108.70314338736318,Top,Paid Search,12,43.48125735494528
14854.0,10,608,686,20.106325581395343,0.962237324755416,2.537145249802435,5.081450634103904,20.267905984679217,49.67623530986123,95.34950545199592,High,Paid Search,12,38.13980218079837
14855.0,6,491,610,31.49903381642512,0.9284540781629842,1.755884320802709,3.511086296274974,31.47254802392281,53.38638088315472,102.3149639004624,High,Organic,0,15.34724458506936
14856.0,2,20,56,19.869393939393937,0.8644180146428259,3.6304855405074417,7.059486962862183,20.64725328350029,72.44612315567437,135.19242119117985,Top,Email,2,27.03848423823597
14857.0,6,574,634,17.144840375586856,0.9648270184973736,1.7639804474534688,3.5285812605628952,17.48753875124139,29.800476391433456,57.13266164568852,High,Paid Social,8,14.28316541142213
14859.0,4,542,554,25.843030303030304,0.9695746993044618,1.4491624232600728,2.8932859897214875,26.01924083590931,36.42691900695466,69.70981311975684,High,Paid Search,12,27.883925247902738
14861.0,9,679,731,16.055,0.9751287679324192,2.215201212503111,4.438756835170355,16.304289635767137,34.890494273934394,66.99958542039138,High,Paid Search,12,26.799834168156554
14862.0,1,122,148,17.525000000000002,0.8793337345375385,1.5588313473008126,3.051965946110432,19.29491709251887,29.065268638332487,54.59551111527562,High,Email,2,10.919102223055125
14865.0,3,731,737,14.413333333333334,0.9628628101575372,0.909609880130942,1.820344674741224,15.218527370820189,13.37291630408199,25.64897152571867,Mid,Email,2,5.129794305143735
14866.0,18,459,470,152.19138686131387,0.9905218441433544,6.185934286222064,12.349907383657424,151.12963317372171,903.1628676580352,1728.311790082563,Top,Paid Search,12,691.3247160330252
14867.0,15,548,733,21.547883211678837,0.6517025766276557,2.335058575490021,4.680676148616674,21.641103305363824,48.8165831172812,93.7748938441366,High,Paid Search,12,37.50995753765464
14868.0,11,416,419,19.829431279620856,0.9887872099684588,4.335006665774884,8.641114926927816,19.98046153039316,83.67869640781001,159.89191146410877,Top,Paid Search,12,63.95676458564351
14869.0,5,715,723,11.21696,0.9762658887308348,1.3720190650916415,2.7472641714493307,11.808112490771588,15.65078834523063,30.03372927257365,Mid,Email,2,6.0067458545147305
14870.0,5,422,683,28.29153846153846,0.7531046219357929,1.1133111403209577,2.228068854030824,28.35840616005207,30.49977609098856,58.4996350998203,High,Email,2,11.699927019964061
14871.0,8,735,738,6.263532338308458,0.9853127608983469,2.004412566958862,4.016306442789946,6.733475003491267,13.03822642372112,25.03660947887348,Mid,Paid Search,12,10.014643791549393
14872.0,2,149,632,18.990697674418605,0.2870081132754091,0.2387950779758895,0.4768005907497174,19.83303926238204,4.575353722869593,8.756527389393353,Low,Paid Search,12,3.5026109557573415
14873.0,1,423,633,17.43122448979592,0.8105286657403762,0.4707929771037207,0.9386815848325196,19.213963874723223,8.739050378044627,16.702463685570688,Low,Paid Search,12,6.680985474228276
14875.0,2,334,441,32.16179775280899,0.893949432595046,1.0119731525860498,2.0124985697221445,32.03759137536757,31.322826965087067,59.71868864637505,High,Organic,0,8.957803296956257
14876.0,1,40,560,19.746153846153845,0.1564952214561318,0.10110699824206,0.2013048519251429,21.21236388298697,2.072026505328837,3.954822848697882,Low,Paid Search,12,1.5819291394791528
14877.0,1,224,642,6.621212121212121,0.5593158418450846,0.3208836896388242,0.6398898735533606,9.882046791647898,3.063451349987823,5.85589223635619,Low,Email,2,1.1711784472712379
14878.0,24,644,656,10.88923076923077,0.9926784652889188,6.0895268268523,12.197566469387542,11.017604606467998,64.81337976317302,124.416855987004,Top,Email,2,24.883371197400802
14880.0,2,211,288,15.025319148936171,0.8921979292608795,1.4210471576057908,2.811453124483295,16.158656061743685,22.185873935212925,42.09108074658752,Mid,Paid Social,8,10.52277018664688
14882.0,13,592,618,53.35514705882353,0.9848266613951644,3.601395229931712,7.207533632825301,53.07966278039312,184.67038817651613,354.2070780524788,Top,Paid Search,12,141.68283122099152
14883.0,5,193,211,14.369622641509434,0.9668129784912464,3.694329255850193,7.298600973224113,14.863970805205744,53.05704128693044,100.5231842582779,High,Paid Search,12,40.20927370331116
14885.0,2,334,465,51.55225806451613,0.8787489191249515,0.9516267972878468,1.893657462019163,50.00510221049352,45.97371441186688,87.70288278283923,High,Email,2,17.540576556567846
14890.0,2,406,659,14.337719298245617,0.8173200752904999,0.6554785182103059,1.3093615968398262,15.521515036264548,9.828795428692924,18.81861530142997,Low,Email,2,3.7637230602859937
14891.0,3,288,436,17.56714285714286,0.859575680974616,1.2783128333604126,2.5441771440670693,18.214175285725325,22.49440668138603,42.91904874999734,Mid,Email,2,8.583809749999467
14893.0,2,608,617,17.07179245283019,0.945835979973831,0.8036694359135154,1.6042740970643026,18.05495097534672,14.017970739461903,26.82178341803624,Mid,Paid Social,8,6.70544585450906
14894.0,2,652,737,32.45239130434783,0.9266010925772784,0.6729628044122369,1.3458112979643355,32.30686001066343,21.00330422015005,40.257052097627,Mid,Paid Search,12,16.102820839050803
14895.0,37,721,728,27.9106,0.9956090741277072,8.425898481471629,16.89476031127779,27.92150647673435,227.27090590281452,436.6983599142969,Top,Organic,0,65.50475398714453
14896.0,7,528,733,7.290662020905923,0.8425299198529956,1.539479874313934,3.084128859214552,7.803526922950267,11.605344341475536,22.28117068975648,Mid,Email,2,4.456234137951296
14897.0,7,716,723,24.728661417322837,0.9826393108884386,1.8176392987945127,3.640938378320095,24.85568140630125,43.64425408959937,83.78319053719933,High,Paid Search,12,33.51327621487973
14898.0,13,712,735,11.538848684210526,0.986712267864442,3.094739403358883,6.203095654919359,11.766719358781716,35.177905743464535,67.57158965585992,High,Organic,0,10.135738448378989
14901.0,11,487,498,13.710479041916168,0.9868231509588336,3.741796306579586,7.471964513265912,13.948366734348111,50.42122923335143,96.5074665002871,High,Email,2,19.30149330005742
14902.0,2,527,553,17.552881355932204,0.9406428083374374,0.8789465894245452,1.7524624999653,18.500735651944904,15.709749137660216,30.024979580285468,Mid,Paid Social,8,7.506244895071367
14903.0,4,257,278,7.917267605633803,0.9622682980456576,2.5251889594320605,5.00262338666545,8.776262932883025,21.4120703680421,40.67477016439564,Mid,Email,2,8.134954032879127
14904.0,3,425,427,11.393333333333334,0.9633899445943896,1.457748319395202,2.9006129332465798,12.349978514361124,17.39313914635028,33.17841412154267,Mid,Organic,0,4.976762118231401
14905.0,7,578,735,25.27423076923077,0.9103913962361332,1.6594327376294864,3.3245173302487587,25.38917912347788,40.7006433259244,78.1431941153596,High,Email,2,15.628638823071922
14907.0,15,599,601,20.830371621621623,0.9919407469772898,4.236068014929735,8.476320109522426,20.931089058044545,85.65523803110031,164.2653899147516,Top,Paid Search,12,65.70615596590065
14908.0,1,388,462,27.27857142857143,0.8730048894892811,0.6641998486675357,1.319351662613771,27.714844538652347,17.784814531964187,33.87035382037521,Mid,Paid Search,12,13.548141528150083
14909.0,2,226,662,17.558500000000002,0.4823637479471785,0.3853034174839308,0.7697051836450752,18.50594197745467,6.888450349637301,13.189498471193035,Low,Organic,0,1.9784247706789553
14910.0,3,51,54,14.478333333333332,0.9603452130471112,5.335492218002487,10.386333544315002,15.280267660777088,78.79257734149499,147.1907297810223,Top,Paid Search,12,58.876291912408924
14911.0,397,737,738,26.32037616718541,0.9995190595214696,86.8500595719705,174.2025764458705,26.32203078383993,2208.394154988951,4244.780578133584,Top,Paid Social,8,1061.195144533396
14912.0,5,665,681,29.98809523809524,0.9745518132094416,1.4444230689064594,2.8906436313911725,30.00286918102041,41.86543645456288,80.29727793537837,High,Paid Social,8,20.074319483844594
14913.0,7,449,485,16.490404858299595,0.9722825018487448,2.546382577610961,5.081050432298108,16.799710057500253,41.32752008847407,79.04573127903011,High,Paid Social,8,19.761432819757527
14915.0,10,645,736,20.125,0.9574971511984344,2.3713198487291285,4.752264790186865,20.286289228535587,46.47122205975505,89.24999159265005,High,Email,2,17.84999831853001
14916.0,7,546,617,22.70858208955224,0.9612007096093892,2.045503315684258,4.091396432707252,22.88029971355696,45.21297501282891,86.67445019309234,High,Organic,0,13.001167528963851
14917.0,1,0,596,38.75,0.057955014635277,0.0354782072013402,0.0706888027687147,37.61773979935565,1.2893635726323156,2.4626762097657404,Low,Paid Search,12,0.9850704839062963
14918.0,8,495,610,42.23978723404256,0.9262506669219072,2.230106439885012,4.460783645539215,42.01126758917896,90.5091339806688,173.51373728664228,Top,Paid Search,12,69.40549491465691
14920.0,2,352,564,16.568762886597938,0.8269128279264365,0.7596564705761443,1.514947216759827,17.58883572917024,12.908355752401526,24.675940001404545,Mid,Paid Search,12,9.87037600056182
14921.0,1,171,200,16.872692307692308,0.882319090697504,1.2809072148982492,2.5171095638776597,18.73180198314503,23.184791170197048,43.703617752278085,Mid,Organic,0,6.555542662841712
14922.0,1,114,507,16.8748,0.4163447464292189,0.2928734630284526,0.5824205353467915,18.73362148243711,5.300702250952117,10.10588475145179,Low,Email,2,2.021176950290358
14924.0,2,393,638,30.03258064516129,0.8181499304397697,0.6750953914093438,1.3480924421522316,30.064624729036964,19.60787080711424,37.53000411051002,Mid,Paid Search,12,15.012001644204009
14926.0,1,216,598,119.8,0.5800649329483057,0.3540651026610606,0.7054868045352927,107.58545618989142,36.80082130476272,70.29191913552245,High,Organic,0,10.543787870328368
14929.0,1,389,421,24.608529411764707,0.8926092966279807,0.7336616276113318,1.455635939438006,25.409887813387115,18.01123152926754,34.263647776442056,Mid,Organic,0,5.139547166466309
14930.0,5,497,606,18.80512544802868,0.9357779011839638,1.536889389317975,3.072250388771045,19.163278936540827,28.452253011164377,54.51304855503125,High,Organic,0,8.176957283254687
14931.0,4,236,240,30.675121951219516,0.9705823854581304,2.8434533415561964,5.623338323330685,30.667280136754545,84.25337714923351,159.784219500393,Top,Organic,0,23.967632925058947
14932.0,1,20,385,21.013469387755105,0.2024304563141095,0.1790134632795661,0.3547719391593975,22.30639441219209,3.858039235820372,7.331406825961933,Low,Paid Search,12,2.9325627303847734
14933.0,3,0,443,442.5,0.0067900083039787,0.0099645555050312,0.0198356492826609,421.8369108582504,4.060966218316655,7.7496011318222,Low,Email,2,1.54992022636444
14934.0,4,359,441,18.93783783783784,0.9336806801786912,1.6938151223727589,3.373490672620329,19.37706426002782,31.70867396664491,60.53990272437414,High,Paid Social,8,15.134975681093534
14935.0,1,322,619,109.60884615384614,0.7256733211914916,0.429825810786725,0.8567820671485623,98.78777868218,41.02176869492817,78.3837012027687,High,Organic,0,11.757555180415306
14936.0,11,549,583,23.549924098671728,0.980197755054292,3.2450694035801244,6.490057779392281,23.648142613803312,74.13491820337906,142.10400830240906,Top,Email,2,28.420801660481814
14937.0,2,73,129,47.70235294117647,0.8636904685767065,2.3901613186230586,4.683661328526721,46.43771851222988,107.25700629031388,201.63546879929092,Top,Email,2,40.32709375985819
14938.0,1,0,561,32.710281690140846,0.0651569028130516,0.0420313085273631,0.0836864352030964,32.40385580450123,1.3158140122141813,2.511510007465949,Low,Email,2,0.5023020014931898
14940.0,1,315,732,16.6090625,0.6410285313052784,0.3275148328696228,0.6540562385875914,18.50421931051447,5.854779196564181,11.206952101919008,Low,Paid Search,12,4.482780840767603
14942.0,3,328,729,39.292631578947365,0.5752974122363482,0.5487971435585278,1.09815918556437,38.85014410325731,20.596969960038933,39.500670158616025,Mid,Paid Social,8,9.875167539654006
14944.0,18,631,660,32.2926402640264,0.9861548791797432,4.5914981682148746,9.196272300206038,32.27673520416532,143.16548363915967,274.80352881669705,Top,Organic,0,41.220529322504554
14947.0,5,552,624,19.440555555555555,0.956640305981898,1.5314172824897072,3.0621866993936697,19.779197795654188,29.262063738354215,56.079816565644656,High,Organic,0,8.411972484846698
14948.0,5,196,218,17.491587301587302,0.9640753201866908,3.599027600821815,7.113025173999574,17.890073737456323,62.21103985771328,117.90929765393663,Top,Paid Search,12,47.16371906157465
14949.0,3,252,720,19.074074074074076,0.3661687803580246,0.3531895322436584,0.7066588338276014,19.645534828470524,6.703029776699006,12.85355974975769,Low,Paid Search,12,5.141423899903076
14952.0,31,676,735,57.42459283387622,0.9586608251141684,6.784760695402632,13.604553174372416,57.287567303191416,375.4771632049054,721.4968891469415,Top,Paid Search,12,288.5987556587766
14953.0,3,410,435,3.914169884169884,0.9556523553918312,1.4239111870068295,2.833882168990463,5.245890514570316,7.216558774174689,13.768763643015836,Low,Email,2,2.7537527286031676
14954.0,1,690,702,3.995555555555556,0.903486209430113,0.479085181308687,0.9563138934978184,7.615406521138254,3.524658058477869,6.7438443335196006,Low,Organic,0,1.01157665002794
14957.0,1,391,644,11.492758620689656,0.7795389624297495,0.4460091529286146,0.889439845337096,14.087487678245695,6.070068212444789,11.603529494596293,Low,Paid Search,12,4.641411797838518
14958.0,5,588,735,13.304722222222225,0.9252007516034736,1.2812935364329352,2.565983367651227,13.831768768274449,17.12068691560516,32.8591119783731,Mid,Paid Social,8,8.214777994593275
14959.0,3,232,295,11.786779661016949,0.9229486160979358,1.8786386829219623,3.721879452523844,12.72369375057134,23.094640998507423,43.87249791158484,Mid,Organic,0,6.580874686737725
14960.0,1,162,170,8.195185185185185,0.8998866657601378,1.4587006717604052,2.8606912593560776,11.240804360388305,15.844690566064456,29.80973998090677,Mid,Email,2,5.961947996181355
14961.0,21,724,735,24.492761194029853,0.9925375749659846,4.851459473098919,9.726650692861297,24.537501048831107,114.99845982678497,220.9465238191161,Top,Paid Social,8,55.236630954779024
14962.0,3,313,583,26.207857142857144,0.7323284890519159,0.850497710298572,1.69808213220454,26.421563061644267,21.70911791882816,41.545549969280536,Mid,Paid Social,8,10.386387492320134
14963.0,11,515,525,6.418823529411765,0.9872281401321644,3.57813326945378,7.148909661676515,6.760214978479856,23.368139972086308,44.74955735269091,Mid,Paid Social,8,11.187389338172727
14965.0,1,0,95,7.216867469879518,0.5982873341922331,1.37063872599531,2.670545222139556,10.396255853980607,13.771127796720933,25.74782908922294,Mid,Paid Search,12,10.299131635689177
14966.0,5,709,723,6.973999999999999,0.9751235134063528,1.3704136000817797,2.744049466484706,7.6954350278877905,10.187800360557365,19.55030195046057,Mid,Paid Social,8,4.887575487615143
14967.0,5,686,735,68.36586206896553,0.9672688339581778,1.3395528514170547,2.682656424221999,67.20222451812694,86.96376473964466,166.90639211656148,Top,Email,2,33.381278423312295
14968.0,1,428,457,5.941058823529412,0.8949549351903979,0.68712893482946,1.3647132498740908,9.29489351546836,6.17051698996515,11.749954626747137,Low,Organic,0,1.7624931940120705
14970.0,11,595,662,43.53407079646018,0.9671400220287116,2.8641571460357005,5.734990968486914,43.34861789392238,119.94104128876472,230.1635522709359,Top,Email,2,46.03271045418718
14971.0,2,8,42,6.9785625,0.8561201925959003,3.9946725785380415,7.7525964824983395,8.702402576616718,33.59890215140147,62.58285039407757,High,Email,2,12.516570078815514
14972.0,1,252,380,7.2535,0.818335524478518,0.7313839274139524,1.4492265668117137,10.427879474932336,7.368752732261139,14.00056219164813,Low,Paid Search,12,5.600224876659253
14973.0,2,118,225,41.0765625,0.8092481482761146,1.5489985316410246,3.055259441302551,40.29815505528423,60.31404316395826,114.09564321306324,Top,Paid Social,8,28.52391080326581
14975.0,1,363,420,18.168846153846157,0.8795561520736114,0.7243521803765265,1.437122211462498,19.85072764269092,13.89220663928298,26.42707036896681,Mid,Paid Search,12,10.570828147586724
14976.0,6,269,326,10.984166666666669,0.9448059580764142,3.015460354063923,5.989608315571312,11.48531512925138,33.46078682002035,63.721821718599536,High,Paid Search,12,25.488728687439817
14978.0,9,518,590,10.724027303754266,0.959918008363182,2.634636536627428,5.2688804386658745,11.065514370394066,28.16400500371482,53.98242441192724,High,Email,2,10.79648488238545
14981.0,1,177,423,16.950909090909093,0.6661226173074503,0.5453684344704978,1.0821137694040344,18.799323879568124,9.905507578959206,18.84480385643366,Low,Organic,0,2.826720578465049
14984.0,5,678,696,22.703750000000003,0.9741994904969972,1.4162708074816022,2.83487949043231,22.942193970181947,31.389082969196068,60.21538676878228,High,Paid Search,12,24.086154707512915
14985.0,1,159,357,3.410919540229885,0.7005274238679193,0.658377313133015,1.3035177577728276,7.110710075586132,4.523194200062595,8.587459627439273,Low,Paid Social,8,2.1468649068598182
14986.0,1,307,683,5.669,0.6632202509627497,0.3603208931869832,0.7190293557856489,9.060034359314768,3.15378471577528,6.0325180849122,Low,Organic,0,0.90487771273683
14987.0,7,721,736,100.81470588235294,0.981184248761695,1.7863002319106402,3.578727334729068,99.2581948340398,171.28278949337263,328.8581072206509,Top,Paid Search,12,131.54324288826035
14988.0,6,390,601,8.46967213114754,0.7727578557246979,1.480536393445692,2.9600708759674106,9.035492396941304,12.9233271868062,24.76416062174469,Mid,Paid Social,8,6.1910401554361725
14990.0,1,118,729,7.102790697674419,0.2607024539656231,0.1336859318721674,0.2669627701719989,10.297777245166367,1.3299588764676162,2.5456403747389484,Low,Email,2,0.5091280749477897
14994.0,4,240,622,3.0988064516129032,0.3419891595974007,0.4621883185653532,0.9238511246541192,4.141334946391273,1.8491148042252128,3.5425695067878573,Low,Email,2,0.7085139013575715
14995.0,1,241,279,3.82344262295082,0.8817564761577655,1.0045074707751684,1.9824531302101207,7.466827263203256,7.247140265927913,13.71702243012957,Low,Paid Search,12,5.486808972051828
14996.0,1,0,480,10.787560975609756,0.0873596262789804,0.0643646320620457,0.1279127680514477,13.478714466275012,0.838168221244668,1.5969684977555962,Low,Paid Social,8,0.39924212443889906
14997.0,3,609,655,20.43684210526316,0.9528418280204012,0.9994128659555316,1.9977706382170308,20.939960880618344,20.21738873509045,38.73436952561262,Mid,Email,2,7.746873905122524
14998.0,3,435,604,6.068740157480315,0.8860098489752896,0.9977649440839754,1.9928413445166375,7.292410413134995,7.029232694672556,13.456780839869037,Low,Paid Social,8,3.364195209967259
15001.0,1,0,393,4.275185185185185,0.1246105127830155,0.108367360022813,0.2148207201268579,7.856801297453077,0.8226105363548697,1.5635923816906334,Low,Paid Search,12,0.6254369526762534
15002.0,8,580,696,13.019675675675677,0.938351662581217,2.0112108053457174,4.027838732024467,13.358450950142066,25.954249088437088,49.814044096373806,High,Email,2,9.962808819274763
15003.0,5,209,681,3.039255014326648,0.0836833727000764,0.1240305465276584,0.2482154412623552,3.881508659321078,0.4650799698065435,0.8920163925261849,Low,Paid Search,12,0.356806557010474
15005.0,55,722,737,5.748247758761207,0.9939775749851412,12.22784881360929,24.522535368020385,5.819235920894828,68.73910758235633,132.10430997872834,Top,Email,2,26.420861995745668
15006.0,1,402,452,3.986183574879227,0.8850208125315442,0.6857756369935126,1.3618391523779394,7.607316008047828,5.04026294474038,9.596465988312191,Low,Paid Search,12,3.8385863953248767
15008.0,1,157,637,30.0,0.4174229176128346,0.2411251509428568,0.4807970409901941,30.06416153387524,7.003393396528439,13.386104583178458,Low,Organic,0,2.0079156874767685
15009.0,2,12,24,6.932857142857142,0.9229115095330368,5.026120626343359,9.726968111628928,8.660051261254091,42.07103253302553,78.15245961595322,High,Paid Social,8,19.538114903988305
15011.0,1,20,416,20.83,0.1790324158323741,0.148607927664166,0.2948040207293373,22.14801151165176,3.179965872437408,6.048536284534593,Low,Paid Search,12,2.4194145138138374
15012.0,2,523,576,3.374980392156863,0.932212661938433,0.8409347261220936,1.6774221266442746,5.363265726479858,4.357194536915123,8.33114224201025,Low,Paid Search,12,3.3324568968041
15013.0,9,189,677,4.623380281690141,0.0016454730903522,0.0040021069775619,0.0080138529507835,5.070376045174586,0.0196030826644117,0.0376191563774037,Low,Paid Search,12,0.015047662550961481
15014.0,1,133,175,7.433428571428572,0.8637868697527782,1.3734820590307617,2.694526835523733,10.58320570881597,14.046168652228031,26.435044603015623,Mid,Organic,0,3.9652566904523434
15015.0,12,223,724,7.989932432432433,0.000213569354257,0.0006315323020353,0.0012656142259936,8.282777856964895,0.0050531593013032,0.0097047106330153,Low,Organic,0,0.0014557065949522949
15016.0,4,370,542,5.83611111111111,0.8614263412382239,1.3120515916794804,2.618946335343036,6.774376817710568,8.586817526744793,16.428959476639076,Low,Paid Social,8,4.107239869159769
15018.0,2,329,367,16.87388888888889,0.9311922653938136,1.225501533885848,2.431802494387843,17.871570365899377,21.16027829499861,40.25918695827111,Mid,Paid Social,8,10.064796739567777
15021.0,11,489,497,3.877200557103064,0.9876436158316744,3.7513223367963153,7.490835457014588,4.25466989344045,15.419144955107708,29.51205384251057,Mid,Email,2,5.902410768502115
15022.0,4,665,676,7.701883116883116,0.9702725352327808,1.2186186023937866,2.43782670096035,8.569082349112266,10.087939183521364,19.34154031663803,Mid,Organic,0,2.901231047495705
15023.0,19,671,673,11.990817733990148,0.9935760306211232,4.782201049301428,9.58012853402458,12.143587528594384,56.10068233703018,107.70448723627722,Top,Paid Social,8,26.926121809069304
15024.0,15,414,423,10.985202156334232,0.9896921215198202,5.702701698951476,11.371481369084016,11.18879264849188,61.64268417230892,117.82614935155304,Top,Paid Social,8,29.45653733788826
15025.0,1,535,567,6.938972602739726,0.896019172695708,0.5727239262312136,1.140464668478238,10.1563586392931,5.61962803811401,10.727527193955604,Low,Paid Social,8,2.681881798488901
15026.0,4,368,447,7.582928571428571,0.9365653632797236,1.6799745329518587,3.3464240219392942,8.454658732479476,13.722146288770409,26.202772004770388,Mid,Email,2,5.240554400954078
15027.0,9,593,623,35.11648351648351,0.9802306606057808,2.565370984595917,5.1329996096537975,35.03611102322136,86.8291398559555,166.5081574246449,Top,Paid Search,12,66.60326296985797
15028.0,5,385,393,9.728655462184877,0.9751988747781096,2.3118326286082302,4.600297198124042,10.365507203288336,23.151337752950223,44.16462445223713,Mid,Email,2,8.832924890447426
15030.0,7,573,644,59.99727272727273,0.9625024745371618,1.972662689451288,3.9472971654856215,59.34391568127776,113.09102081452389,216.8816467629862,Top,Paid Social,8,54.22041169074655
15031.0,13,727,730,7.794024691358024,0.990677920996612,3.126189413965609,6.265768662870206,8.066972902157671,24.36220984049193,46.79363853570327,High,Email,2,9.358727707140655
15032.0,7,472,728,110.2452,0.7148991902064484,1.314279569630717,2.6328126265842617,108.48002349068564,137.73075106859596,264.41490907318496,Top,Paid Search,12,105.76596362927398
15033.0,9,324,328,5.071901960784314,0.9859884629849058,4.415969381743097,8.777118010710042,5.511140688384427,23.51275292227114,44.80461618642474,Mid,Paid Social,8,11.201154046606185
15034.0,13,561,576,10.881413612565444,0.9877066385108322,3.8407662183349354,7.681532935412602,11.117198024422152,41.24914447806592,79.06852131502761,High,Paid Social,8,19.767130328756902
15036.0,2,107,179,3.665748031496063,0.8584708472178358,1.9276809040116647,3.7916416311871,5.632695674317496,10.491855759245286,19.794913267910456,Mid,Email,2,3.9589826535820913
15037.0,1,0,376,8.385625,0.134307416893349,0.121069020000063,0.2398639416775789,11.405204594224568,1.3341033919626937,2.5344567423729805,Low,Paid Search,12,1.0137826969491923
15038.0,8,366,424,4.612183098591549,0.9565677483390276,3.141405695143192,6.26051381041758,5.114185943690496,15.52105798384524,29.65128977052055,Mid,Paid Social,8,7.412822442630137
15039.0,92,719,729,14.337904727793696,0.9959391155507956,20.49935944229093,41.10990577642955,14.365629442987116,284.480773452722,546.7104430319395,Top,Paid Social,8,136.67761075798487
15041.0,1,274,443,2.7478504672897195,0.7948745242094667,0.6263341359414952,1.2434859692373852,6.53830503125778,3.956511141523839,7.531247030751532,Low,Paid Social,8,1.882811757687883
15042.0,1,396,594,35.05,0.810884377967826,0.4978487440488843,0.991903655048932,34.42365527566679,16.556771082683085,31.622159183068035,Mid,Email,2,6.324431836613607
15043.0,5,501,532,55.26538461538462,0.9692170686106744,1.7819204372067627,3.5574044765129984,54.504004790304975,93.82701425152236,179.54420140293394,Top,Email,2,35.90884028058679
15044.0,34,703,722,17.709650273224042,0.9920303222685464,7.795836114827336,15.630003581425614,17.76881610685873,133.81673224711813,257.1051301756722,Top,Organic,0,38.56576952635083
15045.0,1,105,257,61.305,0.7016177135283601,0.8502195923118856,1.6761625955805728,57.08870640254546,46.89922021707655,88.67798564955615,High,Paid Search,12,35.47119425982246
15046.0,24,685,693,19.242339901477838,0.9937140985965772,5.80664109202289,11.636488493578852,19.31594765284905,108.35090135710452,208.08641729711655,Top,Organic,0,31.212962594567482
15048.0,3,303,368,4.022916666666666,0.9310451043369536,1.5912408915892806,3.1607940577183244,5.349183712773874,8.223610558187048,15.661372109704065,Low,Paid Social,8,3.915343027426016
15050.0,4,455,480,26.88326923076923,0.9650757480718636,1.6304578464294055,3.25031483365085,27.019857498511637,42.56097795404716,81.33127871558911,High,Paid Search,12,32.53251148623564
15051.0,8,715,737,13.56951724137931,0.9817404971086252,1.9995677842619115,4.006551346992128,13.897617596756598,26.84532696825712,51.54906781645439,High,Paid Search,12,20.619627126581758
15053.0,2,277,281,9.828028169014084,0.9461464067476744,1.535601549479952,3.037166742877522,11.342763066224018,16.82914731363874,31.91902845878676,Mid,Paid Search,12,12.767611383514705
15054.0,1,28,39,2.6500000000000004,0.8849829012166518,2.942684640633481,5.693583279374571,6.453834041202153,18.35654296497249,34.092167875926656,Mid,Email,2,6.818433575185331
15055.0,2,248,722,6.589058823529412,0.4756981422520109,0.3518733191863729,0.7035431356134831,8.341482236676086,2.8355181835180825,5.4337867183652095,Low,Email,2,1.086757343673042
15057.0,4,458,733,46.513714285714286,0.7942869884465024,0.92834307317541,1.8585494061460548,45.90258712195747,41.16632441329192,78.98495516113456,High,Email,2,15.796991032226913
15058.0,15,628,652,9.551904761904762,0.9868014813043734,3.92325583999784,7.856219624123937,9.770471906649394,37.03032596787632,71.06499719081452,High,Paid Social,8,17.76624929770363
15059.0,18,692,733,5.921966386554622,0.9826686671358758,4.167925876699154,8.355479030028294,6.136086526037213,24.70592957483457,47.4634007399797,High,Paid Social,8,11.865850184994924
15060.0,3,0,8,2.504876033057851,0.9458318955352356,7.902520888710737,15.270326023396844,3.9072718837682583,29.845869763262414,55.361497162186,High,Paid Search,12,22.1445988648744
15061.0,126,734,738,139.6337588652482,0.9982649275136112,27.726966146466665,55.61145774802859,139.4967032265716,3736.4022821243184,7181.429927314734,Top,Paid Search,12,2872.5719709258938
15062.0,7,539,609,16.26176100628931,0.9612923821392944,2.0691992034839477,4.138276953444684,16.576125333271566,33.13501412016845,63.513171574741165,High,Paid Social,8,15.878292893685291
15064.0,3,306,716,15.486543209876544,0.5329259074444046,0.5165912678195067,1.0335365694344454,16.237916431779986,8.10358339946168,15.538438756565066,Low,Paid Search,12,6.215375502626027
15065.0,4,373,410,20.04132530120482,0.958611734778572,1.8474290735573755,3.6764472406699698,20.43852034802272,36.47924868367068,69.59435415640438,High,Paid Search,12,27.837741662561754
15067.0,4,528,606,21.785842696629214,0.948680200492508,1.3116732128229187,2.6211753211089186,22.11658980640714,28.025265015923225,53.67812443223208,High,Paid Social,8,13.41953110805802
15068.0,3,575,620,5.325113122171945,0.952482661474772,1.0483943221475245,2.0945235563660543,6.586075816523779,6.670502464137514,12.773268620095331,Low,Email,2,2.5546537240190665
15070.0,2,351,723,25.553030303030305,0.6935546662823635,0.5123899103501566,1.0244976295038666,25.913801694674216,12.82727774301562,24.58161092817212,Mid,Organic,0,3.6872416392258174
15071.0,3,476,570,26.954814814814814,0.9312906561163088,1.102924398491025,2.2015519949115085,27.13106126552423,28.90841683742388,55.31073801235775,High,Organic,0,8.296610701853663
15073.0,7,672,681,17.534716981132075,0.9821848606597526,1.91608267876144,3.8360617184074046,17.820915027322346,32.98683794000753,63.29191603919454,High,Email,2,12.65838320783891
15074.0,2,362,467,21.45657534246575,0.8991843947098522,0.9702510873380092,1.93081413668234,22.117960971640397,20.73278087242741,39.55326502920354,Mid,Paid Social,8,9.888316257300884
15076.0,2,349,521,18.09675,0.854727343879815,0.8405809651306082,1.6748569395122832,19.004693041201595,15.433406883597469,29.47824092917358,Mid,Email,2,5.895648185834716
15077.0,1,235,729,75.8775,0.5138183424237805,0.2634815394909676,0.5261567966549513,69.66865146239843,17.733587739310103,33.94340812857653,Mid,Email,2,6.788681625715306
15078.0,52,728,735,22.398335435056747,0.9964460616588589,11.633568259248063,23.32997752069286,22.422844671717755,251.9948555312137,484.2744567483012,Top,Paid Search,12,193.7097826993205
15079.0,10,519,731,25.981724137931035,0.7332393407831969,1.8270224475310657,3.661244933394725,26.051694315913178,45.98026787094587,88.30215705701112,High,Paid Social,8,22.07553926425278
15080.0,1,74,501,17.620967741935484,0.2968815052603171,0.2109593372279079,0.4194620215502566,19.377762789624136,3.949433889013077,7.528632721892328,Low,Organic,0,1.1292949082838493
15081.0,11,513,535,18.03412844036697,0.9837414874008844,3.5081599247179995,7.010409510073281,18.21064269649905,61.71785151280668,118.20940390076116,Top,Paid Social,8,29.55235097519029
15084.0,1,266,645,31.13548387096774,0.6303625239217372,0.3601681080418975,0.718266560375829,31.04438625256615,10.802007886237812,20.64943777324445,Mid,Paid Social,8,5.162359443311113
15086.0,1,60,624,19.86636363636364,0.1765200916318143,0.1038231695001413,0.2069721863848055,21.316136918258596,2.1380652673542424,4.0857348185532185,Low,Paid Social,8,1.0214337046383046
15088.0,1,45,66,20.352105263157892,0.8701501178338938,2.3750991374806425,4.612327861510284,21.735461191949128,49.89391257882525,92.9911078691574,High,Paid Search,12,37.19644314766296
15089.0,5,118,127,16.69544827586207,0.9705424633183448,5.174950236644835,10.165739956885592,17.118380620287546,85.60119043530648,161.30423035575407,Top,Paid Social,8,40.32605758893852
15091.0,2,607,674,18.36157894736842,0.930332482897788,0.7314470647527486,1.4614529462536765,19.250087781955852,13.602605978620238,26.049847220273485,Mid,Paid Search,12,10.419938888109394
15092.0,2,247,462,17.25466666666667,0.7695592745157808,0.8379234570222001,1.6672722983243715,18.22440514846856,14.753217445025191,28.142329998432253,Mid,Paid Search,12,11.256931999372902
15093.0,22,713,731,43.15093373493976,0.9911247621636036,5.086303662540026,10.197212958469503,43.060283180716375,211.5770641959746,406.4925890394794,Top,Paid Search,12,162.59703561579178
15094.0,1,181,643,16.6,0.4688156044937638,0.268596214217715,0.5356302517280886,18.49639596159665,4.799581228145933,9.174716795017838,Low,Organic,0,1.3762075192526757
15095.0,9,584,687,25.335806451612903,0.9458228693494044,2.2707140068137184,4.547496531804401,25.42458757232654,55.771354499456656,107.04100984726732,Top,Paid Search,12,42.81640393890693
15097.0,2,578,582,13.762878787878789,0.9470142498381184,0.8466467270622994,1.6890059881915158,14.988858620044793,12.259860789418536,23.44388386844786,Mid,Paid Social,8,5.860970967111965
15098.0,1,0,181,473.25,0.3662386630384087,0.5693207850668396,1.117371922422022,412.7068548109262,227.04577125965187,427.4729035801709,Top,Paid Search,12,170.98916143206839
15100.0,6,367,700,160.81666666666666,0.4635234651181227,0.7764414977112682,1.5545903320632553,157.46418259299307,118.10996067417526,226.6356158736837,Top,Organic,0,33.99534238105255
15101.0,5,581,589,25.481724137931035,0.9759655081070516,1.6431611125691603,3.2837654071102858,25.634868807923286,40.69274172933535,77.94440077615107,High,Paid Search,12,31.177760310460428
15102.0,1,16,546,20.543333333333333,0.1026637049292542,0.0677881972624222,0.1349264196500445,21.900541899906493,1.4342855524224758,2.73680402640508,Low,Paid Social,8,0.68420100660127
15103.0,1,55,85,20.096,0.8575314981318556,2.0796239396527896,4.047559204177827,21.514374203438884,43.24061132962829,80.76338363481028,High,Organic,0,12.114507545221542
15104.0,1,85,281,14.890434782608695,0.6037649575180916,0.6840921394851533,1.3502208762910637,17.02058628508142,11.250346818105788,21.29598115256773,Mid,Organic,0,3.1943971728851595
15105.0,8,608,626,20.496092715231786,0.981983580030764,2.311258310583464,4.624238447090194,20.689716818975903,46.19583246911501,88.58190384557834,High,Paid Search,12,35.43276153823134
15106.0,4,251,268,14.2252,0.9642401293724946,2.60172293979806,5.152010505511324,14.843928823921356,37.313649038914136,70.85245839486858,High,Organic,0,10.627868759230287
15107.0,8,140,451,20.00744680851064,0.0170202844681334,0.0530890559321985,0.105870596403835,20.2105577459953,1.036574397536506,1.981495065814832,Low,Paid Social,8,0.495373766453708
15108.0,3,85,227,21.67083333333333,0.6365150150474804,1.5763800674046506,3.113225670210246,22.112068207161798,33.679434648175295,63.78836197577772,High,Paid Social,8,15.94709049394443
15109.0,2,489,735,20.48125,0.8454610256349798,0.6155230576865781,1.230908459857461,21.214208900940665,12.614589393605762,24.177777809393906,Mid,Paid Search,12,9.671111123757562
15110.0,5,461,484,28.412264150943397,0.9711202065140466,1.9353927232828083,3.859978030835384,28.475424897444544,53.24218051645165,101.7868372884653,High,Paid Search,12,40.714734915386124
15111.0,4,563,591,18.08523178807947,0.9656286348602228,1.3646034701739302,2.726261627684693,18.556933617658817,24.46357535246623,46.84504981384259,High,Email,2,9.36900996276852
15113.0,2,44,53,36.0933,0.9349071535489968,4.012327524855972,7.798862886413543,35.680584274410684,138.3629634612865,258.10170836456075,Top,Paid Social,8,64.52542709114019
15114.0,11,390,420,14.7191341991342,0.9778276635133736,4.278494787787457,8.528682851073336,14.942704210520535,61.76460785594351,118.02164908093152,Top,Paid Social,8,29.50541227023288
15115.0,1,714,732,15.195714285714288,0.9020550258968072,0.4608787076048254,0.920387609012872,17.28412372731628,7.695605410182173,14.730577931579722,Low,Email,2,2.9461155863159445
15116.0,3,187,204,30.06111111111111,0.953333095579501,2.5479855364931834,5.025649150756785,30.081578712068527,74.05943263834202,140.0968837697874,Top,Email,2,28.019376753957484
15117.0,7,619,633,18.97687022900763,0.980984422928362,2.041239642106845,4.083858783927572,19.231158221647345,37.92271004411696,72.71556078139801,High,Paid Search,12,29.086224312559207
15121.0,1,238,288,16.347142857142856,0.8731058453051774,0.9708708409790152,1.916862999711325,18.27811296519011,17.14618725038748,32.46625158235568,Mid,Email,2,6.493250316471137
15122.0,10,505,618,19.725745614035088,0.9205019702363264,2.6611436822002106,5.324722955335703,19.893260085658277,51.14151954537233,98.07332040657622,High,Paid Search,12,39.22932816263049
15123.0,4,626,633,25.443551912568307,0.9710036827436304,1.29226231394085,2.583502068855456,25.634978410050405,32.00274889433023,61.32154440748924,High,Email,2,12.264308881497849
15124.0,3,628,651,14.54258064516129,0.9588364426602172,1.01114068788333,2.021090456122882,15.341293009411078,14.985737825015695,28.70941752738677,Mid,Email,2,5.741883505477354
15125.0,23,593,617,70.93695833333332,0.9882157977629696,6.145455545340665,12.302643955392751,70.66018015325926,419.4938899192294,804.8361898981595,Top,Organic,0,120.72542848472392
15126.0,1,150,686,17.9796,0.3636862466966506,0.1968235741181099,0.3927853095685273,19.687357855888852,3.7434931894058474,7.160832663664944,Low,Paid Search,12,2.8643330654659778
15127.0,1,454,519,25.410714285714285,0.8811131729165871,0.6075928594067703,1.2086264219774423,26.102386810959995,15.322264030702378,29.220024612277367,Mid,Paid Search,12,11.688009844910948
15128.0,4,369,429,14.501463414634149,0.947383425636342,1.7586093809343286,3.501466780048732,15.10966948078295,25.671435596683125,48.99903018911341,High,Paid Search,12,19.599612075645368
15129.0,22,559,609,33.14096618357488,0.9699882672942132,5.8506214861150525,11.71080028657925,33.12186832519678,187.20366701543415,359.1198963844713,Top,Paid Search,12,143.64795855378853
15132.0,4,244,262,18.80634615384616,0.9634920240079318,2.6444576810511484,5.235231351954708,19.250581039214595,49.18582172059465,93.37191024114414,High,Paid Search,12,37.34876409645766
15133.0,4,392,520,36.87551020408164,0.9069183207865468,1.4313438564543004,2.8558217065848157,36.63149819760242,50.6539095868619,96.87499249336054,High,Organic,0,14.53124887400408
15134.0,9,407,422,18.779882352941176,0.9827230053246104,3.587660538686746,7.150470065104777,18.98204603877644,65.79224218932384,125.69915901193964,Top,Paid Search,12,50.27966360477586
15135.0,1,317,555,15.284,0.762916315570135,0.4967191068012481,0.9888670612202692,17.360337790468396,8.330952206089666,15.899471020825551,Low,Paid Search,12,6.359788408330221
15136.0,3,93,95,18.92205882352941,0.962192825253899,4.124211506409978,8.066765987921892,19.501143049293628,77.7218364773614,145.8542635687138,Top,Email,2,29.17085271374276
15137.0,1,159,679,24.21764705882353,0.3900588284424444,0.2130168161370455,0.4250528555805979,25.07245233389725,5.159692283900144,9.868784867121288,Low,Paid Social,8,2.467196216780322
15139.0,1,96,336,13.766153846153848,0.5598718289138035,0.5521905374259608,1.092421678923375,16.050032679835784,8.563022335882447,16.245089094243596,Low,Email,2,3.2490178188487193
15140.0,7,390,441,28.96151785714286,0.9625133586562036,2.7308708631705483,5.443729507167754,28.99487881517886,76.49654663854415,146.1733223740241,Top,Paid Search,12,58.46932894960965
15141.0,6,163,620,17.355875,0.0206408914102262,0.0384841558887421,0.0769654137592473,17.693145648726695,0.6577924378619538,1.2608462543017225,Low,Paid Social,8,0.3152115635754306
15142.0,5,454,500,18.450140845070425,0.9628237017077664,1.866590056304116,3.724034858258912,18.819194340820584,33.93631057221123,64.89959984362464,High,Paid Search,12,25.959839937449857
15143.0,1,206,431,18.181612903225805,0.7122037672230843,0.5741320199499784,1.1394548182073698,19.86174874447777,11.017229173195137,20.96450933796621,Mid,Paid Search,12,8.385803735186483
15144.0,28,718,726,34.84329512893983,0.994444308102012,6.455537730844639,12.942676170964363,34.81869102236943,217.13715516110017,417.1862603637021,Top,Organic,0,62.577939054555316
15145.0,3,244,247,17.83179104477612,0.9625671329630404,2.24096184012751,4.430217767653301,18.46555152943372,39.98202277227932,75.79867536791294,High,Paid Search,12,30.319470147165177
15146.0,1,126,290,14.584175824175825,0.7088589196411769,0.7840671478227649,1.5481822426224343,16.75620331227831,12.694133234675528,24.03836921943154,Mid,Paid Social,8,6.009592304857885
15149.0,4,515,649,22.53057971014493,0.9223933506789512,1.200920546850194,2.401477136217706,22.832960098951645,26.489811538066288,50.76978521407547,High,Paid Social,8,12.692446303518867
15150.0,12,526,543,15.654052173913044,0.9862049225117338,3.754067069252543,7.5034306946488,15.847054575336635,57.47190456261987,110.09964094009652,Top,Paid Search,12,44.039856376038614
15151.0,1,86,509,36.58964912280702,0.3283105266694436,0.2301752856820917,0.4577581251164964,35.75278215000977,7.950600133033628,15.15865032910266,Low,Organic,0,2.273797549365399
15152.0,13,691,700,17.5461,0.98956807962065,3.241702452933397,6.494933509558031,17.701659642240223,55.43445152554666,106.43892952769646,Top,Paid Search,12,42.57557181107859
15154.0,2,402,477,7.385159574468085,0.9182136332763622,0.9732640576556344,1.9372834487280344,9.079161932691678,8.536963190623213,16.290300558732124,Low,Email,2,3.258060111746425
15156.0,2,32,33,17.481636363636365,0.9465053164228232,4.756614667879893,9.218805969709637,18.434718901932477,84.75223473188957,157.65824017545836,Top,Organic,0,23.648736026318755
15157.0,4,725,728,17.46125,0.9719170052994852,1.1429112536214072,2.287971571009856,17.956719034582374,19.82605227006946,38.03754202524562,Mid,Paid Social,8,9.509385506311405
15158.0,1,356,400,55.09272727272728,0.8856173182173387,0.7591558107057083,1.5052418437424184,51.72586203089243,37.93912662176836,72.12894342629095,High,Organic,0,10.819341513943641
15159.0,33,430,431,27.30460493827161,0.9962301717530336,11.885207781546407,23.714170096295504,27.319721821456334,313.68764031609464,599.9417056026123,Top,Paid Search,12,239.97668224104493
15160.0,3,63,420,25.62043478260869,0.099515499383128,0.1526573662011552,0.3036987846600903,25.86359957166109,3.8144947507598417,7.275063124233317,Low,Paid Social,8,1.8187657810583293
15163.0,1,173,191,10.49896551724138,0.8919176370961382,1.3366862122024694,2.625196689062875,13.229579794063842,17.087774476376392,32.19282693320568,Mid,Paid Search,12,12.877130773282273
15164.0,8,621,689,5.731080332409973,0.966838519835867,2.090950803762341,4.187152912500425,6.211360306440146,12.546591962523545,24.078623634214694,Mid,Email,2,4.815724726842939
15167.0,4,352,672,5.302460063897764,0.6435369849218668,0.8125068043263298,1.6253142313577749,6.26105231540847,4.914450542515563,9.42193568213917,Low,Organic,0,1.4132903523208753
15169.0,1,344,726,9.647796610169491,0.6822156821033324,0.3511196188705055,0.7011337149826192,12.494794541868306,4.23831723003868,8.112113810833927,Low,Paid Search,12,3.244845524333571
15172.0,4,227,236,14.764090909090909,0.9679668761715844,2.8709814876589954,5.676649858948393,15.3622936039564,42.61413322203894,80.80121994424324,High,Email,2,16.16024398884865
15173.0,6,236,617,17.37906976744186,0.1322537673459585,0.2476320840413579,0.4952224288569783,17.71574385593973,4.238072739211771,8.123112019396352,Low,Paid Search,12,3.249244807758541
15174.0,1,87,410,14.160588235294115,0.4331162893524318,0.3638332797249856,0.7216289890849834,16.39053451171784,5.761590117015862,10.957063820369456,Low,Paid Social,8,2.739265955092364
15179.0,12,718,736,23.859617834394903,0.9871527206517244,2.876494689429386,5.765416210302044,23.945723617616316,66.53991471490758,127.808573768822,Top,Paid Social,8,31.9521434422055
15180.0,2,221,588,15.593620689655172,0.5562554596647369,0.4928937132428962,0.9834005305712626,16.685253364043028,7.945115754827999,15.194626739248356,Low,Organic,0,2.2791940108872533
15181.0,4,664,730,60.010000000000005,0.9572520289450296,1.1229146956364893,2.247997950501957,58.8848049652271,63.87731123464691,122.55563682061916,Top,Email,2,24.511127364123833
15182.0,10,502,656,23.991616,0.85659400963499,2.3497618513053053,4.704259845415881,24.09261628651629,54.68954744728955,104.93204598674086,Top,Paid Search,12,41.97281839469635
15183.0,2,36,584,16.840263157894736,0.0480705186559871,0.042848120650349,0.0854824331926313,17.840412225439366,0.7385011991965771,1.41224666973825,Low,Paid Search,12,0.5648986678953001
15184.0,3,694,723,8.117058823529412,0.9580033329209716,0.9206302403291448,1.8420629611022297,9.238007157227342,8.216044725803279,15.75547314524178,Low,Paid Search,12,6.302189258096712
15186.0,4,682,696,26.984615384615385,0.969719472864804,1.1868599134159652,2.374952375123,27.117343419798527,31.091774469824564,59.6277444877325,High,Paid Search,12,23.851097795093
15187.0,15,210,211,52.49648351648352,0.9918722758691362,9.797252628399397,19.38679277076591,52.266318919301234,494.7535419537296,938.807219357838,Top,Paid Search,12,375.52288774313524
15189.0,45,507,508,72.71526970954358,0.9971973386979932,13.975823500778883,27.93367901155869,72.56709333699217,979.76576561062,1876.919989750903,Top,Organic,0,281.5379984626354
15191.0,2,225,688,16.80142857142857,0.4509153080782276,0.3481326825462717,0.695725655179898,17.80442747614039,5.98795063078434,11.469590930680138,Low,Paid Social,8,2.8673977326700344
15192.0,4,560,679,18.69235849056604,0.9340207041315828,1.1685003018693016,2.3376648133059965,19.14093511829419,21.606881837787387,41.42839859684264,Mid,Paid Social,8,10.35709964921066
15194.0,27,733,736,25.259532520325205,0.9952274921636388,6.164475682408271,12.360392775808608,25.289916255989624,150.60254236322015,289.3812076764638,Top,Paid Search,12,115.75248307058553
15196.0,1,293,726,7.354651162790698,0.6135577507556041,0.3157830716176966,0.6305718798743448,10.515199843479069,3.20786157804934,6.139827860478503,Low,Organic,0,0.9209741790717754
15197.0,5,717,727,31.82220338983051,0.9759012398653208,1.3647748035417206,2.7328958897129523,31.78065998275625,41.900503566647856,80.41054062302968,High,Email,2,16.082108124605934
15198.0,4,597,689,18.43064516129032,0.9469139382444346,1.1693866966086353,2.339763788058644,18.889190340132863,21.3388441003742,40.9198760854668,Mid,Paid Search,12,16.36795043418672
15199.0,9,516,575,61.22352941176471,0.9669515656108708,2.714065279471596,5.426383942624014,60.69164409028741,159.1301892961181,304.9359323766532,Top,Email,2,60.987186475330645
15201.0,6,524,610,18.4295,0.9515421053702556,1.7995481981284738,3.5983970829278435,18.739157439097674,32.57738481561366,62.43453660356121,High,Paid Social,8,15.608634150890303
15202.0,2,0,420,2000.496666666667,0.0351895901979922,0.0414811695690958,0.082445672251715,1855.9281806572228,74.3785223221144,141.72921729087346,Top,Paid Search,12,56.69168691634939
15203.0,14,705,730,12.828513119533527,0.9867476476093394,3.331148757760988,6.676865074524156,13.025861794761198,41.91708407393945,80.51553695028362,High,Paid Social,8,20.128884237570905
15205.0,1,42,126,17.655135135135136,0.7362143215014941,1.4401500900541906,2.814387918597825,19.40725834147111,27.00959700600868,50.64445864749242,High,Paid Social,8,12.661114661873105
15206.0,3,265,275,46.7,0.9593965069226204,2.0607239938280677,4.0791741020750845,45.88603755146311,91.36088825567808,173.41726550417874,Top,Paid Search,12,69.3669062016715
15207.0,2,130,546,28.496666666666663,0.3162018226863641,0.2987204771730546,0.5955114568441002,28.64142225695527,8.26567086323909,15.7955048464884,Low,Organic,0,2.36932572697326
15208.0,5,422,423,20.219166666666663,0.9774192125563076,2.180819578136998,4.3431353028701,20.53390120294947,43.262913030900656,82.5944487875036,High,Organic,0,12.389167318125539
15210.0,2,350,574,17.55507462686567,0.8170768712131101,0.7392963834170203,1.4746271274778742,18.50276797189131,13.215111673916615,25.266949806488533,Mid,Email,2,5.053389961297707
15211.0,1,304,364,17.033066666666667,0.873379897154124,0.8081454410358352,1.6004435377315405,18.870247728549494,14.734079854309666,27.97989060432664,Mid,Paid Social,8,6.99497265108166
15212.0,1,135,376,20.828,0.6222883548587104,0.5609507130944336,1.1113648159505172,22.14628497947679,12.002700505174086,22.80207471571492,Mid,Paid Social,8,5.70051867892873
15213.0,1,11,329,13.68125,0.2147907589626178,0.2153931655992971,0.4260048682607664,15.976738068754257,3.3249407749697664,6.306173041355202,Low,Email,2,1.2612346082710406
15214.0,7,241,242,15.104,0.9834247353886736,4.480995726168949,8.872365508426833,15.44398172635633,66.86403629095315,126.9495112006596,Top,Paid Social,8,31.7373778001649
15215.0,6,566,612,21.437433628318587,0.9692766086840474,1.827846569137798,3.655098399098476,21.66972820624132,38.26447085929823,73.33603426499953,High,Paid Search,12,29.33441370599981
15216.0,1,531,618,20.25375,0.8765686737146069,0.5199362629665014,1.0363822536151408,21.6505544287394,10.87521623337539,20.7798146808963,Mid,Paid Social,8,5.194953670224075
15218.0,21,672,682,28.71962593516209,0.9925996547657332,5.186194190821556,10.391117798334935,28.73272354671933,143.95211868742598,276.4076764039704,Top,Organic,0,41.46115146059556
15219.0,1,472,648,26.36346153846154,0.8352145554621025,0.4752745084126439,0.9478673622681352,26.924861204199747,12.36271540842096,23.63410331684147,Mid,Paid Social,8,5.908525829210367
15220.0,5,229,280,15.204786324786324,0.9429071709024752,2.9240472348609297,5.7959547997338206,15.673490305279252,44.27943318000452,84.15766225275287,High,Paid Search,12,33.66306490110115
15221.0,3,271,637,72.51323529411764,0.5427802700375982,0.58343516735259,1.165929002018908,70.40475496353261,39.68261798055487,76.00754498400944,High,Email,2,15.20150899680189
15222.0,10,404,722,25.73123188405797,0.2156383983107451,0.5432842851424851,1.0885924487687608,25.805107780365912,13.543315703090787,26.006415627974544,Mid,Paid Search,12,10.402566251189818
15223.0,4,509,734,41.70441176470588,0.8617827661316966,1.0060054757563663,2.0140554354477715,41.27646891998212,40.1143025207475,76.96738210141694,High,Paid Search,12,30.78695284056678
15224.0,4,334,692,24.896,0.555144526151795,0.6829366687090597,1.3665080383073218,25.10828252053345,16.565197766497334,31.7670600074876,Mid,Paid Search,12,12.706824002995042
15227.0,8,597,633,20.737416666666668,0.97712781694455,2.2774795558353134,4.557130590044531,20.92635557777255,46.04127213518445,88.29426009686047,High,Paid Search,12,35.31770403874419
15228.0,5,433,499,23.84730769230769,0.9530048978583068,1.850705316617824,3.692265557201924,24.050638063140926,43.00100837564029,82.23323158045194,High,Email,2,16.44664631609039
15230.0,1,1,240,18.678260869565214,0.2690719143810705,0.3429558433866542,0.6755188681003166,20.290488091236224,6.723893933285127,12.702909960571343,Low,Paid Social,8,3.175727490142836
15232.0,1,27,140,19.74387096774193,0.6356242514610049,1.1665506572858673,2.282451962617263,21.21039315147212,23.91054273063472,44.88508669046762,Mid,Paid Search,12,17.954034676187046
15235.0,15,170,388,15.710213903743314,0.0042062796893276,0.0260254248987586,0.0518487691256717,15.864432325816006,0.3988825744049762,0.7617791923148621,Low,Organic,0,0.11426687884722932
15237.0,3,225,226,14.265858585858584,0.9634924865317884,2.393800899831682,4.727316591630564,15.07844839127539,34.875425370952826,66.05021624733438,High,Organic,0,9.907532437100157
15238.0,2,154,183,21.4398,0.924789920329568,2.0457778070556776,4.024994340048388,22.102416670851703,43.69153410310675,82.45329365467026,High,Organic,0,12.367994048200538
15239.0,1,68,78,15.930408163265309,0.8925650480500229,2.257242811956544,4.38977392835265,17.918360036487815,39.08961368034628,72.95485916428265,High,Paid Search,12,29.181943665713064
15240.0,11,689,733,19.910625000000003,0.979474948418692,2.649591235509256,5.310124804463385,20.06050272031333,51.34662012941915,98.61670925009184,High,Paid Social,8,24.65417731252296
15241.0,10,587,653,16.57695652173913,0.9672693065222692,2.6641143733597903,5.333375896009558,16.79356745471675,43.22077592982783,82.92379567876613,High,Organic,0,12.438569351814918
15243.0,1,360,434,15.201311475409838,0.8707199594360286,0.6978943064781293,1.3852010846238332,17.288955591365664,11.657382280278403,22.18448453837428,Mid,Email,2,4.436896907674856
15244.0,2,600,665,19.00166666666667,0.9307143167177884,0.7404801880448264,1.479296669860305,19.84320330613857,14.19490383583706,27.18056392345277,Mid,Paid Search,12,10.872225569381108
15245.0,7,461,594,31.154324324324325,0.9062068450041748,1.993569316800085,3.986065039090276,31.139165770375836,59.97101529341019,114.9262211203288,Top,Paid Search,12,45.970488448131526
15246.0,2,317,555,15.301960784313724,0.7903760994233732,0.7362414968395403,1.4679924309903676,16.414996628248552,11.675584747386605,22.31559770837347,Mid,Paid Social,8,5.578899427093368
15247.0,2,414,536,57.41529411764706,0.8968984900898869,0.8608752986973921,1.7158378699161414,55.4378852449304,46.10696716621266,88.0921648660425,High,Organic,0,13.213824729906374
15248.0,2,122,533,17.867264150943395,0.3031561009124069,0.2923841152643224,0.5827236092807963,18.792047780947343,5.308207350517111,10.14128056386744,Low,Paid Social,8,2.53532014096686
15249.0,17,591,622,18.45816733067729,0.9845358893900962,4.579762734923194,9.167609124420606,18.56904317006097,82.1541838310265,157.60931773901393,Top,Paid Social,8,39.40232943475348
15251.0,20,670,679,88.3675652173913,0.9925424175507758,4.97300518316467,9.9633734338944,87.9126382722049,422.3407817937047,810.9057879074086,Top,Paid Search,12,324.36231516296345
15252.0,4,575,611,17.82550847457627,0.9636405552000592,1.322826905949762,2.6436811137622604,18.3071030564026,23.395273683612828,44.81357159437309,Mid,Email,2,8.962714318874617
15253.0,7,570,586,17.716293103448276,0.9802699625515306,2.1821229892435245,4.362497370320773,17.998473474127884,37.94186478579237,72.70130529356231,High,Organic,0,10.905195794034347
15254.0,2,433,560,16.244029850746266,0.8967620297753368,0.828903379763551,1.6529140358110428,17.28793290136756,13.844076605324489,26.46272521162481,Mid,Paid Social,8,6.615681302906203
15255.0,8,670,736,19.732380952380957,0.9692333694805092,1.976490986384608,3.9602651731766247,19.9408321659406,38.07416480468809,73.11014002064867,High,Email,2,14.622028004129735
15256.0,1,413,561,17.04,0.8397165393349728,0.5416829747353817,1.0785178657072114,18.876233040089375,9.878373014447977,18.854969207630912,Low,Organic,0,2.8282453811446366
15257.0,1,130,413,57.15833333333333,0.5646601587025271,0.471501916488468,0.9352659397378036,53.50902969311398,24.375684285026367,46.360361033670834,Mid,Paid Search,12,18.544144413468334
15258.0,1,48,216,18.328235294117647,0.5705658224149249,0.7846732685541093,1.5434722390831364,19.98832288220045,15.155297528998332,28.59464479015389,Mid,Paid Social,8,7.148661197538472
15259.0,3,169,682,20.74350877192982,0.1684288882517428,0.1704703509572109,0.3408967146050707,21.23124840246628,3.4964439315638254,6.701352449863836,Low,Paid Search,12,2.6805409799455346
15260.0,24,633,733,23.086005025125623,0.8797513160040623,4.889904230832497,9.80401390025872,23.134412280385856,109.28183167616837,209.96896636483132,Top,Email,2,41.993793272966265
15261.0,3,299,434,16.391304347826086,0.8762527037506999,1.3081088164287318,2.603343144555756,17.097304354837526,21.607259677368376,41.22433884493513,Mid,Paid Social,8,10.306084711233783
15262.0,2,164,487,16.108461538461537,0.5169120626668798,0.5383832484838097,1.0719077539872066,17.162313133671535,8.926742187080169,17.037934940049094,Low,Email,2,3.407586988009819
15264.0,1,466,529,15.425454545454546,0.8825030353811136,0.5987174567269168,1.1912445677041468,17.482450702479692,10.11237137418162,19.288804433174143,Mid,Email,2,3.8577608866348285
15265.0,3,586,737,17.334922279792746,0.9166468762979472,0.8659500050016044,1.732970930317828,17.99360042757833,15.052520212004772,28.87041640948328,Mid,Paid Social,8,7.21760410237082
15266.0,4,363,701,18.938,0.6278744119485593,0.7635997152389907,1.5280956299482198,19.37722024550113,14.294066300419594,27.414889432778413,Mid,Organic,0,4.112233414916762
15267.0,4,160,182,156.12363636363636,0.9565074983243472,3.408483331303563,6.718927102095267,151.33751316929062,498.4191683896596,942.318901442938,Top,Paid Social,8,235.5797253607345
15268.0,2,126,605,43.72272727272728,0.2426466146302758,0.2097400496380714,0.4185926317685634,42.750133680918,8.662262587136462,16.57095422865691,Low,Paid Search,12,6.628381691462764
15269.0,2,366,389,35.010285714285715,0.9390466033251036,1.1788479655766473,2.340870352470707,34.67704590552426,39.49485930796945,75.19249605795088,High,Email,2,15.038499211590176
15270.0,20,706,721,50.74321428571429,0.991351855423356,4.708821440094512,9.43895153954724,50.58391475424556,230.09906682258605,442.01268275673175,Top,Email,2,88.40253655134636
15271.0,23,483,490,7.547339743589744,0.9931943164882792,7.536892965106376,15.055253530995104,7.704113679061335,56.094884440643966,107.40009059779348,Top,Paid Search,12,42.96003623911739
15272.0,5,605,662,6.793094462540717,0.9634542393138426,1.4641579316539337,2.92935709297572,7.520084299429433,10.636786088818909,20.39603689328561,Mid,Organic,0,3.0594055339928414
15274.0,1,14,17,15.24617021276596,0.9000014225177153,3.644766158903357,7.026930362128792,17.327680618052533,61.04822565128919,112.99347725317206,Top,Organic,0,16.949021587975807
15276.0,3,368,434,3.4185789473684207,0.936303112635614,1.39775472445991,2.781752660017621,4.77515315859902,6.448318056078362,12.302700689163183,Low,Paid Search,12,4.921080275665274
15277.0,1,378,424,18.32076923076923,0.8857279048423593,0.723751293007945,1.4361017272062255,19.98187768290476,13.972366914002723,26.582582256365864,Mid,Organic,0,3.9873873384548792
15278.0,3,103,664,17.10896551724138,0.0548848481165851,0.0568788566137591,0.1137130756709741,17.778975257768423,0.9769248013328646,1.871924955771036,Low,Paid Search,12,0.7487699823084144
15279.0,4,321,675,16.814255319148934,0.5422265892323274,0.6819045840926442,1.3641197033305712,17.33436811018289,11.419104141335906,21.893479828094044,Mid,Paid Search,12,8.757391931237619
15280.0,2,399,570,6.659344262295082,0.8675674853759078,0.7897463058020753,1.575136239064426,8.406609849031492,6.413933614449367,12.262386011222068,Low,Paid Search,12,4.904954404488827
15281.0,15,368,427,16.36699233716475,0.9441763772941688,5.398047388509985,10.765041121786842,16.514348022681716,86.1222264660662,164.63261588009755,Top,Organic,0,24.694892382014633
15283.0,2,127,517,16.481111111111108,0.3405345807266236,0.3371101770647878,0.6716335796078642,17.507616191291252,5.701915189668094,10.889921661213153,Low,Email,2,2.1779843322426307
15287.0,4,715,737,23.77861111111111,0.9682570329342624,1.1261896073495126,2.25475274541144,24.03345450649327,26.147121585979114,50.17031784260051,High,Paid Search,12,20.068127137040207
15288.0,9,622,664,21.45375690607735,0.9770969316325852,2.417609064160975,4.840190542779515,21.609676805211446,50.4697033171742,96.83738414218878,High,Paid Social,8,24.209346035547195
15289.0,4,592,621,16.42360824742268,0.9656966132400524,1.3069514355283265,2.612375231313083,16.958600621827372,21.41184544162813,41.020602560844566,Mid,Email,2,8.204120512168913
15290.0,25,649,653,35.946164383561644,0.994641026782294,6.368224274932589,12.755493390967494,35.911682963840995,220.9266831462541,424.0846401235751,Top,Paid Search,12,169.63385604943005
15291.0,39,710,736,56.28682926829268,0.9890165486576404,8.72126374277269,17.488802338506716,56.18239997430064,473.3342905092558,909.5952880083514,Top,Organic,0,136.4392932012527
15296.0,11,636,686,19.332392523364486,0.9763004705699676,2.80153619403649,5.611390708866129,19.49047815111916,52.74882949854532,101.25415174583192,High,Organic,0,15.188122761874787
15297.0,2,53,63,16.46,0.9344241044151422,3.73816412183384,7.275418915073853,17.488054297889406,63.1801285779069,118.00278871966616,Top,Paid Social,8,29.50069717991654
15298.0,22,729,730,21.401289592760183,0.9945801718755596,5.1102842464826965,10.245172362958732,21.466108640617204,105.97120139807026,203.59502857791796,Top,Organic,0,30.539254286687694
15299.0,9,629,696,614.7338461538461,0.9683045001493178,2.297978303613847,4.602633283406396,604.6291807652203,1342.237205807352,2576.4172454201525,Top,Paid Social,8,644.1043113550381
15301.0,16,399,449,20.00905263157895,0.9606154310442386,5.589070027180761,11.15227989973666,20.111587849021507,108.59253271746104,207.69854273777025,Top,Organic,0,31.154781410665535
15303.0,2,393,683,17.741739130434784,0.785870199777558,0.6106660261893353,1.220294575437176,18.67573428813634,11.017605962325648,21.102129933881063,Mid,Email,2,4.220425986776212
15304.0,8,360,421,31.708620689655174,0.953511331863782,3.1498699732994804,6.276905240846835,31.68455876095448,96.41874874761967,184.18420866726785,Top,Email,2,36.836841733453575
15306.0,8,594,658,21.51067901234568,0.967391586054673,2.179156867442182,4.361957900534575,21.68460539349812,45.64964418598462,87.57306973079939,High,Paid Search,12,35.02922789231976
15309.0,3,124,734,14.777037037037038,0.0595531896203471,0.056464658023014,0.1129947766673508,15.563991557359651,0.8489775669775357,1.628261334398105,Low,Organic,0,0.24423920015971573
15311.0,207,738,738,26.335399188092016,0.999434530678478,45.41902532660389,91.09879093606403,26.33855988733947,1155.6252469192782,2221.194184876914,Top,Paid Social,8,555.2985462192285
15312.0,11,648,723,17.976625766871166,0.9657796538432184,2.6447874461941194,5.29986874780848,18.15395626325393,46.38246514271383,89.07249475430075,High,Paid Search,12,35.628997901720304
15314.0,2,228,427,16.409000000000002,0.7735152325687602,0.8994263641363595,1.787999412530345,17.440796881723884,15.15535816961567,28.884095737360497,Mid,Paid Search,12,11.5536382949442
15315.0,1,51,115,15.41891891891892,0.7902672459364887,1.630341151794153,3.18286283949726,17.476808717731032,27.53559776263687,51.581112614982175,High,Paid Social,8,12.895278153745544
15321.0,11,603,674,21.714336569579288,0.9654230203118296,2.813997384502702,5.635463791328335,21.838610924097377,59.36679388398787,113.94068266454356,Top,Paid Social,8,28.48517066613589
15322.0,1,390,475,16.75734939759036,0.8678557567438315,0.6450790419848725,1.281809847352376,18.63223036042236,11.612184770795835,22.12207739748424,Mid,Email,2,4.424415479496848
15323.0,2,99,661,14.986206896551725,0.1327050036324203,0.1061436675126434,0.212035632103699,16.122414022761276,1.6532240581572262,3.1654249365728897,Low,Organic,0,0.47481374048593344
15325.0,7,557,660,7.120044444444445,0.9455559845589157,1.8964478937050844,3.7956584737580856,7.636684545837105,13.990836609622145,26.836910408531764,Mid,Paid Search,12,10.734764163412706
15326.0,4,404,737,13.182325581395348,0.6807081694188204,0.7917385982875005,1.5851458462117722,13.84077705519672,10.586160215154234,20.312408804943864,Mid,Email,2,4.062481760988773
15329.0,10,686,725,19.25374193548387,0.980065190422062,2.4600793635337825,4.929501039532977,19.42861596968298,46.172456631498136,88.66522938391768,High,Paid Search,12,35.46609175356707
15330.0,1,28,60,54.99692307692307,0.8392016133971582,2.385369649615666,4.628747039158744,51.64315751761603,119.06167109311028,221.74255411665644,Top,Organic,0,33.26138311749846
15331.0,2,109,608,17.4525,0.1908648315099935,0.1642705198529376,0.3278632953349523,18.40772068111064,2.9212711238500817,5.588687663341223,Low,Organic,0,0.8383031495011835
15332.0,5,147,512,34.675873015873016,0.0876867481859177,0.1665918770891074,0.3324500270573884,34.54670603493234,5.559986981908735,10.635392697228095,Low,Paid Social,8,2.658848174307024
15334.0,2,16,172,3.5522222222222224,0.4066545585328795,0.937868865507248,1.843862207515012,5.527500842662951,5.009277405788499,9.446696896732824,Low,Email,2,1.889339379346565
15339.0,6,602,668,8.16,0.9636633845573248,1.6825750356699514,3.367397455016691,8.733784910314565,14.196299223931476,27.22946320433448,Mid,Paid Search,12,10.891785281733792
15341.0,1,368,448,100.11333333333332,0.8683638141557051,0.6778759743754865,1.3460026202289577,90.59062448096672,59.32992759431684,112.94999170730968,Top,Paid Social,8,28.23749792682742
15344.0,2,73,73,21.69,0.9480243386762242,3.5519679055111664,6.921444315247151,22.334255994863742,76.667486765458,143.36014322768227,Top,Organic,0,21.50402148415234
15346.0,2,98,430,16.111351351351352,0.3444203899531052,0.3981664289386606,0.7915935853813805,17.164990880541627,6.603010862989605,12.58544835868164,Low,Paid Social,8,3.14636208967041
15347.0,3,71,437,33.25853658536585,0.1083388876242413,0.1608085189178957,0.3200593575640281,33.11865526431572,5.145285552915299,9.8173833649792,Low,Paid Social,8,2.4543458412448
15349.0,1,29,186,6.580694444444444,0.5378957269337445,0.8208678873227087,1.61161531610107,9.847069255350746,7.810746927931251,14.710535011311409,Low,Paid Social,8,3.677633752827852
15350.0,1,9,382,18.95,0.1629364974032012,0.1450056151018554,0.2873458310249788,20.52507126718282,2.8755548755247213,5.463877449723904,Low,Organic,0,0.8195816174585856
15351.0,9,420,432,10.049166666666666,0.983853837257684,3.5225399523665004,7.022425559395039,10.402325227512463,35.400166554401345,67.64965532511806,High,Paid Search,12,27.059862130047225
15353.0,6,483,737,8.206589147286822,0.7711640425665209,1.2338134664354898,2.4714873695779445,8.779175803191821,10.46397987352304,20.08768290323381,Mid,Paid Search,12,8.035073161293523
15354.0,2,0,602,94.8,0.0127145618686756,0.0110379921412311,0.0220281073073876,90.0791519921475,0.960565878771268,1.8374747547883357,Low,Email,2,0.36749495095766715
15355.0,1,23,52,19.789285714285715,0.8427606788173758,2.5355058515258406,4.914859373330568,21.249598162035024,52.07485962549103,96.8864720823186,High,Organic,0,14.53297081234779
15356.0,12,390,421,4.589337748344371,0.9777616179073524,4.6163740657861,9.203171540745137,4.926483844719119,21.97136131399177,41.98771525149524,Mid,Paid Search,12,16.795086100598095
15358.0,41,727,732,15.088858407079648,0.996310006524905,9.26636185076386,18.581266052745168,15.148047322811,135.59832861966353,260.56778615664115,Top,Paid Search,12,104.22711446265646
15359.0,7,30,693,11.334375,4.423908579285543e-06,8.497641328312981e-06,1.7015267177487378e-05,11.757765986636208,9.652033923141912e-05,0.0001852217119821,Low,Paid Search,12,7.408868479284e-05
15361.0,3,181,542,68.90700000000001,0.3760640230335055,0.4651592790049857,0.9280116371065829,66.97937015258447,30.09936944093496,57.56025297849703,High,Paid Search,12,23.024101191398813
15362.0,1,290,738,15.327000000000002,0.6007537178759504,0.3047147419731185,0.6085769612122679,17.397458232230186,5.12138695507387,9.803938655007684,Low,Paid Social,8,2.450984663751921
15363.0,1,120,492,19.68843137254902,0.4489828490983344,0.3239761433509728,0.6440372604311805,21.162534029038262,6.623909801834509,12.624217452784356,Low,Email,2,2.5248434905568713
15364.0,1,158,253,31.489310344827587,0.8145572676101259,0.9986529283162688,1.968389519620364,31.349832648303213,30.25070156104924,57.18751192958577,High,Email,2,11.437502385917155
15365.0,12,647,672,20.904266055045877,0.9850442338853486,3.1123324276798616,6.2331531346350175,21.028872183506326,63.22614056397298,121.35199424886213,Top,Email,2,24.270398849772427
15366.0,6,576,651,17.312173913043477,0.9593341487855496,1.7135678358995277,3.4285969109935484,17.65056853641229,29.21860350186439,56.03042693631112,High,Paid Social,8,14.00760673407778
15367.0,10,671,728,18.212652329749105,0.9741133040584437,2.436142393578968,4.881711266140559,18.403759212226152,43.31128125363109,83.17372727338233,High,Organic,0,12.476059091007349
15368.0,1,372,393,90.3425,0.8971595853107506,0.7802135919991108,1.5466469391773296,82.15579541784692,61.93009143276004,117.71478103204666,Top,Paid Social,8,29.428695258011665
15369.0,10,239,731,105.9535593220339,0.0020696104975339,0.0051568766517649,0.0103340758286413,104.77659488468534,0.5219665399571264,1.0024032813197852,Low,Organic,0,0.15036049219796777
15370.0,7,369,410,25.965347222222224,0.9669596043773984,2.914658835413656,5.805538869522802,26.06500346860416,73.39546579566515,140.14314424283268,Top,Email,2,28.028628848566537
15372.0,7,526,663,105.56245614035087,0.9170503350489162,1.83192337473458,3.666669284545808,103.90089317387262,183.87567858778556,352.7202640849487,Top,Paid Search,12,141.0881056339795
15373.0,16,578,586,17.0218407960199,0.9911167571739284,4.591987238807544,9.18670716749277,17.153657927304707,76.0952610660566,145.90456157221354,Top,Email,2,29.180912314442708
15374.0,1,495,624,30.732,0.8578583545909958,0.5045633759446843,1.0058504820431988,30.696072309913134,14.962932182469284,28.593408227063374,Mid,Paid Search,12,11.43736329082535
15376.0,2,182,221,10.54153846153846,0.9195215645774922,1.7829367774370433,3.515906687381111,12.003913121757533,20.67961766197372,39.11126707980346,Mid,Email,2,7.8222534159606925
15377.0,3,32,415,57.70238095238095,0.0376072170705264,0.0582634819357488,0.1158943249988621,56.336655862482765,3.171163006540422,6.047302384784675,Low,Paid Search,12,2.4189209539138705
15378.0,1,39,501,20.541666666666668,0.1858150742025258,0.1320372748256845,0.2625369559183539,21.899103123094022,2.7935428776003715,5.325208348674747,Low,Paid Search,12,2.130083339469899
15379.0,7,231,400,18.546920152091257,0.614124264406464,1.889152646402869,3.761881624494301,18.810721509554494,34.33189104372964,65.53742738935115,High,Organic,0,9.830614108402672
15380.0,10,729,737,65.64264150943396,0.9872351968042762,2.44200254320646,4.8939744129641305,65.0942118391139,153.56058916205677,294.9230291934969,Top,Paid Search,12,117.96921167739877
15381.0,4,369,582,78.77374999999999,0.814743479002503,1.1668444725821183,2.330808378439726,76.93385158542473,86.72384307747396,166.04210726540674,Top,Organic,0,24.90631608981101
15382.0,11,720,734,21.730300632911398,0.9871243969704122,2.667032425223777,5.345141907550127,21.854348380382124,56.30633625002765,108.1435808023302,Top,Paid Search,12,43.25743232093208
15384.0,3,422,592,17.184661016949153,0.8824875382470074,1.0113277171865438,2.01951233871768,17.850874674697504,17.440586543146015,33.381742171397775,Mid,Email,2,6.676348434279555
15385.0,2,637,676,44.860952380952384,0.9385525061309586,0.735980997775603,1.4705565850887117,43.8048312814953,31.145474837032804,59.64726743021372,High,Email,2,11.929453486042744
15389.0,4,509,681,455.6333333333334,0.8994212557191111,1.122288933564798,2.2452788419549226,439.4390112071207,476.4345644556295,913.5259336100462,Top,Paid Social,8,228.38148340251155
15390.0,1,12,408,15.80077922077922,0.1563877639044252,0.131899701365059,0.261594395048415,17.806455766483232,2.2691775783495105,4.315138044423573,Low,Paid Search,12,1.7260552177694295
15392.0,6,426,431,20.219583333333333,0.9798816930252282,2.4931961133481124,4.967664018876548,20.483200538329942,49.33738609719297,94.23512189444452,High,Paid Search,12,37.69404875777781
15393.0,4,707,723,20.257727272727276,0.9694162920467804,1.1469969024732811,2.296003734106874,20.64667965907256,22.87755150672274,43.88937463356439,Mid,Paid Search,12,17.555749853425755
15394.0,10,714,723,23.28986784140969,0.9870283003546636,2.483672667695291,4.97665765387418,23.40180990596792,56.14821141174873,107.81927016449528,Top,Paid Search,12,43.12770806579812
15396.0,1,471,583,49.77375,0.8627469920291694,0.5383468877320734,1.0723586165285246,47.13416933125163,24.51435631028251,46.810883450895645,High,Email,2,9.36217669017913
15398.0,1,62,77,18.43191780821918,0.8842907434065214,2.2500852821407062,4.3753465712528445,20.077828480489327,43.66178880140656,81.47907985004522,High,Organic,0,12.221861977506784
15399.0,2,77,78,16.3154,0.9469512796299412,3.438980120336433,6.705155294397577,17.354065623820095,57.676240497593625,107.90828347868442,Top,Organic,0,16.18624252180266
15400.0,7,468,560,48.23333333333333,0.9431762003456408,2.1838840412719347,4.364076116959606,47.84027312928573,100.93210703954176,193.3167349338404,Top,Email,2,38.66334698676808
15401.0,1,116,568,15.496428571428572,0.3668770284248961,0.2341466886842448,0.4662657494792774,17.543720172195243,3.968567887769977,7.57590300521305,Low,Email,2,1.51518060104261
15402.0,5,443,591,13.97358778625954,0.8996947492297015,1.5102857270368406,3.018322905762416,14.480096428897063,21.126915711969545,40.46857731934992,Mid,Email,2,8.093715463869984
15403.0,1,238,730,21.36,0.5186769626215969,0.2656488313632348,0.5304925508813257,22.605542538018,5.801386214846359,11.104440480762545,Low,Paid Search,12,4.441776192305018
15405.0,1,386,575,21.994666666666667,0.8135077318656492,0.5137283547522069,1.0231548228515948,23.153428748207517,11.491379418578513,21.939765298999404,Mid,Organic,0,3.2909647948499106
15406.0,3,422,452,7.998934426229508,0.9540977164663496,1.3768257278004263,2.7413589114899866,9.125806625838417,12.138802144958742,23.169644873761907,Mid,Email,2,4.633928974752382
15407.0,3,271,304,6.90483660130719,0.947581983023027,1.8843919498408128,3.734623431935772,8.086577134270449,14.722736238849487,27.97813177402648,Mid,Paid Social,8,6.99453294350662
15410.0,9,515,599,28.9241975308642,0.9519002870127864,2.578361346902311,5.1570821924451415,28.95091860037811,72.11198915171381,138.23719102436368,Top,Paid Search,12,55.29487640974548
15411.0,3,156,182,13.726060606060608,0.9442211006113536,2.7306409404080862,5.378667379145205,14.565720948338834,38.431589323085554,72.60698788850783,High,Paid Social,8,18.151746972126958
15413.0,4,47,738,271.9488,0.0015359255311805,0.0017842884586119,0.0035723820499318,262.7509448268617,0.4529032743732271,0.8690276036801999,Low,Paid Social,8,0.21725690092004998
15414.0,2,232,241,19.86923076923077,0.943098839303894,1.7171585553022362,3.3898083691959213,20.64710208741585,34.25675915664528,64.85558489870563,High,Organic,0,9.728337734805844
15416.0,6,611,676,20.05622807017544,0.9642966174332768,1.6660424250277264,3.3346787986194384,20.324046707819,32.711004771431504,62.74850435295308,High,Paid Social,8,15.68712608823827
15418.0,1,161,586,6.555362318840579,0.469887405176168,0.2919047071456895,0.581493506818044,9.825200890393058,2.770796563833896,5.2912176043944825,Low,Paid Social,8,1.3228044010986206
15420.0,5,300,733,13.267857142857142,0.2564981568274208,0.356084966154579,0.7130962076095924,13.796035652460914,4.745728639063207,9.1080913027815,Low,Organic,0,1.3662136954172248
15421.0,9,673,731,12.04221518987342,0.9730515895054128,2.21048248373476,4.429301581419312,12.360904627744038,26.39546961429526,50.68674313552218,High,Paid Search,12,20.274697254208874
15422.0,6,347,670,13.49975,0.4513191421168563,0.7859318468522408,1.572957200854132,13.936198655927264,10.58101388206362,20.29563679546967,Mid,Paid Social,8,5.073909198867417
15423.0,2,583,620,19.06357142857143,0.9382899449867602,0.7938841584705236,1.584822417940157,19.900565249196628,15.262780458476424,29.20501165835663,Mid,Paid Search,12,11.682004663342653
15424.0,2,208,462,18.114545454545453,0.6852710699194852,0.7461474676730208,1.4846594792048502,19.02118259416844,13.711697307781025,26.15559025765649,Mid,Email,2,5.231118051531298
15425.0,3,263,663,13.503958333333332,0.4789218369840675,0.4969818916655769,0.9935589257091128,14.354756968057782,6.891917005521279,13.205692580931778,Low,Organic,0,1.9808538871397667
15426.0,8,567,585,4.897734082397004,0.9817127305025064,2.45154272205558,4.901749373393031,5.394193087528093,12.77524015650122,24.481917912977345,Mid,Paid Search,12,9.792767165190938
15427.0,2,13,46,4.84686274509804,0.8657086774245719,3.915144841970152,7.602619400499911,6.727135469609898,25.4552735446134,47.44025176775794,High,Organic,0,7.116037765163691
15428.0,3,706,721,17.335227272727273,0.9610252818435384,0.9258157434121808,1.8523894419243665,17.993890125304674,16.093445224200856,30.86077087493633,Mid,Paid Search,12,12.344308349974533
15429.0,1,48,74,4.845731707317073,0.861990875480786,2.2346274481302566,4.343757685566772,8.349334761341176,18.03207690315361,33.63905730793908,Mid,Organic,0,5.045858596190862
15430.0,1,60,527,26.52083333333333,0.2328895585882233,0.1585117839872948,0.3153703360199839,27.060714937838974,4.144096415269612,7.904299748650784,Low,Email,2,1.580859949730157
15432.0,1,518,540,20.0475,0.8991677858373435,0.5993700576593106,1.1928363505557626,21.472505798195936,12.433837291586771,23.722420398844577,Mid,Organic,0,3.558363059826686
15433.0,1,53,266,13.00731707317073,0.5019067448279564,0.5927566556142375,1.1691118553016953,15.39495462778406,8.817312850266038,16.679074708679842,Low,Paid Search,12,6.671629883471937
15434.0,10,675,683,19.15716417910448,0.987134072402396,2.6129283886075614,5.2330260407338365,19.333544070299656,48.80155297522116,93.66714706037496,High,Organic,0,14.050072059056243
15436.0,2,221,233,3.4119452887537998,0.9411408073619232,1.7564219673947727,3.4658736432584973,5.3975179912248965,9.160146651877469,17.33528991824816,Low,Email,2,3.4670579836496325
15437.0,1,378,640,6.902631578947368,0.770327621252388,0.4431531291159352,0.8836822573082859,10.124986665868724,4.334758515263272,8.285762569301895,Low,Paid Search,12,3.314305027720758
15439.0,3,248,653,22.264035087719297,0.4449896961837964,0.4679979598063222,0.9354733410206824,22.6755212582192,10.251930610587502,19.641042052389604,Mid,Organic,0,2.9461563078584407
15440.0,2,154,208,6.188387096774194,0.9005309718828867,1.8230964169057973,3.5924344089386304,7.970213402616663,14.04003568505854,26.53507722780305,Mid,Paid Search,12,10.614030891121221
15441.0,2,334,729,22.00368421052632,0.6585100239813287,0.4829320097234759,0.9656774960453356,22.624920804302885,10.555417892553294,20.22950162456914,Mid,Organic,0,3.0344252436853707
15443.0,13,640,642,8.012275541795667,0.9908013974854888,3.5039574479231432,7.014973684284879,8.282596603592777,28.036375405643188,53.792958765532646,High,Paid Search,12,21.51718350621306
15444.0,1,31,39,6.476073059360731,0.8915028979503463,2.964364488028099,5.735530015671403,9.756753161582427,27.95543786555813,51.91944270641011,High,Email,2,10.383888541282023
15445.0,1,326,589,20.321428571428573,0.7500819135018708,0.4639093327794984,0.924192922653862,21.708979044303018,9.729584362013762,18.58102820188126,Low,Paid Social,8,4.645257050470315
15446.0,2,349,725,3.569736842105263,0.6884397460986341,0.5073617964602908,1.01447210080831,5.543730169737341,2.717205603342355,5.207265141376975,Low,Paid Search,12,2.0829060565507898
15447.0,4,294,624,16.99586206896552,0.542227676659021,0.7307463596865462,1.4607082446222517,17.50905753495044,12.360436777744166,23.68107511651037,Mid,Paid Search,12,9.47243004660415
15448.0,1,361,673,16.09816326530612,0.7341998090207822,0.4041088128219129,0.8062778850893361,18.06317732708198,7.051899065707908,13.486693686890716,Low,Paid Search,12,5.3946774747562865
15449.0,2,235,261,16.242,0.9331834876530608,1.6015133798421928,3.1646345756846457,17.28605200918187,26.748340952377568,50.68810800244192,High,Paid Social,8,12.67202700061048
15451.0,1,164,598,3.701746031746032,0.4667335614804737,0.2848889098001611,0.5676508786432368,7.361770723053823,2.026182930382926,3.870138807956989,Low,Paid Search,12,1.5480555231827957
15452.0,5,481,510,8.906485148514852,0.9695141813061258,1.8480998333925456,3.687909461603167,9.568582103904223,17.08388127222955,32.67754795468145,Mid,Paid Social,8,8.169386988670363
15453.0,6,185,187,4.85444055944056,0.980210165340502,4.721116155740728,9.317567074725496,5.513243148901342,25.149604624506907,47.60241008534784,High,Paid Search,12,19.040964034139137
15454.0,1,256,617,7.504634146341464,0.6357785446686234,0.3776449896118606,0.752740965255525,10.644675066878037,3.883604596186636,7.42046537911849,Low,Paid Search,12,2.968186151647396
15456.0,9,448,730,9.214217391304349,0.4784158683127188,1.088147517879286,2.180372871148605,9.581816127045736,10.072278560043706,19.341395642032765,Mid,Email,2,3.868279128406553
15458.0,1,376,401,28.495384615384616,0.8954201401138153,0.7659931701996212,1.5188470931217173,28.765278097630866,21.28834784963348,40.474111774826014,Mid,Paid Search,12,16.189644709930405
15459.0,1,80,496,28.97571428571429,0.3206145363843992,0.2297684421565638,0.4568054181088644,29.179930412838587,6.477505373727032,12.346351307178312,Low,Organic,0,1.8519526960767467
15461.0,1,170,631,214.85,0.4532919601282653,0.264023319912791,0.5263989746571681,189.63889780519585,48.37123778515245,92.44612254050364,High,Organic,0,13.866918381075545
15462.0,3,351,445,17.976829268292683,0.9188334763841663,1.343356229179664,2.67424856867881,18.603316175199048,24.14394001717432,46.07646093209063,Mid,Email,2,9.215292186418127
15465.0,31,710,729,48.12034220532319,0.9919271231669996,7.071828381668885,14.179203779011626,48.0306141470636,328.12461091701243,630.465978082894,Top,Paid Social,8,157.6164945207235
15466.0,3,651,736,5.928339622641509,0.9431340900376606,0.8920527405250346,1.7851857186480735,7.1590508788111205,6.169420531710682,11.832674084054217,Low,Organic,0,1.7749011126081324
15467.0,2,142,151,10.093846153846156,0.9409960430458032,2.3623159670903195,4.637294448593073,11.589074264919905,26.454620563963445,49.81690169686511,High,Paid Search,12,19.926760678746046
15468.0,2,341,392,17.881,0.925502966435199,1.1545862869373769,2.292904741404856,18.804775638501365,20.976580511451,39.93987747317936,Mid,Paid Search,12,15.975950989271745
15469.0,2,388,438,20.33139534883721,0.9284352309577302,1.0570020707071872,2.101878691484869,21.07535118301244,21.52202919861274,41.02980531578228,Mid,Paid Search,12,16.411922126312913
15471.0,2,548,550,8.126913580246914,0.9474965858880516,0.8895087411560708,1.7734150878590569,9.766483064917848,8.392793065793756,16.039662265030863,Low,Email,2,3.2079324530061726
15473.0,7,430,444,146.14285714285714,0.9798123030986052,2.7642435165614336,5.510652554887425,143.58338490702715,383.44180260575774,732.7495187606042,Top,Paid Search,12,293.0998075042417
15476.0,3,62,441,27.974430379746835,0.0821802359016124,0.1210582636167001,0.2409687463973497,28.099543736654567,3.286403345219601,6.271186577013183,Low,Paid Social,8,1.5677966442532958
15478.0,2,534,574,28.52084507042253,0.9365548859163744,0.8474008559335733,1.6902561922891837,28.663826352808396,23.46597564559948,44.8663351039182,Mid,Organic,0,6.72995026558773
15480.0,4,559,675,29.204651162790697,0.9352380230601968,1.176156071662574,2.35284775755199,29.25281896486777,33.237862517994735,63.72588108138133,High,Organic,0,9.5588821622072
15482.0,18,721,736,97.93664429530202,0.9908235131750112,4.18719512943361,8.394397189568165,97.34814199415806,393.7680112762751,756.505797333184,Top,Paid Social,8,189.126449333296
15483.0,9,522,683,2.9731034482758623,0.8694689814818551,2.0982441439186887,4.201875673922397,3.4486402103620497,6.990351442573203,13.415795349384526,Low,Paid Search,12,5.366318139753811
15484.0,5,732,733,19.3195020746888,0.9775261172753924,1.357055967538296,2.7176420122871305,19.66186133182602,25.77610803732365,49.46998939253446,High,Organic,0,7.420498408880168
15485.0,6,707,737,35.847888198757765,0.9754668255787696,1.5606849373508584,3.126253048361316,35.70955159456102,53.838540656794805,103.35374740380075,Top,Paid Social,8,25.83843685095019
15488.0,4,490,582,39.26545454545455,0.9405738795459896,1.347053963226609,2.6907824799916127,38.93041055984969,50.6619665855356,96.997773525294,High,Paid Search,12,38.7991094101176
15489.0,7,670,692,21.22464912280702,0.9795148738391508,1.8839095404915995,3.772200213325128,21.429201246546103,38.99974135135875,74.8392429972431,High,Paid Search,12,29.935697198897245
15491.0,5,140,235,20.130454545454548,0.8148008689883888,2.880697806087198,5.698334508049349,20.44791303865056,56.91297550120094,107.95803332856876,Top,Organic,0,16.193704999285313
15492.0,1,46,73,18.84171428571429,0.8593380949650968,2.241820349538916,4.357221536327455,20.43159188228104,44.268291057856985,82.5736311305842,High,Email,2,16.514726226116842
15493.0,8,622,654,6.63843076923077,0.978596632606504,2.216291285793127,4.436039746559712,7.1010949551818285,15.203718716783456,29.164857866030456,Mid,Organic,0,4.374728679904568
15494.0,4,707,728,9.973746701846968,0.9684150497250248,1.1387931813848793,2.279727683153571,10.754411601513407,11.831185473323856,22.69888167950719,Mid,Organic,0,3.404832251926078
15497.0,8,703,720,71.54867768595041,0.9826922396911056,2.0436438169737787,4.094027486386435,70.75113952069702,139.67924821894766,268.1634324347912,Top,Paid Social,8,67.0408581086978
15498.0,43,720,722,26.81728115345005,0.9969731910381736,9.830756815754008,19.71096783616961,26.830683863804943,254.80482074996667,489.58861118137617,Top,Paid Social,8,122.39715279534404
15500.0,3,73,80,16.640588235294118,0.9564724965456988,4.47301661682352,8.735040641165108,17.33408680858921,74.93002135992462,140.4003675692204,Top,Paid Social,8,35.1000918923051
15501.0,1,10,415,5.75,0.1453168079508654,0.1208610713986327,0.2397533286735278,9.12995891240093,1.0661079504207518,2.02775946008224,Low,Paid Search,12,0.8111037840328961
15502.0,13,539,554,38.76307479224376,0.9875631694831444,3.9720412277820674,7.941127485004411,38.66323953430148,148.35960314110673,284.2830310362469,Top,Paid Social,8,71.07075775906172
15503.0,1,363,726,2.171951219512195,0.704143077936062,0.3624051097637573,0.7236691636734153,6.041150740844199,2.1150626156948595,4.048217187225557,Low,Email,2,0.8096434374451115
15504.0,3,584,665,6.142753623188407,0.941921721774604,0.9748469507857336,1.94895789590356,7.362712149035497,6.933902550741287,13.286517824504324,Low,Email,2,2.657303564900865
15505.0,4,102,154,37.22639175257732,0.9006493472320177,3.584391066132509,7.052248553724521,36.96901481485461,128.04219640658664,241.63942427430783,Top,Organic,0,36.245913641146174
15506.0,5,454,477,7.338237410071942,0.9710241019981426,1.959204658372654,3.906864007400845,8.048488317935787,15.233913477345784,29.1194647991293,Mid,Paid Social,8,7.279866199782325
15508.0,5,46,234,10.8725,0.1100308861141246,0.3902252915064522,0.7718696797265225,11.47422933399779,4.326172710753435,8.20591249480333,Low,Email,2,1.6411824989606663
15511.0,4,73,84,5.6826875,0.9603386294187888,5.405322498525044,10.569125214627896,6.6267970476974565,34.61546726707276,64.93979695316945,High,Email,2,12.98795939063389
15512.0,3,520,675,10.361875,0.907754082133382,0.9271799120197584,1.853932823226789,11.370247182384796,10.184427655691865,19.51779608876273,Mid,Paid Social,8,4.879449022190682
15513.0,34,661,694,49.378202846975086,0.984156124181028,8.011318812100498,16.05666732832926,49.290522598371695,381.46819668187874,732.6915139118548,Top,Email,2,146.53830278237098
15514.0,17,722,734,19.4075,0.9910924341691052,3.9812803990976873,7.981179872340876,19.509612423608942,75.03454004507537,144.14919102757975,Top,Paid Search,12,57.6596764110319
15516.0,2,1,46,4.162,0.8001722850899186,3.618758222427799,7.027081392397156,6.092530689975362,21.30870488744173,39.71241255504029,Mid,Paid Social,8,9.928103138760072
15518.0,14,655,719,9.272395604395603,0.9709029263689488,3.3223852129406426,6.658434078917122,9.509526933486278,30.521095732273093,58.61856857172294,High,Paid Search,12,23.447427428689178
15519.0,1,63,445,9.313783783783784,0.3099018011758618,0.2432783347956203,0.4830172964853452,12.206452596065017,2.8690208939235764,5.461493976596885,Low,Paid Social,8,1.3653734941492213
15521.0,15,663,703,17.54738271604938,0.9820367437712624,3.6522596127822697,7.318411435176163,17.68240439699041,62.3871232785758,119.80268592416316,Top,Paid Social,8,29.95067148104079
15522.0,1,54,87,6.9971929824561405,0.8517703988104924,2.041721479569197,3.974667182448234,10.206618318702692,20.139786734921707,37.62437679697644,Mid,Email,2,7.524875359395288
15523.0,15,653,736,81.12144859813085,0.9569883652919194,3.416403680616852,6.848493392142097,80.59217918222181,265.98191415150626,510.958442229064,Top,Organic,0,76.6437663343596
15524.0,1,582,606,65.71111111111111,0.8992810371967535,0.5426027764451556,1.0813201229957865,60.892352702451824,31.920137576031973,60.97837152583367,High,Email,2,12.195674305166735
15525.0,3,380,382,5.002702702702703,0.9633301924593014,1.5973257084492387,3.1742654847076914,6.279834081398288,9.691214591954289,18.46399771911265,Low,Email,2,3.6927995438225305
15526.0,1,0,32,37.11,0.8119419077343804,2.862397780250814,5.532320335067728,36.20198341588275,100.16167650822166,185.83164248405248,Top,Paid Social,8,46.45791062101312
15527.0,22,705,723,16.844833836858008,0.991077890155529,5.136301430329917,10.29649663611524,16.94222308947959,84.06414154064434,161.49410747356342,Top,Email,2,32.29882149471268
15529.0,11,371,393,6.311049382716049,0.9813503496114362,4.535702370877277,9.03499669748198,6.653970666679951,29.157403096786343,55.677353162701735,High,Paid Search,12,22.270941265080694
15530.0,4,491,512,12.683356643356644,0.96676425545458,1.5461494147519077,3.084376360488,13.360813635054637,19.957197993391723,38.1619568517009,Mid,Paid Search,12,15.26478274068036
15531.0,1,22,29,8.804561403508773,0.8922124782896614,3.228832811295404,6.237583582956198,11.766858184185985,36.72398099022582,68.10354370273787,High,Paid Social,8,17.025885925684467
15532.0,9,523,548,6.015789473684211,0.9808191566724396,2.8700331946327204,5.735532482941751,6.438703975166369,17.852178793543985,34.19433411167819,Mid,Paid Social,8,8.548583527919547
15533.0,2,69,88,9.729759036144577,0.9238570116192556,3.1611251919996337,6.170222563280952,11.251705315082068,34.37299097695394,64.37753159851678,High,Paid Search,12,25.751012639406714
15535.0,5,275,448,8.118059701492538,0.7770216684022668,1.6527079572943884,3.2934565308568486,8.80436571554969,14.057732005814362,26.85400483118444,Mid,Paid Search,12,10.741601932473777
15538.0,5,125,663,239.8857142857143,0.0116299549749605,0.0176504611160553,0.035313979196365,233.4554606195708,3.980703315930289,7.633102016095165,Low,Paid Search,12,3.0532408064380663
15540.0,1,364,375,14.860645161290323,0.9016143328507876,0.8144953736860198,1.6136365299074655,16.994869915238294,13.373961004778067,25.406293911446472,Mid,Organic,0,3.8109440867169706
15542.0,2,225,737,3.644642857142857,0.4003203066301998,0.2907407279908401,0.5814320701575667,5.613139282010528,1.576570893992873,3.021814851121556,Low,Paid Search,12,1.2087259404486224
15543.0,1,171,459,4.186896551724138,0.6159551800966604,0.4711941032511785,0.9358937802762124,7.780584714275896,3.542017214944924,6.74508917599377,Low,Paid Social,8,1.6862722939984425
15544.0,19,671,679,14.65427289048474,0.9924548398180724,4.739382803885911,9.495088357322365,14.785022654982487,67.69189865110482,129.96737047715249,Top,Paid Search,12,51.986948190861
15545.0,1,316,370,3.821875,0.8778314045001046,0.8016475382062868,1.5879092073989574,7.465473987471852,5.782231454640197,10.982607135317078,Low,Email,2,2.196521427063416
15546.0,1,0,606,89.92500000000001,0.0561016019924061,0.0338502467471028,0.0674581011468794,81.79538182632257,2.674918851228612,5.110009163436417,Low,Paid Search,12,2.044003665374567
15547.0,25,725,732,7.477459499263623,0.9941733049225076,5.751103467785098,11.530713206783744,7.622210430660416,42.34686269146511,81.3635211957809,High,Paid Search,12,32.54540847831236
15549.0,7,620,696,14.481234567901234,0.9625537268677702,1.8418371851274973,3.688150227716369,14.834996021423857,26.39575585323826,50.65511145239262,High,Paid Social,8,12.663777863098154
15550.0,11,732,735,9.245,0.9891059250550612,2.669136121705288,5.349420656527659,9.546274375363646,24.61476468255317,47.2763550929075,High,Paid Search,12,18.910542037163
15551.0,6,513,549,11.325033112582782,0.9713609857246484,2.0130991536834864,4.021235240922832,11.817414625230056,22.982421468952687,44.00236509313043,Mid,Paid Search,12,17.60094603725217
15552.0,1,405,622,8.417333333333334,0.8028607139089259,0.4735417173492241,0.9439740812583408,11.432577323081857,5.230229721424883,9.99435790740703,Low,Paid Search,12,3.9977431629628124
15555.0,35,721,733,7.205443188578228,0.9942966841924452,7.927023131950799,15.89514561184305,7.310248484865375,55.97973339587508,107.5687584991122,Top,Paid Search,12,43.027503399644885
15560.0,1,0,397,15.352,0.1224665629153723,0.1056266903323723,0.2094148186848421,17.41903988441727,1.7776535495871322,3.3793234001739973,Low,Paid Search,12,1.351729360069599
15561.0,7,651,663,21.025978260869564,0.9815309830740028,1.9607315784073795,3.9244841530705368,21.23492630983553,40.222272597898495,77.15653707868888,High,Paid Search,12,30.862614831475554
15562.0,2,374,725,19.80529411764706,0.7277170138752629,0.5363080989539111,1.072350357520203,20.587857362864444,10.666652861671189,20.44162191974952,Mid,Organic,0,3.0662432879624277
15563.0,6,658,680,11.069498069498067,0.9768425285511608,1.6789242731253813,3.360645959691463,11.56845184221032,18.76306205459361,35.994463031857045,Mid,Paid Social,8,8.998615757964261
15564.0,1,212,675,17.685000000000002,0.5096207910179863,0.2797659123787075,0.5582072713031857,19.433039666516223,5.252293422519327,10.045277369770751,Low,Paid Social,8,2.511319342442688
15565.0,1,20,70,21.645000000000003,0.7863570728677065,2.0910619610727648,4.062739247451476,22.851573372950792,46.18232512090201,86.11409962097022,High,Paid Search,12,34.44563984838809
15566.0,1,331,723,18.989166666666662,0.6680635495178097,0.3451038960837666,0.6890905073302565,20.558882522275923,6.854232713940743,13.118405504167,Low,Organic,0,1.96776082562505
15568.0,2,70,72,14.307358490566036,0.9457603754847944,3.5660939486800483,6.948150374960414,15.49338222599719,53.39623993593649,99.83407812453008,High,Paid Social,8,24.95851953113252
15569.0,9,545,649,25.25598591549296,0.9403971165731676,2.3742074659578654,4.752305037168383,25.346147506297225,58.133717997293,111.52039519559696,Top,Paid Search,12,44.60815807823879
15570.0,24,614,620,11.84610687022901,0.993992370801149,6.408189071674354,12.829399983327342,11.968207072358553,74.09022534605673,142.156938410792,Top,Email,2,28.4313876821584
15571.0,13,721,733,6.380519685039371,0.98907216817257,3.1097057411938747,6.232949233582148,6.6704826669612505,20.03859062192139,38.49034020661524,Mid,Paid Search,12,15.396136082646095
15572.0,9,599,603,11.42884831460674,0.986551394645266,2.656731343566757,5.3141686086673685,11.758145732165907,30.17779439199432,57.85367396857494,High,Paid Search,12,23.141469587429977
15573.0,4,697,728,5.487181818181819,0.9662512572334586,1.1362487019945322,2.2746339398820017,6.438738095427794,7.067582886860997,13.559607198339137,Low,Paid Social,8,3.389901799584784
15574.0,5,286,463,4.071581769436998,0.7798551316688828,1.613518429458349,3.216503668602445,4.882137225245408,7.610321797322469,14.54264668974743,Low,Organic,0,2.1813970034621146
15577.0,4,575,725,6.633,0.921228761136186,1.087301546899546,2.176564252719007,7.540912542534928,7.920832982541347,15.196069723258862,Low,Paid Social,8,3.7990174308147155
15579.0,4,363,431,7.616959064327485,0.9425337037586142,1.742857071232431,3.470282761454802,8.487393018154824,14.290966531110474,27.27848743390585,Mid,Email,2,5.45569748678117
15580.0,7,293,670,6.031397379912664,0.1486049254549417,0.2941137713004277,0.5887377179109549,6.572125619079893,1.8673185972670996,3.582320656424648,Low,Organic,0,0.5373480984636972
15581.0,37,616,737,10.871115760111577,0.3991408768133717,3.341047366657628,6.699812920390312,10.954654754921306,35.356526684605704,67.94370960321086,High,Paid Search,12,27.177483841284346
15582.0,2,195,219,15.52068181818182,0.932240559530404,1.8194160238200183,3.587442699596793,16.617667038477148,29.21369695215409,55.24585687382686,High,Paid Search,12,22.098342749530744
15584.0,5,646,670,5.703125,0.9727110196490092,1.462620606910283,2.926613593058848,6.4635829786951415,9.132805797000517,17.51404156177266,Low,Paid Social,8,4.378510390443165
15586.0,2,108,700,29.97631578947368,0.1320614413694289,0.1004087211948718,0.2006969839295526,30.012488813336525,2.911239483875267,5.577248160331349,Low,Paid Social,8,1.3943120400828373
15587.0,6,441,491,108.72,0.963824182319873,2.197818294123119,4.385198425509426,106.70742155225716,226.5691066088434,433.3203178182931,Top,Paid Social,8,108.33007945457328
15589.0,2,54,310,16.501034482758623,0.3301246567291544,0.4967105116588415,0.9836048585952022,17.52607750629845,8.410954589652242,15.971104797022738,Low,Organic,0,2.395665719553411
15590.0,4,224,606,17.20229885057471,0.3085071343428381,0.4265510589049743,0.8523960830063385,17.70763122599769,7.296883438536239,13.976068271208051,Low,Email,2,2.7952136542416106
15591.0,2,91,673,31.12857142857143,0.1104543245904241,0.0869554697962916,0.1737369605035188,31.08018732835445,2.6108812300016546,4.99992962879942,Low,Email,2,0.9999859257598841
15594.0,4,218,234,17.201747572815535,0.9638180189839624,2.876525409934339,5.687038921749261,17.707100946177505,49.21341706832364,93.30525720913172,High,Paid Search,12,37.32210288365269
15596.0,8,398,499,17.784318181818183,0.9199036144708118,2.634265815171176,5.258783275803778,18.030590130937604,45.88608748277368,87.80233666523807,High,Organic,0,13.17035049978571
15597.0,1,540,574,15.226216216216216,0.8954354634354633,0.5663171102007262,1.1278689988361048,17.310455009521377,9.47090743424134,18.081855865393543,Low,Organic,0,2.7122783798090313
15598.0,1,374,427,15.222777777777775,0.8821808673640325,0.7166650013591737,1.4221670501833477,17.307486722223572,11.983785244468534,22.8012098200956,Mid,Organic,0,3.42018147301434
15599.0,2,419,445,15.060963855421686,0.9389550940022416,1.054949588315584,2.0981871488885866,16.191685017204154,16.50270953816377,31.466485215148765,Mid,Paid Search,12,12.586594086059506
15600.0,3,165,593,16.89169014084507,0.2447133603647179,0.2800290562473991,0.5591975790945701,17.572596107934533,4.753884289552404,9.099210687526064,Low,Email,2,1.819842137505213
15601.0,29,727,737,17.156100917431193,0.9941824862859918,6.584802874694146,13.203640077813183,17.22841928108893,109.59148461632142,210.5856809722289,Top,Paid Search,12,84.23427238889155
15602.0,15,729,737,25.238359375,0.9909847247023956,3.533476143985163,7.083257311138636,25.293017353388183,86.3361692285778,165.85592241031608,Top,Paid Search,12,66.34236896412644
15603.0,1,569,647,22.12,0.8814743381587471,0.5022787510309901,1.0017060992942124,23.26162476450544,11.287579492661084,21.578384267738983,Mid,Paid Search,12,8.631353707095593
15605.0,8,658,693,17.44864864864865,0.9782501825376724,2.104786958600606,4.215079574927041,17.701437466136646,35.9924699891857,69.0778801941643,High,Email,2,13.815576038832859
15606.0,16,586,646,36.07579310344828,0.9684332625636384,4.11953913112035,8.248895271945683,36.02083533541764,143.3501039481256,275.0916475270049,Top,Email,2,55.018329505400985
15607.0,8,364,700,15.67862385321101,0.2599734386352038,0.5543821077985283,1.1103144299726608,15.965776881510935,8.550544564066602,16.41187729354344,Low,Paid Search,12,6.564750917417377
15608.0,4,387,415,17.009333333333334,0.9627246546645608,1.8368883816966937,3.655968414741235,17.52201568449985,31.09529795954007,59.330640668343406,High,Paid Social,8,14.832660167085852
15611.0,25,673,682,31.88595744680851,0.9936580523512234,6.12194301469512,12.266847882869891,31.87703814655396,188.52084984098607,362.0095865756689,Top,Paid Social,8,90.50239664391722
15612.0,1,25,61,32.525,0.8274600412075708,2.3358847997914616,4.533307421641811,32.24390840477101,72.79498872571465,135.5914178175225,Top,Paid Social,8,33.89785445438063
15614.0,3,188,626,38.8562962962963,0.280485581113839,0.3061365249748611,0.6116714594834847,38.435690766806495,11.367278121042965,21.769091900430613,Mid,Paid Search,12,8.707636760172246
15615.0,46,726,736,23.72249722530522,0.9954580709966034,10.301826464983163,20.659052857279114,23.74564852032092,236.31231141057236,454.1311632707003,Top,Paid Social,8,113.53279081767508
15617.0,2,111,506,19.727380952380955,0.2950850246073805,0.2975212553192873,0.592615617976252,20.515661777065358,5.896940436192014,11.259796502255623,Low,Email,2,2.2519593004511247
15618.0,3,103,136,17.263355555555556,0.9281182835704584,3.2407427592958142,6.362319677778828,17.925622730568026,56.13497473342855,105.71828257339727,Top,Paid Search,12,42.28731302935891
15620.0,3,353,409,15.05705426356589,0.9402865603701736,1.4743491646594298,2.932199135728039,15.829966092110704,22.54822461465853,42.9918779792621,Mid,Paid Search,12,17.19675119170484
15621.0,3,17,21,80.814375,0.9571844167700786,6.996612291927906,13.55202345795314,78.2895976160544,529.4377414961273,984.3052832548166,Top,Paid Social,8,246.07632081370414
15622.0,16,602,645,18.43335680751174,0.9793837431400214,4.171812633624919,8.353450645943985,18.551337661856472,74.76454521332673,143.47272809773594,Top,Organic,0,21.52090921466039
15623.0,7,588,728,22.56527777777778,0.9253162004995824,1.701112820415602,3.407731061430849,22.74016624945038,37.36974560441553,71.74227839038178,High,Email,2,14.348455678076357
15624.0,3,139,255,17.297941176470587,0.8060526568998072,1.8326477819567524,3.624402084804771,17.958473903854696,31.79904162866432,60.307282016661496,High,Email,2,12.0614564033323
15625.0,8,438,541,18.926315789473684,0.9268111543076076,2.476559769512162,4.9479800339108655,19.15041638447572,45.81779490192841,87.73944317448029,High,Paid Social,8,21.93486079362007
15626.0,2,346,420,13.344,0.9141816695504744,1.077629055587752,2.14183574978331,14.600718831776202,15.201236549051645,28.966148972684525,Mid,Paid Social,8,7.241537243171131
15627.0,1,65,522,23.620833333333334,0.2518073355865459,0.1727884029989167,0.3437353082354217,24.55724328413689,4.099433769157825,7.81826076832677,Low,Paid Search,12,3.127304307330708
15628.0,16,721,725,17.77440251572327,0.9921425008580508,3.8097754924441816,7.636332134927955,17.898842718738372,65.87412060505507,126.53479101275074,Top,Email,2,25.30695820255015
15629.0,3,82,532,29.102597402597404,0.0735980514801974,0.0925024961173921,0.1845094564176223,29.171133876817755,2.606888708922397,4.984315975562391,Low,Organic,0,0.7476473963343587
15630.0,2,599,643,18.5175,0.9366246452605214,0.7675759783715795,1.5328914837520091,19.39456672456717,14.381710096107632,27.52912562606164,Mid,Email,2,5.505825125212328
15632.0,7,259,274,19.67251497005988,0.9769193117463296,4.055704003207161,8.041794399531325,19.91141065888456,78.02222154883196,148.33677422146002,Top,Organic,0,22.250516133219
15633.0,12,221,730,24.590169491525423,0.0001768594225634,0.0005191399017963,0.0010404495585146,24.66675813664807,0.0123705080436953,0.0237594502498582,Low,Email,2,0.0047518900499716405
15634.0,1,366,382,16.313235294117646,0.8993440059376772,0.8003727393651299,1.5860335460876185,18.24884171592124,14.111713758581178,26.81384216964402,Mid,Paid Search,12,10.725536867857608
15636.0,3,479,569,25.343508771929827,0.9331959180378048,1.1068623359898366,2.20937181620077,25.600561230185388,27.37505350603068,52.37602334453309,High,Organic,0,7.856403501679963
15637.0,4,671,723,19.45341463414634,0.961037093060888,1.1370827764565483,2.2761581091485668,19.873002952073083,21.82994570084796,41.87959820845944,Mid,Paid Search,12,16.751839283383777
15638.0,5,231,609,90.608,0.2155601950584551,0.3525041922841219,0.7046919714576793,88.76140475911866,30.22681778927876,57.91568671559182,High,Paid Social,8,14.478921678897954
15639.0,2,471,604,15.435942028985506,0.8983160915262388,0.7776113395274654,1.551904927244325,16.539145793696186,12.424767093973198,23.76824580037095,Mid,Paid Search,12,9.50729832014838
15640.0,28,720,724,31.31709803921569,0.995199332883821,6.476374444818097,12.9841515386057,31.31232884574291,195.9010279285706,376.3769777107341,Top,Paid Search,12,150.55079108429365
15641.0,11,627,732,17.188263665594857,0.9447795184554236,2.558855712523681,5.128218764761697,17.376784822168812,42.95428070083528,82.49739869232786,High,Paid Social,8,20.624349673081966
15643.0,2,90,281,20.12121212121212,0.5893229012519581,0.956474763157739,1.8917494203155376,20.880592040681226,19.296610637375974,36.59894661409064,Mid,Paid Search,12,14.639578645636258
15644.0,3,94,260,3.4159663865546217,0.5860759933109312,1.31329460431386,2.5978922640958446,4.772671616104035,6.056027589259922,11.487892623849884,Low,Paid Social,8,2.871973155962471
15645.0,2,406,424,15.517205882352942,0.9416701355279592,1.1013650332747575,2.1892576136107698,16.61444618071185,17.678763949362565,33.690702568019574,Mid,Paid Social,8,8.422675642004894
15646.0,4,252,409,11.466,0.8150014673091129,1.573829048260303,3.131887797673632,12.189825596450868,18.534627564038534,35.3590549225734,Mid,Paid Search,12,14.143621969029361
15648.0,1,62,266,26.294,0.5408627616282539,0.6387640832341067,1.2598536943900929,26.86489741366147,16.580860788793007,31.364818343964576,Mid,Paid Search,12,12.54592733758583
15649.0,3,50,386,180.8625,0.0896989312308827,0.1474760939787601,0.2931055514005562,173.32037064904225,24.694889923658973,47.05488345869122,High,Paid Social,8,11.763720864672806
15650.0,1,106,628,15.385555555555555,0.2936529666429045,0.171754831852004,0.342419289913041,17.44800725757505,2.8951600614850665,5.532886590363386,Low,Paid Search,12,2.2131546361453545
15651.0,4,559,595,20.98433333333333,0.9633939181838256,1.3534712387992842,2.704205079720136,21.345609599111032,27.910298303900028,53.44859506957784,High,Email,2,10.68971901391557
15652.0,4,393,484,13.657115384615384,0.9321237775034888,1.5637666218318822,3.1176452546075546,14.297482313639884,21.59981267876808,41.27935961116953,Mid,Email,2,8.255871922233906
15653.0,1,23,115,146.24,0.6793425741829396,1.401500771481082,2.736105090744281,130.41021154295453,176.6277048807036,330.86819523270646,Top,Organic,0,49.630229284905965
15654.0,1,16,25,43.93,0.8867011774601468,3.326697954628796,6.422461696002456,42.08945813252007,135.3432272882267,250.83333406729827,Top,Email,2,50.166666813459656
15656.0,3,238,283,15.925531914893616,0.937531521906038,1.9702116635543616,3.901352400243397,16.65489012309627,31.70388321193451,60.198714559898775,High,Paid Social,8,15.049678639974694
15658.0,7,546,736,20.89198275862069,0.8688358531963515,1.5817637594729306,3.168952845656221,21.10389568226873,32.24758175479171,61.914444117190925,High,Email,2,12.382888823438186
15659.0,2,609,652,25.356666666666666,0.9370711170732994,0.7586155396260901,1.5152166358261383,25.73184800676417,18.858233957388453,36.102949412784,Mid,Paid Search,12,14.441179765113601
15660.0,14,647,671,17.47198757763975,0.9865167496885616,3.589570718276719,7.189565019789753,17.61738922459792,61.091154805503,117.26404900266544,Top,Paid Search,12,46.90561960106618
15661.0,7,261,578,27.635227272727278,0.1972114046679262,0.4442797696977781,0.8880845548491464,27.69793462902896,11.88798918857098,22.775961140458225,Mid,Email,2,4.555192228091645
15662.0,1,77,737,23.644166666666667,0.1657011306992571,0.0841486161744139,0.1680593694862745,24.577386159511505,1.997979694258131,3.824706318164535,Low,Paid Social,8,0.9561765795411338
15664.0,3,598,649,17.914714285714286,0.9512716021807712,1.0058838165661332,2.010521109378505,18.54431622081354,18.020356777821767,34.52208084029752,Mid,Email,2,6.904416168059504
15665.0,4,466,634,13.941388888888888,0.8933816630886089,1.187312181276157,2.373721675042756,14.570927959180857,16.71304960018392,32.02490851564366,Mid,Organic,0,4.803736277346549
15666.0,1,23,494,9.44686567164179,0.142448059590613,0.1024351959435033,0.2036426178624467,12.321337676711114,1.219383998056087,2.3240795841674378,Low,Organic,0,0.34861193762511566
15669.0,3,223,263,20.73757575757576,0.9396236988812112,2.087476563438706,4.129910292842464,21.22561292513492,42.80998897555733,81.21847395261827,High,Organic,0,12.18277109289274
15670.0,1,259,555,17.11578947368421,0.6892746401652042,0.4487725280167209,0.8934151411933784,18.94165952250918,8.212396232142616,15.673209097159848,Low,Paid Social,8,3.918302274289962
15671.0,6,252,270,34.065769230769234,0.972556048959086,3.591780221066062,7.118887687856566,33.97326802035237,117.89615301646955,224.05505481180356,Top,Paid Search,12,89.62202192472142
15673.0,8,567,654,22.351184668989543,0.9551101884559022,2.163100011910851,4.329574226154311,22.508793022480468,47.03557684950135,90.22699900045762,High,Paid Social,8,22.556749750114406
15674.0,12,657,730,19.795527065527068,0.966946769828326,2.838303121513136,5.6884689839693925,19.934577103567,54.65839207839814,104.97979086524354,Top,Paid Social,8,26.244947716310886
15675.0,3,322,403,15.486857142857142,0.9231628762800644,1.4652002987424606,2.913507868112488,16.23821462121459,22.98625750202462,43.81996653840877,Mid,Email,2,8.763993307681755
15676.0,2,265,283,17.00871287128713,0.9389187783539692,1.5156441500948574,2.9979575011662365,17.996500425610886,26.35417775444465,49.98887285571195,High,Email,2,9.997774571142392
15677.0,2,414,463,18.13375,0.9299718175534832,1.0107501699674664,2.011207576747931,19.03897783332168,18.591581876075395,35.46500305873629,Mid,Email,2,7.093000611747259
15678.0,2,469,522,19.52463917525773,0.930508226205398,0.9136091459464863,1.8204047205359235,20.32779800185653,17.94204956203277,34.27051993806167,Mid,Paid Social,8,8.567629984515417
15679.0,3,158,182,7.102545454545455,0.9461398262735008,2.736189800567088,5.389597220812414,8.274371010054706,21.876254741868213,41.32977561077904,Mid,Paid Search,12,16.531910244311614
15680.0,9,728,737,16.94578947368421,0.985816726210634,2.223182154417193,4.455065371894258,17.17967319657171,36.89620068136665,70.85588244892999,High,Paid Social,8,17.713970612232497
15681.0,13,539,563,33.97386363636363,0.9848069072605878,3.90609714397228,7.810496168431894,33.9316775068709,128.04164240851136,245.3862737326906,Top,Paid Search,12,98.15450949307625
15682.0,1,88,686,12.7296,0.2134647977899128,0.115525139680233,0.2305444251561965,15.1552108966006,1.691418142176001,3.2354706333342502,Low,Organic,0,0.4853205950001375
15683.0,1,356,473,20.174615384615382,0.8473540353907845,0.6320790201963666,1.255912751435389,21.58224019893181,13.179664476638266,25.107001866329657,Mid,Paid Search,12,10.042800746531864
15684.0,2,188,734,15.813636363636364,0.3041419498730138,0.2216941641227898,0.443332770126887,16.889123408518856,3.6171239476832,6.932679074275791,Low,Paid Search,12,2.7730716297103166
15687.0,8,321,329,18.030722891566263,0.9829547535865284,3.9660454493044033,7.881936213422143,18.272211007480266,70.01407795576968,133.40020736286507,Top,Paid Search,12,53.36008294514603
15689.0,2,497,617,21.70958333333333,0.9063795448319414,0.7701436115158034,1.5373502982230045,22.352402224927303,16.63057650750045,31.820705684992827,Mid,Email,2,6.364141136998565
15690.0,1,96,100,12.618947368421052,0.9019867129915076,2.010813387843489,3.919884181336938,15.059688232267693,29.26531266338306,54.74432652280552,High,Email,2,10.948865304561105
15691.0,3,480,732,40.80714285714286,0.8414412531297528,0.7997470265050548,1.60037975751224,40.28870357185401,31.126807915085514,59.69690365739237,High,Paid Search,12,23.87876146295695
15694.0,23,731,731,69.74716129032258,0.994960347982976,5.32488947379307,10.67572343174962,69.47852070496108,357.3966647088881,686.659864694256,Top,Paid Search,12,274.6639458777024
15695.0,3,414,681,19.170169491525424,0.8029031837114005,0.8136908964609979,1.6271484390555246,19.73681111980861,15.514532671574472,29.735049364295847,Mid,Paid Social,8,7.433762341073962
15696.0,12,650,683,17.440044642857142,0.9828478693906548,3.061036717796288,6.1313067585493455,17.60978032959412,52.07346271676832,99.95998255112512,High,Paid Search,12,39.98399302045005
15700.0,1,1,172,8.10093023255814,0.3928376484777173,0.6318690177038345,1.239350563175723,11.159437256208015,6.813786496729271,12.821015999786304,Low,Email,2,2.564203199957261
15701.0,3,108,110,6.506919831223629,0.9623409571304016,3.8075417661712687,7.458251189217587,7.708615645598567,28.363000241168287,53.30083178448838,High,Email,2,10.660166356897676
15702.0,1,205,681,4.679666666666666,0.4906625391970897,0.2672631976138843,0.5333131610708667,8.205976443431116,2.1187628611177263,4.052617478604907,Low,Paid Social,8,1.0131543696512268
15704.0,5,442,582,18.44425120772947,0.9061562093603914,1.5415760822225826,3.0803869513354183,18.81348554819546,28.01822118072816,53.66108882963018,High,Paid Search,12,21.464435531852075
15706.0,3,52,115,19.28290909090909,0.827093180876046,3.19068493291768,6.252814566018075,19.84389689758665,61.18410280076063,115.029924199779,Top,Organic,0,17.25448862996685
15707.0,3,51,85,4.418598130841121,0.9061390808480982,4.11272247781815,8.035861855709964,5.7250219947539005,22.753943067352942,42.65768376037007,Mid,Paid Social,8,10.664420940092517
15708.0,8,384,425,11.085367088607596,0.9690886932847604,3.176306070232519,6.330226252021831,11.461696067537716,35.171579611082066,67.1930778593916,High,Email,2,13.43861557187832
15709.0,1,305,588,12.142592592592594,0.7266186108461704,0.4500605471508108,0.8965859028333081,14.648467308684191,6.369201911863449,12.163325590705412,Low,Paid Search,12,4.8653302362821655
15711.0,1,128,684,16.81,0.3118906501284752,0.16922823304358,0.33770461247608,18.67768183996818,3.053574087889743,5.840925854503537,Low,Paid Social,8,1.4602314636258842
15712.0,11,729,738,20.91813253012048,0.988076814008499,2.6566663131715966,5.324615188577664,21.05370885975129,54.03267881199016,103.78132321813828,Top,Paid Search,12,41.51252928725532
15713.0,3,580,723,16.57032786885246,0.9193425504432547,0.8834776707704862,1.767725437419202,17.26734995633404,14.73738850816889,28.26110818776589,Mid,Paid Social,8,7.065277046941472
15714.0,4,543,555,16.0165306122449,0.9695795249059108,1.446915258179604,2.88885327424247,16.567028403301567,23.15785703827133,44.317732123565136,Mid,Organic,0,6.647659818534771
15715.0,4,63,619,17.316315789473684,0.0067708129973524,0.009189383903215,0.0183674394466644,17.81730530744089,0.1581733169496966,0.3030176849876283,Low,Paid Social,8,0.07575442124690708
15716.0,10,586,732,9.376717791411044,0.9006499780186572,2.241422768299385,4.491731823207534,9.705596085651814,21.01539577017672,40.35917345999991,Mid,Paid Search,12,16.143669383999963
15717.0,4,358,592,25.291666666666668,0.7803232816004597,1.1011124904917675,2.19988590734259,25.48887840956016,27.113748819224885,51.92068080968726,High,Paid Search,12,20.768272323874907
15719.0,30,705,738,5.74329213483146,0.9860028317907332,6.737798416862988,13.510712613443069,5.873152435028796,38.2276656637943,73.45792661212724,High,Paid Social,8,18.36448165303181
15720.0,1,525,549,4.78658064516129,0.8985760927184611,0.5905382524657572,1.1754906761513653,8.298271655343463,4.734367868415464,9.034350123158571,Low,Paid Search,12,3.613740049263429
15722.0,10,604,639,29.05027624309393,0.9800063614487527,2.751233697303193,5.506689914934735,29.072401028631777,77.2691493903209,148.22141836796052,Top,Paid Search,12,59.28856734718421
15723.0,3,209,573,7.346124031007752,0.4324969069105722,0.5098808266368325,1.017831245940333,8.505734270640417,4.189787333774071,8.016777266824157,Low,Email,2,1.6033554533648315
15724.0,2,199,400,18.28529411764706,0.7462601167106221,0.9157199797362306,1.8189777504851992,19.17940103793117,16.968227046543152,32.315319911847254,Mid,Paid Social,8,8.078829977961814
15727.0,14,668,684,13.610244956772334,0.9886479837342192,3.5366724866102683,7.0848156003263885,13.798848317211563,47.14450677025592,90.50810493805152,High,Paid Search,12,36.20324197522061
15728.0,1,64,443,45.38333333333333,0.3153984810065643,0.2485232940066515,0.49340313962194,43.344071512996045,10.407296767310232,19.810363240065943,Mid,Organic,0,2.9715544860098912
15729.0,2,190,402,17.504545454545454,0.7219704383051465,0.8823000632739937,1.7526971929742938,18.455946832188644,15.732256981951586,29.96316224384684,Mid,Paid Search,12,11.985264897538736
15730.0,4,365,430,15.554774774774774,0.9443848972833876,1.749655161450841,3.4837287763205564,16.122860652311136,27.25337070494439,52.0197481043212,High,Organic,0,7.80296221564818
15732.0,9,461,673,16.17375,0.7157237695706982,1.7499361699887563,3.5038994545026543,16.420985893319,27.759856502850187,53.26964973131353,High,Paid Search,12,21.307859892525414
15734.0,3,432,546,52.63488372093024,0.9176710455145723,1.127921696385898,2.2504258962610595,51.52329050208959,56.1431490227902,107.37282785155205,Top,Organic,0,16.105924177732806
15736.0,1,0,434,17.62834951456311,0.1048088904650411,0.0840058013270064,0.1667371778687956,19.38413522359908,1.5732521506492656,2.9939644400345755,Low,Email,2,0.5987928880069151
15737.0,7,228,242,16.737777777777776,0.9766926441569638,4.450320809266896,8.811629214235293,17.04160943724253,73.27582344572757,139.1230695195045,Top,Organic,0,20.868460427925672
15738.0,40,710,728,26.96163306451613,0.9926209968342672,9.058184948421388,18.162894889435023,26.97546766547041,236.04719741743,453.5698950585366,Top,Organic,0,68.03548425878049
15741.0,1,160,618,17.385,0.4401426091974057,0.2610703647766132,0.5203881942290021,19.17405984027118,4.8360460160182726,9.240472818622418,Low,Paid Search,12,3.6961891274489673
15743.0,3,168,184,8.914318181818182,0.9531685564114212,2.736105308175308,5.390121210268595,9.995284448790434,26.42523555994494,49.930050883750695,High,Organic,0,7.489507632562604
15745.0,3,217,235,17.65467741935484,0.9539036134651404,2.303645031345498,4.5514094173863215,18.297320043451755,40.726291892333975,77.1655965590789,High,Paid Social,8,19.291399139769727
15747.0,8,678,690,11.648227272727274,0.9835882005441816,2.1244386127413155,4.254268220272403,12.013628582127234,24.655485445988045,47.31783065500692,High,Paid Social,8,11.82945766375173
15748.0,2,408,448,16.615135135135134,0.9333435914722712,1.0427799869127945,2.0741459707519385,17.631804996771283,17.763171885090813,33.87239719456451,Mid,Paid Search,12,13.548958877825806
15749.0,2,97,331,3931.9375,0.5154814396043428,0.7367034306900904,1.460024585925399,3645.632166145853,2594.8834333308514,4931.067020880683,Top,Paid Social,8,1232.7667552201708
15750.0,17,735,737,10.457216923076922,0.9928968269805007,3.974007891296773,7.966875024257729,10.641950596790524,40.8544726174966,78.48827199624496,High,Paid Search,12,31.395308798497986
15751.0,10,272,732,10.618769230769232,0.0062615798757197,0.0155830211974677,0.0312278224368577,10.928281245241738,0.1645110617502044,0.3159364948381091,Low,Paid Social,8,0.07898412370952727
15752.0,8,417,457,6.897606557377049,0.9710758613889822,2.9955281416485176,5.974533917591424,7.355238965556313,21.28563493130249,40.69456295150706,Mid,Paid Social,8,10.173640737876765
15754.0,8,604,654,23.187862595419848,0.9728553207051788,2.20328856423048,4.410014020593501,23.329227234856788,49.65573342582148,95.25317026543668,High,Email,2,19.050634053087336
15755.0,16,725,735,16.153962264150945,0.991078088789982,3.759392935817071,7.536221182066443,16.29428670787112,59.17564324462582,113.68050443539651,Top,Organic,0,17.052075665309477
15756.0,3,187,248,2.7758333333333334,0.915788143800942,2.1256852292158337,4.202528815974324,4.164640841998216,8.553507063135585,16.216652349972346,Low,Paid Social,8,4.0541630874930865
15757.0,5,481,546,15.235025906735752,0.9561633614219984,1.7190736349782183,3.4328516120805683,15.702801363401514,26.078425466566948,49.91541069387424,High,Paid Search,12,19.966164277549698
15759.0,6,519,737,48.87823529411765,0.8418241458306532,1.346865141740344,2.6979444437034057,48.40476332526092,62.98046427470081,120.90348134649916,Top,Paid Search,12,48.36139253859967
15762.0,1,12,76,15.777027027027026,0.7328396197609175,1.8762694349766635,3.648026504722497,17.785951303113627,32.25218046435532,60.18040784128947,High,Paid Search,12,24.07216313651579
15763.0,1,45,77,17.818360655737706,0.8493279489626028,2.161122155717244,4.202355568087619,19.54816539801914,40.82922406191795,76.1931129914959,High,Paid Search,12,30.47724519659836
15764.0,7,390,477,18.08465863453815,0.936172916986738,2.486587401686263,4.960876975691077,18.358688301510945,44.10219652820437,84.33890023963895,High,Paid Search,12,33.73556009585558
15766.0,2,618,681,31.96384615384616,0.9317624093987844,0.7259128263868329,1.4505489145013544,31.85416625590056,22.338636442997228,42.78419487704047,Mid,Paid Search,12,17.11367795081619
15768.0,33,620,736,12.601849757673667,0.5890991163431388,4.421823403775869,8.866734037990653,12.687198931421197,54.19454985677636,104.14020739759422,Top,Organic,0,15.621031109639134
15769.0,45,721,728,396.0014285714286,0.9961239428988397,10.189976569043544,20.43281484235493,394.7193379613056,3885.5289034127695,7466.310869923435,Top,Paid Social,8,1866.5777174808588
15771.0,2,89,693,35.94785714285714,0.0985151642052676,0.075573197895749,0.1510403533890175,35.54581459542435,2.595142965778084,4.971201349214888,Low,Paid Search,12,1.9884805396859553
15773.0,1,403,408,16.479148936170212,0.9045333524104838,0.7628965085183533,1.5130394425841638,18.39206933655609,13.556369853656356,25.779210872662368,Mid,Paid Social,8,6.444802718165592
15774.0,5,587,655,11.769380530973452,0.9594102409730996,1.4717520277297165,2.944253441803942,12.34357063031776,17.54994512916699,33.64879522232246,Mid,Paid Search,12,13.459518088928986
15775.0,1,386,631,16.72222222222222,0.782518832011355,0.4557839937497595,0.9087236197706756,18.60190626117796,8.190945035920494,15.65436699959051,Low,Paid Social,8,3.9135917498976274
15777.0,6,327,568,45.195128205128206,0.6288351643343797,1.2654500056155005,2.528639809732576,44.816384291350666,54.78834122849243,104.93215530372588,Top,Email,2,20.986431060745176
15779.0,1,69,531,15.510000000000002,0.2574969001079801,0.1741311424273681,0.3464775435954795,17.55543592623966,2.9533613875964546,5.633620010334111,Low,Paid Social,8,1.4084050025835277
15780.0,2,174,357,16.38896551724138,0.7459842764343688,1.0038201287333683,1.9912447708206544,17.422232609383,16.89687898712862,32.137454687046045,Mid,Paid Social,8,8.034363671761511
15781.0,2,280,305,17.273000000000003,0.9357066012119516,1.425806359163603,2.822869113618204,18.241393108528055,25.1291030938367,47.70717505214316,High,Organic,0,7.156076257821473
15782.0,3,420,429,65.80491803278689,0.9611926613792292,1.4487944380758278,2.8829499999237456,64.03285568911045,89.6269380545777,170.97719353591387,Top,Organic,0,25.64657903038708
15784.0,1,204,671,19.72860465116279,0.4963462861723043,0.2739102065869953,0.5464876069751403,21.19721425808856,5.609198397461245,10.72720561907488,Low,Email,2,2.145441123814976
15785.0,15,691,723,26.533022222222225,0.9851437743862966,3.573356109670553,7.162032627353791,26.574152152798774,91.73319145955816,176.19659476141797,Top,Paid Social,8,44.04914869035449
15786.0,4,490,536,18.27214592274678,0.9588233007026672,1.474445613792339,2.942754530605019,18.736728271210705,26.6891726777375,51.05814824159518,High,Email,2,10.211629648319036
15787.0,2,35,60,4.602184466019417,0.903130876278211,3.68799777916886,7.175049649513704,6.5004126605690615,23.169431838025925,43.25823710936332,Mid,Paid Search,12,17.30329484374533
15789.0,5,265,623,14.217463768115945,0.3193814214322699,0.5119943105756488,1.0237560765702756,14.716484057891794,7.279004955660693,13.9497757745251,Low,Paid Social,8,3.487443943631275
15791.0,4,598,641,21.60682634730539,0.9621123646677894,1.266378548009265,2.532066847297247,21.944392114862364,26.84665030157425,51.447784387813385,High,Paid Search,12,20.579113755125356
15792.0,1,218,618,16.383157894736843,0.5672631492124541,0.3364718484294808,0.6706850000494473,18.309203525784444,5.951644146892431,11.37210146125808,Low,Paid Social,8,2.84302536531452
15793.0,7,723,737,79.98566666666667,0.981379273260041,1.7844886396207678,3.57514072641316,78.89003296114518,135.9968234935648,261.1130157281445,Top,Paid Social,8,65.27825393203612
15794.0,1,0,736,51.8,0.0380507313133512,0.0193468229926633,0.0386383976263386,48.88336224101502,0.9136486193220912,1.7489614735643662,Low,Paid Search,12,0.6995845894257465
15795.0,7,540,690,15.11351145038168,0.9085052547527416,1.7518306448114012,3.507643115118238,15.453282719984214,26.152228441847782,50.18403020183609,High,Organic,0,7.527604530275413
15796.0,16,617,617,17.545186440677966,0.9927900659508924,4.397143111829792,8.801099429615771,17.671873516606745,75.067322749023,143.99875705176717,Top,Organic,0,21.599813557765074
15797.0,5,568,680,235.09,0.94081684707682,1.3962390848981463,2.794177249993574,228.807001510532,308.62250387103,591.9255948221526,Top,Email,2,118.38511896443052
15798.0,2,188,681,18.49843373493976,0.3538538337193793,0.2756786858667043,0.550872506999914,19.376899618240227,5.160519539876864,9.883713100585435,Low,Paid Social,8,2.470928275146359
15799.0,3,342,417,9.188967741935484,0.9291364902174716,1.4337728252248862,2.852134521732663,10.256160502300856,14.20678826230068,27.093291893526487,Mid,Organic,0,4.063993784028973
15800.0,6,511,617,5.092540983606557,0.9394960863860612,1.7591133960811858,3.5179302876467258,5.745219724493344,9.763433667712585,18.713568703760775,Low,Paid Search,12,7.48542748150431
15801.0,2,63,109,16.62421875,0.8761916191998544,2.6739313911941958,5.230323681280247,17.64022201967239,45.582198534825054,85.54431888001157,High,Email,2,17.108863776002316
15803.0,3,624,675,37.836470588235294,0.9517931325713348,0.97216139292319,1.9438750693897369,37.46700869109591,35.18763665735773,67.43482700669495,High,Paid Search,12,26.97393080267798
15804.0,12,198,198,16.05492366412214,0.9904367295377456,8.349840154050128,16.507048214202268,16.24270378003732,131.04037091538697,248.4286365095801,Top,Email,2,49.68572730191602
15805.0,29,706,728,19.18875706214689,0.9907657893883411,6.634653796449642,13.302238223662506,19.250033828180964,123.37832579399972,237.05480061199208,Top,Paid Search,12,94.82192024479684
15806.0,2,230,276,25.30903225806452,0.9196756018453528,1.5131745343433136,2.9921445548373407,25.68770920144829,37.55610118759488,71.2157546716671,High,Organic,0,10.682363200750064
15807.0,4,615,665,20.65363636363636,0.9605238385526303,1.2239952251052562,2.448196839303046,21.027508738503816,24.86386828675545,47.66420665596982,High,Organic,0,7.149630998395473
15808.0,20,431,737,21.456794871794877,0.0073204958390128,0.0340963986238417,0.0683597387180365,21.52760876990024,0.7090772879170981,1.3623529861162742,Low,Paid Search,12,0.5449411944465097
15809.0,6,499,534,21.973103448275864,0.9714097421735142,2.061800670594701,4.117365655784942,22.19162081066205,44.20234754066797,84.60774982369284,High,Paid Social,8,21.15193745592321
15810.0,7,594,672,18.066506024096384,0.9605592438026664,1.8960997193500309,3.795592472772777,18.340937347947275,33.59539622184158,64.45210350390191,High,Organic,0,9.667815525585286
15811.0,6,365,387,12.550064516129032,0.9734577763509472,2.7068090605072226,5.386926262823071,13.0109387064354,34.02473444896624,64.91489547504668,High,Paid Social,8,16.22872386876167
15812.0,11,617,723,41.61176,0.9427381804787393,2.5816883746267205,5.173425014911525,41.45359395824638,103.38505795164016,198.53979308206613,Top,Organic,0,29.780968962309917
15813.0,1,31,239,32.597750000000005,0.4419285641521772,0.5649994093529874,1.112817120076201,32.30671101263544,17.637265476832763,33.31894432503342,Mid,Paid Social,8,8.329736081258355
15814.0,5,586,602,26.88204081632653,0.9741542715527276,1.6091964106358636,3.216583052767463,26.99218795402352,41.961568608574645,80.39123033833668,High,Paid Social,8,20.09780758458417
15815.0,4,196,259,42.86938775510204,0.92104588126557,2.549907515796113,5.04736192032629,42.39707146276122,104.4529236537478,198.2624610008803,Top,Paid Search,12,79.30498440035213
15816.0,1,0,541,13.104545454545455,0.0698398024997512,0.0464802428003713,0.0925046962627694,15.47888859216577,0.6950810490300242,1.326167446120375,Low,Paid Search,12,0.53046697844815
15817.0,2,122,542,18.2,0.2929334425505329,0.2784934219289499,0.5551427560692208,19.1003661435367,5.1389644340022285,9.819681263813184,Low,Email,2,1.963936252762637
15819.0,9,582,631,15.133807692307691,0.9737925814210842,2.520134395638088,5.043086547743651,15.399029048034436,37.49003558553012,71.9009948034175,High,Paid Social,8,17.975248700854376
15821.0,1,17,60,9.209032258064516,0.8012715101371561,2.2775560852959584,4.419537654480606,12.11602415629942,26.670595204650557,49.671786446418245,High,Paid Social,8,12.417946611604561
15822.0,5,729,732,28.308615384615383,0.9771783480051348,1.3582276210620687,2.7199547188068744,28.37495872634396,37.23083827966183,71.45328368373544,High,Paid Social,8,17.86332092093386
15823.0,2,358,730,24.98185897435897,0.6988520466475387,0.5118920871782121,1.0236004047312903,25.38454520093233,12.5530744483973,24.058329518467364,Mid,Paid Social,8,6.014582379616841
15824.0,1,78,531,34.26692307692308,0.2850767661050202,0.1927819051046834,0.3835879096594582,33.74765152408357,6.285478553542909,11.98972733322795,Low,Organic,0,1.7984590999841925
15826.0,3,511,567,21.83428571428572,0.9474955013125198,1.1272533248818006,2.2499903872022338,22.267323551687117,24.249434963389117,46.39422385402271,Mid,Organic,0,6.9591335781034065
15827.0,27,627,700,16.424545454545456,0.934007561002505,6.049972618463328,12.125678539373034,16.506456021499677,96.47129992347836,185.2943351388244,Top,Paid Social,8,46.3235837847061
15829.0,1,41,140,12.473333333333333,0.700772820170801,1.286116746016685,2.516392813948204,14.933984573914838,18.560650977054127,34.84222158910703,Mid,Organic,0,5.2263332383660535
15831.0,2,265,323,11.790588235294118,0.9153741258269148,1.333690524865569,2.6423604055453653,13.161302630969788,16.959305804432493,32.218617266390986,Mid,Email,2,6.4437234532781975
15834.0,6,354,423,9.981455026455023,0.9463073310065228,2.445539590010992,4.87171916495943,10.508392835150923,24.82755801312208,47.41184029456262,High,Paid Social,8,11.852960073640656
15835.0,3,286,330,19.0818,0.942210421809842,1.756936776029817,3.485437263329277,19.65287330396056,33.360216574377375,63.454746792937655,High,Organic,0,9.518212018940648
15837.0,1,420,485,14.9425,0.8792825251638906,0.6421991361325342,1.27641395631289,17.065532421592785,10.588251850138136,20.17631867062937,Mid,Paid Search,12,8.070527468251749
15838.0,33,713,724,280.50288461538463,0.9943470387151424,7.574110081705214,15.185688894579547,279.30852103522386,2043.6426133371644,3926.55282604329,Top,Paid Search,12,1570.6211304173162
15839.0,2,114,147,16.911129032258064,0.9146919311220156,2.3356872574862844,4.583612974373787,17.906077678708414,40.414029279367206,76.08164767478837,High,Organic,0,11.412247151218255
15840.0,1,113,172,13.168888888888889,0.8377257531090454,1.3474598241116456,2.6429133967321183,15.534434096986676,20.22695123499371,38.05961128004735,Mid,Paid Social,8,9.514902820011837
15841.0,8,657,729,29.808804347826086,0.9666544842024016,1.988131862429366,3.9832562783044327,29.821626472638563,57.27554141013092,109.9719537858201,Top,Organic,0,16.495793067873016
15842.0,1,134,527,21.952,0.4541354386579018,0.3090985228788049,0.6149732377712861,23.116596061808217,6.903190283892228,13.16689568920368,Low,Organic,0,1.9750343533805519
15845.0,10,664,681,25.4383908045977,0.9852706814036356,2.6147855521655416,5.236608151130066,25.516832729407167,64.45515231724102,123.70876913608842,Top,Paid Search,12,49.48350765443537
15847.0,4,603,641,17.136875,0.9635219610174776,1.2682339264911886,2.535776592973729,17.64469934249382,21.618055884303587,41.42792734012457,Mid,Organic,0,6.214189101018685
15850.0,5,707,725,3.169820359281437,0.97433631484548,1.3659385172656695,2.7351576116420566,4.008064919957334,5.288851353225084,10.149502932435208,Low,Paid Social,8,2.537375733108802
15852.0,2,340,526,7.795757575757576,0.8419968911890744,0.821325733252311,1.6366661804619766,9.459628611587164,7.506030469614294,14.338188241075512,Low,Paid Social,8,3.584547060268878
15854.0,20,725,729,21.642674418604653,0.9935702659989264,4.673087199485872,9.3681949835296,21.712027797436576,98.01532918016396,188.30085277152693,Top,Email,2,37.66017055430539
15855.0,5,339,475,11.081263157894735,0.8796102232410068,1.781073850772212,3.551493069864542,11.676582298568311,20.091634957756423,38.40331437508589,Mid,Organic,0,5.7604971562628835
15856.0,51,732,735,29.47488372093024,0.9972262121209272,11.424344427004185,22.91031963823453,29.477962356896573,325.32451358536986,625.1946286258161,Top,Paid Search,12,250.07785145032645
15857.0,1,411,429,23.77,0.8991868005389341,0.7276620167145578,1.444074683830076,24.686013808853176,17.354981100293553,33.022679406518144,Mid,Paid Social,8,8.255669851629536
15858.0,12,714,729,8.199523809523809,0.987747980002235,2.9029136988801123,5.81789166981726,8.489638817855557,23.80753590332576,45.72549853565884,Mid,Email,2,9.145099707131768
15860.0,16,692,733,6.8076358695652175,0.9824461707216838,3.7357388382727006,7.488630570681721,7.039576957598995,25.404643022748008,48.80300929862644,High,Email,2,9.76060185972529
15861.0,11,667,679,5.516027568922306,0.9873440921288094,2.8591114301296594,5.726189622866803,5.870234046515312,16.21365986086876,31.12027872150688,Mid,Email,2,6.224055744301377
15862.0,12,714,722,5.040086058519793,0.9890785180824972,2.9319697399242357,5.875636206397763,5.371360107553532,15.213715127884235,29.217634424292086,Mid,Paid Search,12,11.687053769716835
15863.0,4,697,722,4.540506329113924,0.9675291144215916,1.1461769514482467,2.2943328773222285,5.528121079299098,6.121056108141736,11.742779611760636,Low,Paid Search,12,4.697111844704255
15864.0,6,358,380,94.81565217391304,0.973312960485568,2.7469893003419776,5.465782340456332,93.16068804334478,247.24032005664876,471.6123859777228,Top,Paid Social,8,117.9030964944307
15865.0,4,662,702,17.708031496062993,0.9638323927365156,1.170697040351668,2.342799522355493,18.19410072680504,20.576599519070363,39.46479433870135,Mid,Organic,0,5.919719150805203
15867.0,30,719,724,8.55897072710104,0.9952907864885088,6.918701301885591,13.871247698931606,8.67404312861845,57.97429112029682,111.38600313049746,Top,Paid Search,12,44.554401252198986
15869.0,2,349,625,9.247428571428571,0.7750750773676552,0.6511962539577875,1.300086617808673,10.804770187623342,6.797325769258789,13.007591034485866,Low,Paid Search,12,5.203036413794347
15870.0,3,413,445,5.868095238095238,0.9531622781208404,1.3935457475619408,2.7741619384768152,7.101827713116323,9.561322024482562,18.24689261184506,Low,Organic,0,2.737033891776759
15872.0,3,535,549,3.700837209302325,0.9604297233128676,1.1749189654914955,2.344331310623676,5.043256342207174,5.724438178237096,10.94849768854876,Low,Paid Search,12,4.379399075419505
15873.0,3,1,500,52.31999999999999,0.0045835835158369,0.0060744037717572,0.0121081235430279,51.22419800619818,0.3006063982433979,0.5743860531309973,Low,Organic,0,0.0861579079696496
15874.0,20,637,700,32.99637426900585,0.9658701145867984,4.710216783676139,9.439367152325586,32.97651773883507,150.050398560429,288.17289275026985,Top,Email,2,57.63457855005397
15876.0,1,39,447,131.74,0.2230036850784153,0.1744091700796114,0.3463003044327899,117.89285327444414,19.8653983631124,37.81796442130508,Mid,Organic,0,5.672694663195761
15877.0,1,16,17,3.823875968992248,0.9044710626082392,3.6628670113429513,7.061827917703789,7.467201356144966,26.438813090415746,48.93530309295193,High,Paid Search,12,19.574121237180776
15878.0,1,171,733,6.485686274509804,0.3793096338734039,0.1935618590927761,0.3865540736991171,9.765051924212305,1.8260095532151133,3.4953129736467177,Low,Paid Search,12,1.3981251894586872
15879.0,3,317,721,6.324043715846995,0.556602687795218,0.536210171492912,1.0728593323171776,7.534910654990183,3.903125855838048,7.484629366490357,Low,Email,2,1.4969258732980715
15881.0,4,52,363,17.289310344827587,0.048445054022142,0.1031093320004986,0.204907021214573,17.79132848887229,1.7723232754499645,3.376749676802552,Low,Organic,0,0.5065124515203828
15882.0,7,530,728,19.9464,0.8527444304693644,1.5676959750907242,3.140465585281756,20.17923552428602,30.560463795122484,58.66984818515335,High,Email,2,11.73396963703067
15883.0,1,31,32,8.091428571428573,0.9047677859280296,3.189643590770372,6.164807079081496,11.1512347943801,34.37987962328623,63.78556870775685,High,Paid Search,12,25.514227483102744
15884.0,1,303,735,16.64666666666667,0.622117566265042,0.3166976899485978,0.632481796343378,18.53668171234588,5.671336800065141,10.856266247217842,Low,Email,2,2.1712532494435686
15885.0,14,594,687,16.972347826086956,0.9428184272727698,3.359655382334493,6.730466030628906,17.12333899454086,55.57460743341476,106.69611789233208,Top,Email,2,21.339223578466417
15886.0,3,537,597,16.98177419354839,0.9470047528924576,1.077346184359465,2.1515311077974477,17.65816250077139,18.37849737323998,35.17983184294137,Mid,Email,2,7.035966368588274
15887.0,2,148,555,27.760810810810813,0.3679179284093273,0.3427184178820773,0.683346491024443,27.95956644483727,9.257323226344496,17.693563572627575,Low,Email,2,3.538712714525515
15888.0,2,446,526,11.004102564102563,0.9189925042506976,0.8964310917361682,1.7863295785820503,12.432532421720358,10.767064591732504,20.56748897370416,Mid,Organic,0,3.085123346055624
15889.0,7,572,729,4.527017543859649,0.9091700704436714,1.6693827709411089,3.3442089454689587,5.101032703955392,8.226353382463756,15.7931003746963,Low,Email,2,3.15862007493926
15890.0,4,210,604,53.565,0.2600968870455244,0.3606570465405511,0.7206932886615403,52.68529231625373,18.35650113812289,35.15797657053464,Mid,Paid Search,12,14.063190628213858
15894.0,1,115,368,5.320126582278482,0.5767744820201149,0.5290231234163119,1.0478197628499744,8.758863768971324,4.476900773014759,8.502734666408582,Low,Paid Social,8,2.1256836666021455
15897.0,1,0,193,9.252083333333331,0.3419616341722185,0.5088314323696308,0.9994547983520712,12.153188689608688,5.975486171283524,11.259033685585797,Low,Paid Search,12,4.503613474234319
15898.0,24,726,727,8.029139167862267,0.9950141520671902,5.571339010816117,11.169487225318996,8.176264827893299,44.00520217582389,84.54400098917407,High,Paid Social,8,21.136000247293516
15900.0,3,539,562,6.926153846153846,0.9580502236300672,1.14857517498156,2.2923349294073225,8.106825332392214,8.995448477232888,17.208644166934867,Low,Paid Social,8,4.302161041733717
15901.0,6,527,543,4.112397660818714,0.9773918490124756,2.044878091020057,4.08426260246464,4.7902852996341325,9.463189468474706,18.11640904495665,Low,Paid Search,12,7.246563617982661
15903.0,11,684,694,77.06758620689655,0.987790057086947,2.8054785190445286,5.6198638438955,76.40613100114462,207.07550630227925,397.5310257391714,Top,Paid Search,12,159.0124102956686
15906.0,9,431,450,12.58935960591133,0.9816012506461352,3.396611004545357,6.774287519383244,12.898586359887403,42.32573632238686,80.91743370869023,High,Paid Search,12,32.366973483476094
15907.0,2,206,209,3.885341365461848,0.9462640748339184,1.909205511720148,3.762333606783929,5.8361743717762415,10.766366847884392,20.34911629842116,Mid,Organic,0,3.0523674447631737
15908.0,1,21,511,18.648048780487805,0.1288948570328358,0.0900660854278253,0.1791262648115259,20.264407019303665,1.7633003692930955,3.362068180818522,Low,Organic,0,0.5043102271227783
15910.0,14,686,687,4.270382165605096,0.9916131137544564,3.533531206486257,7.078795009295725,4.563471535566585,15.577490475369949,29.906783637079265,Mid,Paid Search,12,11.962713454831707
15911.0,7,106,729,6.572741312741313,0.0002629770639539,0.000482868270733,0.0009673110436847,7.101491411644128,0.0033126195593772,0.0063596262854391,Low,Organic,0,0.0009539439428158649
15912.0,8,551,728,11.31263157894737,0.8724345357918527,1.7965487051007114,3.599372734634568,11.684548323158388,20.27886653403383,38.93601022583122,Mid,Paid Social,8,9.734002556457805
15914.0,1,0,377,15.845384615384615,0.1337095193830899,0.1202714630756283,0.2382919290333847,17.844962090964888,2.0736306359709613,3.9394979834813655,Low,Paid Search,12,1.5757991933925464
15916.0,12,712,728,10.480642201834865,0.9875380414879896,2.9058569341750564,5.8237216545334,10.741040326292143,30.151695881630165,57.909642659029,High,Paid Search,12,23.1638570636116
15917.0,4,489,736,3.616967741935484,0.8364103495156903,0.9740176806788,1.950063779174223,4.639759690155929,4.365746988351163,8.376765808238714,Low,Paid Social,8,2.0941914520596785
15918.0,2,441,631,9.555409836065571,0.8654245470746359,0.7210462954885405,1.4396844800696276,11.090150556135798,7.725217455443854,14.784650851897974,Low,Email,2,2.9569301703795947
15919.0,1,349,368,4.742760416666667,0.8976063034534932,0.8232931675270897,1.6306713513453956,8.260443138138278,6.570719064711507,12.47941011145795,Low,Email,2,2.4958820222915903
15920.0,8,571,724,5.292962962962963,0.9056621153022082,1.874165025487204,3.754694465012376,5.781748782607759,10.467911538569837,20.09776871162636,Mid,Paid Search,12,8.039107484650545
15921.0,3,468,640,9.66397590361446,0.8907139472678826,0.953486332763748,1.9055243465983271,10.70734729666938,9.862836531247892,18.891990192661314,Low,Paid Search,12,7.556796077064526
15932.0,7,285,288,21.703217391304342,0.98271572419482,3.927120682469541,7.791293308561352,21.897180391385564,83.08240059211684,158.04333262143027,Top,Paid Social,8,39.51083315535757
15933.0,2,65,86,14.965675675675676,0.9201237502780788,3.185164996494616,6.21580559822169,16.10338946493136,49.568777314578455,92.81873151757316,High,Paid Search,12,37.12749260702926
15934.0,1,11,429,75.53999999999999,0.1405492704343013,0.1137387309407631,0.2257191088028803,69.37729915787274,7.623760399874626,14.506324962399988,Low,Paid Search,12,5.802529984959996
15935.0,1,2,241,34.73833333333334,0.2734853881790913,0.3475217271321165,0.6845491285568893,34.15460401173444,11.46888010551903,21.6683418056484,Mid,Paid Search,12,8.66733672225936
15936.0,1,88,467,14.883684210526315,0.3743528458156014,0.2822566105665045,0.5607428917589016,17.01475874513159,4.639885628812593,8.8375664555249,Low,Organic,0,1.325634968328735
15938.0,8,444,556,18.84128205128205,0.9185620297246412,2.397268632656929,4.79085711199633,19.067033536889056,44.157609374901625,84.58195121935702,High,Organic,0,12.687292682903553
15939.0,15,284,374,56.27571428571428,0.7732600121168249,4.929912792018593,9.817683591473047,56.00606016842487,266.74676287867266,509.2380233701343,Top,Paid Social,8,127.30950584253357
15943.0,1,28,677,22.6075,0.088588816942781,0.0485057407488551,0.0967849969239079,23.682466982153635,1.1097709524151904,2.122559127660104,Low,Organic,0,0.3183838691490156
15944.0,3,449,725,56.95368421052632,0.8112870646267666,0.7777210928142196,1.5561611345049666,55.62550580199213,41.79236799682021,80.14501268498883,High,Paid Search,12,32.05800507399553
15945.0,3,372,737,27.575666666666667,0.669910235114057,0.6328595956062418,1.26650184863303,27.720777778656725,16.947713301623686,32.505356798404776,Mid,Paid Social,8,8.126339199601194
15946.0,2,131,633,88.62230769230769,0.2330161569948812,0.1936044462146703,0.3865751792389545,84.35480343671273,15.777387386978113,30.195983871728732,Mid,Paid Search,12,12.078393548691494
15948.0,2,416,424,15.88515789473684,0.9453137390048836,1.1056265440875148,2.197728506285266,16.955396403813186,18.1113635440509,34.5151145188458,Mid,Email,2,6.90302290376916
15949.0,1,54,70,19.19578947368421,0.8812124029366599,2.343298990986985,4.552812377837034,20.73725298447481,46.96471774522429,87.57299187503537,High,Organic,0,13.135948781255305
15950.0,9,650,682,18.179012658227848,0.9803755329802089,2.368964450611116,4.743948898943768,18.39156818909748,42.089374885268384,80.77639429543387,High,Email,2,16.155278859086774
15951.0,2,372,380,17.172372881355933,0.9450436131139386,1.2091861382735662,2.400437308342078,18.14815041003197,21.201561887533632,40.353887742135896,Mid,Paid Social,8,10.088471935533974
15952.0,3,191,224,8.863406593406594,0.9418113622767604,2.355005523678448,4.650207088742007,9.946926045241238,22.63374089050443,42.86145813965943,Mid,Email,2,8.572291627931888
15953.0,17,721,735,19.728763440860213,0.9906811984822548,3.9747871927280585,7.968254687460893,19.82791023903936,76.13433971494987,146.2636155434979,Top,Paid Search,12,58.50544621739917
15955.0,21,629,653,23.918121546961327,0.9884390441223108,5.366892345051698,10.749068723426497,23.967163145159585,124.2607411489893,238.5112938056689,Top,Organic,0,35.77669407085033
15956.0,1,175,726,34.31111111111111,0.3929739807408379,0.2022540348505929,0.403871259832164,33.785797555470666,6.60146938931575,12.635172899593684,Low,Paid Social,8,3.158793224898421
15957.0,2,389,420,6.159602649006622,0.9363596312987124,1.1037722356247863,2.193796484626156,7.943541272670645,8.470889349657053,16.141387053713125,Low,Paid Social,8,4.035346763428281
15958.0,3,476,550,6.662027027027027,0.9395075078097708,1.1475233397997195,2.28971271774984,7.85594431088016,8.709109107942291,16.657252415471113,Low,Paid Social,8,4.164313103867778
15959.0,2,0,681,7.4293589743589745,0.0088412716411803,0.0068880139627484,0.0137639132600345,9.120117803964426,0.0606876631029281,0.1162323766472239,Low,Email,2,0.02324647532944478
15960.0,3,61,434,15.805769230769233,0.0842959980231,0.1258407965324217,0.25044306012134,16.54113346396002,2.01101310251954,3.83679776138863,Low,Paid Search,12,1.5347191045554522
15963.0,1,25,44,16.812857142857144,0.8669723161923484,2.770568677653537,5.364495168766766,18.68014831450385,50.02325946271949,92.96952643278372,High,Email,2,18.593905286556744
15965.0,12,719,736,8.187744565217391,0.9873635621399812,2.8771090669300445,5.766647619494126,8.47801302566121,23.56357075980828,45.26044832812342,Mid,Paid Search,12,18.104179331249366
15967.0,11,715,737,6.107630522088353,0.985461380022548,2.652848660583483,5.316901805554264,6.453439300697265,16.53844375103235,31.76527008507593,Mid,Email,2,6.353054017015186
15969.0,4,519,521,32.20142857142857,0.9719728725171164,1.5314961596272487,3.055707804923664,32.135450376971434,47.54605678379493,90.93301150000832,High,Organic,0,13.639951725001248
15970.0,1,295,598,42.388333333333335,0.7069636720831762,0.431522663956791,0.859823639752663,40.75858958098304,16.991963982923473,32.455736472565874,Mid,Organic,0,4.868360470884881
15971.0,17,714,731,140.54357142857145,0.990002497719622,3.991486869796386,8.00136349553045,139.5274607112832,538.0026140806168,1033.525294102022,Top,Paid Social,8,258.3813235255055
15972.0,4,143,599,12.484620689655172,0.0813791257672938,0.1136637246270158,0.2271128660344442,13.169647450604971,1.4461141026389943,2.769505034350154,Low,Paid Social,8,0.6923762585875385
15973.0,2,62,428,65.896,0.1981454542152199,0.2299529063321481,0.4571436072364573,63.29624303433749,14.062124702693318,26.80124186672758,Mid,Paid Search,12,10.720496746691033
15974.0,6,249,288,19.557670454545452,0.9581052583916508,3.368239083471932,6.680817618159564,19.838311796534143,64.55883249038087,122.7777062005712,Top,Email,2,24.55554124011424
15976.0,5,385,550,4.38854271356784,0.8636552496213451,1.5430125432984028,3.0815009868288934,5.189365700541259,7.7355836478790385,14.80733986934774,Low,Paid Search,12,5.922935947739096
15977.0,1,21,38,16.226615384615386,0.8698692534232502,2.916072305629233,5.641249286443567,18.174065685547053,51.22490089673016,95.1223476887096,High,Paid Social,8,23.7805869221774
15978.0,2,567,643,25.42186046511628,0.9263144358531338,0.7591266287701818,1.5160176674625734,25.79225762371995,18.915274899173863,36.20716698299872,Mid,Paid Search,12,14.48286679319949
15980.0,6,467,555,56.35623931623932,0.9457615939419688,1.941738290212632,3.879112551061576,55.69043604672405,104.4669413680941,200.03412730288883,Top,Paid Search,12,80.01365092115554
15981.0,20,595,620,32.50961805555556,0.9874744987020772,5.360603830583204,10.731243823367832,32.493586135695125,168.2706091720811,322.8364145419216,Top,Email,2,64.56728290838433
15983.0,7,711,732,12.527911392405064,0.9799656046592224,1.7927885569193591,3.591553426626797,12.92489338939174,22.3845920576586,42.975821649204775,Mid,Paid Search,12,17.19032865968191
15984.0,29,735,737,11.725997322623828,0.9956849760416348,6.594754366496336,13.223594496873837,11.827812568528238,75.35145754650388,144.79170580847577,Top,Email,2,28.958341161695156
15985.0,6,438,560,26.10846153846154,0.9167522655916692,1.8676428065195343,3.7314227451665167,26.22061912919993,47.309009213274265,90.59538002458764,High,Paid Search,12,36.238152009835055
15986.0,1,351,381,14.1768,0.8923114195056148,0.7958032128641395,1.5769255411489311,16.404529578406688,12.613099914104922,23.965541566693624,Mid,Paid Search,12,9.58621662667745
15987.0,7,367,378,8.582295918367347,0.9802635573266576,3.158215258741073,6.285068006953647,9.066581259330768,27.663938472241064,52.77754182465034,High,Paid Social,8,13.194385456162586
15988.0,2,637,656,5.969689922480621,0.9435330735203252,0.7597461768484112,1.5175713356257012,7.767565101051652,5.701135948168744,10.915138756665758,Low,Paid Search,12,4.3660555026663035
15989.0,1,361,736,4.233068181818182,0.6958339084852412,0.3537954461083772,0.7065805652073863,7.820443116739916,2.6729576298757878,5.116737240397028,Low,Paid Search,12,2.046694896158811
15990.0,6,605,649,11.166944444444445,0.9706807120752766,1.738542760800287,3.4784672434946287,11.663391935001396,19.588891054925675,37.56318272567115,Mid,Email,2,7.51263654513423
15992.0,2,449,453,16.603703703703705,0.9467647849403336,1.0480063104524446,2.0848113567179807,17.621212449466917,17.841444313888488,34.02584287360597,Mid,Paid Search,12,13.610337149442387
15993.0,6,35,43,5.068061594202899,0.9693270207135865,9.946809386730925,19.36900535243924,5.721369935286397,54.99990528451611,102.77467783280537,High,Organic,0,15.416201674920805
15994.0,2,581,635,10.545438596491229,0.9334194585653164,0.7734011858719909,1.5443220629359788,12.007527049219586,8.971564334507013,17.17101421428143,Low,Paid Search,12,6.868405685712573
15996.0,6,308,396,7.957075471698114,0.920470978995115,2.511766619866679,5.000035814225354,8.536079520481762,20.71403911907344,39.52932426046864,Mid,Paid Search,12,15.811729704187456
15998.0,15,702,738,5.785752089136491,0.9840659700353012,3.504553850007242,7.025359901777244,6.043672099789344,20.4608439520223,39.30669055736251,Mid,Email,2,7.861338111472502
16000.0,2,0,2,1377.0777777777778,0.9436567074506464,6.469058198147763,12.468716146830566,1278.2582614872051,7993.334405240872,14790.911987906276,Top,Paid Search,12,5916.364795162511
16003.0,9,706,735,27.65433497536946,0.9816655304237872,2.21920426760962,4.446989120818415,27.703017902849822,59.39039069716455,114.05142825286588,Top,Paid Search,12,45.620571301146356
16004.0,4,208,682,23.848777777777777,0.159577147206896,0.1988602306988314,0.3978502353470705,24.100948554210305,4.630010482244451,8.87780007939741,Low,Paid Social,8,2.2194500198493525
16005.0,9,438,449,4.739727626459144,0.9842947980619856,3.412288688570104,6.805396981349815,5.184711200632601,17.091770711351828,32.674957105572155,Mid,Paid Search,12,13.069982842228862
16006.0,1,176,387,4.233780487804879,0.7018413775490244,0.6180460070085474,1.2249352997410023,7.8210580263421425,4.67022158044384,8.875351367803411,Low,Organic,0,1.3313027051705115
16007.0,6,495,542,4.617327327327327,0.9670468038378882,2.0264491859605043,4.047378975052286,5.2822283751736325,10.340980631271249,19.796509924651875,Mid,Paid Search,12,7.918603969860751
16008.0,14,606,630,21.19736220472441,0.9861187834830966,3.793306851778024,7.593321298892038,21.301087701029957,78.05791060417337,149.75102181123066,Top,Email,2,29.950204362246133
16009.0,3,137,159,11.030111111111111,0.9460064771308004,2.992684927292676,5.885619934092523,12.00497166330282,34.71559104241616,65.48878181264247,High,Organic,0,9.82331727189637
16010.0,10,165,411,5.766086956521739,0.0297191506751725,0.1216418920427221,0.2424003135957818,6.151262828038804,0.7228841744683612,1.3808826705777415,Low,Paid Social,8,0.3452206676444354
16011.0,28,730,738,12.924087912087913,0.994468254930708,6.361773875157903,12.75643309387828,13.022779684690589,80.03326222602259,153.78807785817784,Top,Organic,0,23.068211678726676
16012.0,4,494,529,12.405767634854772,0.9625514534803572,1.496978077277549,2.987314541111584,13.093797875640618,18.936268777085765,36.22159667548964,Mid,Paid Social,8,9.05539916887241
16013.0,83,728,731,261.12018181818183,0.9980747755938836,18.51678341899009,37.13442111076812,260.6808620902574,4662.9698649112925,8961.314601660917,Top,Organic,0,1344.1971902491375
16014.0,4,639,677,3.884089347079038,0.9640182203022636,1.209181010440406,2.418981157310349,4.896706745222108,5.719995358023263,10.967057143007612,Low,Paid Search,12,4.386822857203045
16015.0,2,45,48,3.875769230769231,0.9438897345261086,4.204090695239161,8.166002368835533,5.8273046785848415,23.67757124639692,44.13907689419364,Mid,Email,2,8.827815378838729
16016.0,10,399,401,6.633350785340315,0.9880221713899896,4.126969854770015,8.22179893002666,7.005004130004162,27.9294525899099,53.33861149373708,High,Paid Social,8,13.33465287343427
16017.0,4,656,703,11.861297709923663,0.9620358168944536,1.1670379250796208,2.335508188981606,12.570066582142406,14.17166797041522,27.18083089502948,Mid,Paid Social,8,6.79520772375737
16018.0,3,693,731,12.466607142857145,0.955996473344851,0.909734514289741,1.8204528926161567,13.369428302101849,11.749685273489462,22.533990174500467,Mid,Email,2,4.506798034900093
16019.0,26,678,724,43.12555555555555,0.9779247635944194,5.929933832521954,11.888328141441429,43.04892046185862,246.6048592136545,473.7812078750737,Top,Email,2,94.75624157501474
16020.0,2,48,64,18.500217391304343,0.9243074167740304,3.672796145968603,7.149091454364742,19.378552382771947,68.78563782925583,128.4877137358676,Top,Paid Search,12,51.39508549434704
16021.0,1,149,544,3.670689655172414,0.4778954455853885,0.3165469101594533,0.6300311909593652,7.334960806357701,2.243173141668704,4.280089716742249,Low,Paid Search,12,1.7120358866968997
16023.0,2,220,265,7.126831683168317,0.9193164854558712,1.559802267162085,3.0827928330297967,8.83979117452863,13.322349536438177,25.250384299862763,Mid,Email,2,5.0500768599725525
16024.0,2,399,411,5.630232558139535,0.9437760636093316,1.1325695360794814,2.250453671126324,7.453018474833639,8.155187293999106,15.536012997705464,Low,Email,2,3.1072025995410932
16027.0,14,608,699,58.52457142857144,0.9468632982785904,3.322560062930632,6.657159871004141,58.21071358070937,186.83929327018137,358.7589874025122,Top,Organic,0,53.81384811037683
16029.0,105,692,731,298.6031151832461,0.8235026329697182,19.263978149585363,38.63380639782136,298.19924731208107,5549.326967361721,10664.96172425523,Top,Email,2,2132.9923448510463
16031.0,1,154,246,5.489400000000001,0.8160620279695157,1.0214598153437289,2.012609586118387,8.904991770002738,8.789068441046261,16.60954515049113,Low,Organic,0,2.4914317725736694
16032.0,5,67,522,9.294575471698112,0.0052459525354589,0.0098030062186026,0.0195667690155801,9.94475588959136,0.0941815060418285,0.1801890084795432,Low,Email,2,0.03603780169590864
16033.0,26,479,484,7.729051355206847,0.9943061050980724,8.565206074591059,17.108208907856696,7.866745242782992,65.0940791939421,124.62217830460948,Top,Paid Search,12,49.848871321843795
16034.0,5,213,408,16.293333333333333,0.6279541671910888,1.4435397442791629,2.873685807660392,16.72861284929118,23.330039011042672,44.523165326946895,Mid,Paid Search,12,17.80926613077876
16036.0,3,533,619,18.263142857142856,0.9379343242728204,1.0338404707337647,2.0654133636740197,18.87527131357152,18.851850260191394,36.098628639242925,Mid,Email,2,7.219725727848585
16037.0,4,378,648,21.25830985915493,0.7461948561847853,0.9728367990471848,1.945349559738068,21.609150473797268,20.308607088278208,38.9224712556906,Mid,Email,2,7.7844942511381205
16038.0,2,194,201,18.14538461538461,0.9436707571912872,1.956903650640708,3.854496895826945,19.049758654128677,36.02054910169663,68.05027509414116,High,Paid Search,12,27.220110037656465
16039.0,1,204,627,14.2625,0.5317229204026118,0.3114333170483254,0.6208782796418504,16.47851148210402,4.957936159879393,9.474856712057674,Low,Paid Social,8,2.3687141780144185
16040.0,6,544,609,19.3352,0.961881171665107,1.8217130543108224,3.642660393904201,19.621563193936648,34.531570578140794,66.17873579982997,High,Organic,0,9.926810369974495
16041.0,2,110,140,527.7333333333333,0.9174063297916222,2.4151745314319237,4.736982067826722,491.2421069972637,1146.476275149179,2157.1661598099945,Top,Paid Social,8,539.2915399524986
16042.0,7,431,453,17.424,0.977156445206421,2.710799602489825,5.405260405557231,17.712647844644138,46.38725813297675,88.66304826055963,High,Paid Social,8,22.16576206513991
16043.0,7,444,481,25.4327397260274,0.9717365307508016,2.5628733717041503,5.113516267537034,25.54418080439584,63.24606345139652,120.95869364499627,Top,Paid Social,8,30.23967341124907
16045.0,7,378,498,23.208986486486484,0.8964723173433864,2.295670092657472,4.582030887575807,23.369631825956517,51.82911294236784,99.1575040722733,High,Paid Search,12,39.66300162890932
16048.0,3,176,549,24.43704545454545,0.3452800001413177,0.4223901142622054,0.8428005668872386,24.739556490945315,10.095307848527938,19.308175091312584,Mid,Paid Social,8,4.827043772828146
16049.0,5,475,515,3.791776447105789,0.9656870084876364,1.8255268271274496,3.643235057489035,4.610923486924401,8.131845440693127,15.555857916191757,Low,Paid Social,8,3.888964479047939
16050.0,2,227,400,14.319047619047618,0.8023419904444663,0.984536858903632,1.9556749667012172,15.504213559512216,14.747569723516865,28.086165527518077,Mid,Paid Search,12,11.23446621100723
16053.0,5,578,610,18.73628865979381,0.9700642193534486,1.5840660950990872,3.166761218301985,19.096555821642077,29.223500484945404,55.994148626644,High,Email,2,11.1988297253288
16054.0,3,471,616,17.31049180327869,0.906318087121993,1.0032462193318266,2.0041927370544688,17.970395124443513,17.416972616194716,33.34947312748825,Mid,Paid Social,8,8.337368281872063
16057.0,9,684,700,17.682798165137616,0.9843464608634264,2.324181061439359,4.655352315529157,17.90393556352589,40.19874096331076,77.16500419422658,High,Organic,0,11.574750629133987
16059.0,11,503,568,7.625047393364928,0.9624656930741008,3.259339146813384,6.516973677239993,7.9493167086392305,25.030091665257878,47.96708099405327,High,Organic,0,7.19506214910799
16060.0,2,93,493,22.58125,0.243973276733203,0.2514857346949075,0.5007719380217018,23.160102507756363,5.627022939009161,10.74138774162128,Low,Paid Search,12,4.296555096648512
16062.0,7,526,535,15.478108108108108,0.981761509587086,2.364560715569638,4.722973669418459,15.809812066632889,36.11484076216398,69.14139088461702,High,Email,2,13.828278176923405
16065.0,7,97,462,5.502586605080831,0.0049199883733169,0.0134251259789197,0.0267748927576547,6.055015667421918,0.0785326597636437,0.1501343009859611,Low,Paid Social,8,0.03753357524649027
16066.0,4,107,123,14.92029411764706,0.9576922681381108,4.378629597876517,8.593835151652058,15.51254709771188,65.63543728138148,123.57707458698772,Top,Organic,0,18.536561188048157
16067.0,2,112,674,46.510821917808215,0.1547278662344812,0.1216503192924644,0.2430609487820829,45.33362679761328,5.327705627227552,10.202891846018655,Low,Paid Search,12,4.081156738407462
16070.0,1,9,31,25.82272727272727,0.8509124752975233,3.025844092843604,5.84730236090282,26.458063650251077,77.38295383514524,143.54822752979206,Top,Email,2,28.709645505958413
16071.0,3,610,654,14.750684931506848,0.9533889731424704,1.001333609521212,2.0015796333045945,15.538960993722592,15.031596493766775,28.798526310616857,Mid,Email,2,5.759705262123372
16072.0,3,260,548,7.785773381294964,0.6478473245711616,0.7937744471194174,1.58379793536114,8.923335476272653,6.842870976336968,13.087359114533168,Low,Paid Search,12,5.234943645813267
16075.0,1,61,563,17.973902439024393,0.2124225605564796,0.1366094950201975,0.272007729051156,19.68243934471724,2.5976730093155664,4.958407133821697,Low,Paid Search,12,1.983362853528679
16076.0,9,205,208,17.323488372093024,0.9858948699560626,6.218574156583449,12.296075083973223,17.550839915946618,105.45230179784286,199.95539736235276,Top,Email,2,39.99107947247055
16078.0,1,385,668,9.307435897435898,0.7606613318459019,0.4214339270746595,0.8407754081901423,12.200972681053688,4.967501547743851,9.499555982049376,Low,Email,2,1.8999111964098754
16079.0,2,23,39,64.38095238095238,0.917541342620196,4.385749572413891,8.507811157822731,61.89237566484886,262.35513511782466,488.4677161659113,Top,Paid Search,12,195.38708646636454
16080.0,3,368,449,20.08533333333333,0.9283999477434214,1.3472289056579403,2.6822285428755013,20.606080057520785,26.82024819344636,51.18885402914302,High,Email,2,10.237770805828605
16081.0,7,618,674,11.178395989974938,0.9696279894064828,1.9089741226065284,3.821468603897879,11.605238273184517,21.40183588082092,41.06006220900862,Mid,Paid Social,8,10.265015552252155
16083.0,3,287,388,33.11859154929578,0.9025416820514818,1.477649253821104,2.936972377784653,32.98572838577733,47.09046187406153,89.73365714261206,High,Email,2,17.946731428522412
16085.0,11,664,687,6.23279255319149,0.9848909006816616,2.8225362707491986,5.653526285334126,6.5768246789696185,17.932871089297155,34.423511021552855,Mid,Paid Search,12,13.769404408621142
16086.0,9,677,736,20.91233576642336,0.972820279782816,2.1965373675087214,4.401619649104922,21.07761936725704,44.72516121037417,85.88974714673955,High,Organic,0,12.883462072010932
16087.0,4,300,689,173.99200000000002,0.4456485581287354,0.5503514883356149,1.1011690887593617,168.5252783174818,89.59929596206756,171.81774565045805,Top,Paid Search,12,68.72709826018323
16088.0,1,15,591,239.5716666666667,0.0865780639189362,0.0533894069599234,0.1063657241537735,210.98027426459987,10.882245361527216,20.78309349771828,Mid,Paid Social,8,5.19577337442957
16089.0,1,122,508,5.4288,0.438808491218877,0.3081589749977581,0.6128325826482801,8.852677845101237,2.6356090687944302,5.024950440618871,Low,Paid Search,12,2.009980176247548
16091.0,1,43,198,17.503333333333334,0.5834647215752372,0.8529780949041553,1.6759734451190602,19.27621299395672,15.887897575239286,29.945250896577026,Mid,Paid Search,12,11.978100358630812
16092.0,5,464,578,17.64377777777778,0.9288487928505516,1.5896770494627157,3.176283870775805,18.037591117185126,27.70091645563477,53.04991161938335,High,Paid Social,8,13.262477904845838
16094.0,10,590,601,18.854897959183678,0.9862758145167408,2.9217370415293424,5.8446184481158765,19.035990837292267,53.730058298552336,103.01173471045618,High,Paid Search,12,41.204693884182475
16096.0,3,380,644,24.01469696969697,0.7875853745443718,0.8384855127184814,1.6758021981284936,24.338388522985262,19.71480693133532,37.76540879471286,Mid,Organic,0,5.664811319206929
16098.0,13,637,724,27.288957055214727,0.9556983754900586,3.038115376713252,6.08881249019711,27.327239091694743,80.20310242489359,154.0395205249968,Top,Paid Search,12,61.61580820999872
16099.0,6,596,646,22.8,0.9687105545545134,1.7421092962338285,3.4854507912435047,22.99724991069284,38.70357952194129,74.21396745150521,High,Paid Social,8,18.553491862876303
16101.0,3,490,561,16.818541666666665,0.9413554404431808,1.1302986778547153,2.2558161941258845,17.503115984770233,19.11266599362401,36.56262413643149,Mid,Paid Search,12,14.625049654572596
16102.0,2,86,128,32.31824561403509,0.8946805874479646,2.487504242831575,4.873994810453031,32.18255846725322,77.35931323292462,145.41810422106977,Top,Paid Search,12,58.16724168842791
16103.0,21,693,700,30.95855,0.9932596137211296,5.0709271970143135,10.16245292420366,30.95488706107757,151.63796878556207,291.22767580440643,Top,Paid Search,12,116.49107032176258
16104.0,8,671,733,11.925364806866954,0.9706043426901234,1.9865236099716717,3.980225128558731,12.285385619523804,23.57626330691645,45.26968582057425,Mid,Paid Social,8,11.317421455143563
16105.0,4,355,603,21.692636363636364,0.758342591670739,1.053059246659187,2.104270925731269,22.026933663605963,22.40851241226701,42.91806679771227,Mid,Paid Social,8,10.729516699428068
16107.0,6,165,182,103.36,0.9695484933830414,4.757036781094867,9.385559793391849,101.4852786286214,466.46698632620166,882.65456676238,Top,Paid Social,8,220.663641690595
16108.0,3,546,630,16.56237037037037,0.9392848784689766,1.019476101618262,2.0370801947396284,17.259791521509182,16.998824998196206,32.555871067710875,Mid,Paid Social,8,8.138967766927719
16109.0,2,479,698,30.305806451612906,0.8576099677572389,0.653713146988237,1.3066042301672944,30.317800133794705,19.146506406951808,36.67918243972984,Mid,Paid Social,8,9.16979560993246
16110.0,3,477,521,4.051826280623608,0.9505464287112744,1.2162796282817316,2.425497812109312,5.376643527362238,6.317738233971316,12.076799805225283,Low,Paid Search,12,4.830719922090114
16112.0,3,195,338,12.23375,0.8109479614302482,1.4837272075437509,2.944277588492592,13.148248801816688,18.84807310453187,35.86078530183085,Mid,Paid Social,8,8.965196325457713
16115.0,11,564,574,6.016682242990654,0.987424138692062,3.313504842258807,6.625943936398023,6.363782016289325,20.37067713541528,39.041619876345806,Mid,Organic,0,5.856242981451871
16117.0,2,401,591,7.352808988764044,0.856563251316796,0.7556452180906987,1.5077139477141692,9.049185362263946,6.606041106985462,12.634374199812502,Low,Paid Social,8,3.1585935499531255
16119.0,7,715,723,31.86685185185185,0.9824589770641704,1.8173057258931853,3.640270193835298,31.835927434190094,55.8906549681942,107.29241436537669,Top,Email,2,21.45848287307534
16120.0,5,362,421,32.178,0.9517423958531308,2.131887400531348,4.245464827057033,32.125531652537376,66.16669329721765,126.31444372844967,Top,Paid Search,12,50.52577749137987
16121.0,4,508,565,4.114456824512534,0.9555511801559992,1.4041378555157344,2.803960900055833,5.118299621911177,6.94296743141396,13.28923817755234,Low,Email,2,2.657847635510468
16122.0,5,352,424,15.6459375,0.9425538137742896,2.0989135264640413,4.180126623379475,16.10109567889248,32.649338392375924,62.333311179778086,High,Email,2,12.466662235955617
16124.0,3,415,732,21.615731707317074,0.7560225870861286,0.7185609378478557,1.4379176681608463,22.05972989381809,15.313076564196688,29.368358581609836,Mid,Paid Social,8,7.342089645402459
16125.0,13,358,724,15.241362126245846,0.017461408455526,0.0555089083421345,0.1112476955356574,15.42466456900207,0.827121983131144,1.5885853520008015,Low,Organic,0,0.2382878028001202
16126.0,14,708,736,38.24229765013055,0.9860106446236953,3.3043969512830658,6.623706056522535,38.15533969346939,121.79732732921768,233.9672614601841,Top,Paid Search,12,93.58690458407364
16127.0,1,687,726,10.684133333333332,0.8962748098779936,0.4612905828804,0.9211287626189688,13.3894288901894,5.966860518592573,11.420535319333036,Low,Paid Search,12,4.5682141277332144
16128.0,10,493,510,20.88489010989011,0.9841265874238306,3.3597766735986605,6.710136139593336,21.03433100107433,68.2728797225885,130.69490191120758,Top,Email,2,26.138980382241517
16129.0,2,100,507,14.5421875,0.2539815379313396,0.2556484960457154,0.5092230387321162,15.710978544165004,3.8803380887297294,7.409392341119032,Low,Organic,0,1.1114088511678548
16130.0,3,195,616,17.95418181818182,0.3171407065456447,0.3510579997895549,0.7013112832178852,18.58180448078937,6.301940102713767,12.066757337097473,Low,Paid Search,12,4.826702934838989
16131.0,11,686,737,45.46767123287671,0.9771617104012452,2.630506062603992,5.272122244132995,45.25477121511808,114.99914635905203,220.8780341512145,Top,Paid Search,12,88.35121366048581
16132.0,1,83,627,39.07058823529412,0.2336329210622409,0.1368402090378383,0.2728067580517109,37.89449275093124,5.009653715451476,9.5736914716717,Low,Paid Search,12,3.8294765886686797
16133.0,55,614,618,42.26518382352941,0.9970666621073192,14.337415619482544,28.70985114210873,42.23131091214897,584.9259645885977,1122.5159247012657,Top,Paid Search,12,449.0063698805063
16134.0,4,519,540,18.49431034482759,0.967050327695398,1.4776215476151626,2.949321950010311,18.950430543490278,27.051694561957905,51.75548943662528,High,Email,2,10.351097887325057
16135.0,1,321,583,21.011538461538464,0.7485756551685566,0.4671049310112982,0.9304483949059618,22.304727509071835,10.06546408857523,19.22029933667228,Mid,Paid Social,8,4.80507483416807
16136.0,3,603,663,20.582608695652176,0.9488610257359432,0.9846424010807352,1.9684826804187117,21.078417366105217,20.05026713292223,38.41857986838954,Mid,Paid Search,12,15.367431947355819
16138.0,2,212,590,24.604054054054053,0.528391912124728,0.4668247569000605,0.9314230052942905,25.03446511567287,11.29031720471744,21.592904921861518,Mid,Paid Social,8,5.398226230465379
16139.0,4,717,735,19.493859649122808,0.9690640333774456,1.129866533769912,2.2620576861620534,19.91190743336626,21.73383216422014,41.70123859048351,Mid,Paid Search,12,16.680495436193407
16140.0,2,376,441,21.938028169014085,0.9210210864482252,1.0426189429368449,2.073443476305262,22.564082865527894,22.72874204467791,43.33359409106966,Mid,Paid Search,12,17.333437636427867
16141.0,1,328,416,19.1188,0.8597794919522259,0.7136699125302506,1.4157573084723425,20.67079058275003,14.252800804068796,27.109908180736543,Mid,Email,2,5.421981636147309
16143.0,11,726,729,20.547405857740586,0.9891022568050354,2.688745906448234,5.388341755996324,20.68824458672785,53.73593524925151,103.20103041094968,High,Organic,0,15.480154561642452
16145.0,18,575,583,17.185454545454547,0.9918871322825747,5.149087776126647,10.30143187562856,17.30132592113632,86.06167275328397,165.0170129111399,Top,Organic,0,24.752551936670983
16146.0,3,291,448,23.082439024390244,0.8515742956474417,1.238051099215116,2.46480207502105,23.45288274055663,28.05181462607168,53.538131172734175,High,Paid Search,12,21.415252469093673
16147.0,4,538,672,17.639044117647057,0.9249970347749156,1.167868207027055,2.3361685183734155,18.127741048743115,20.452111609209965,39.21058488204287,Mid,Organic,0,5.881587732306431
16148.0,1,140,436,42.95777777777778,0.5653922290770494,0.4514448849597169,0.896092722327647,41.25017165857779,17.991724246208733,34.24087982041819,Mid,Email,2,6.848175964083639
16149.0,2,424,428,14.074,0.9467014691537634,1.098671453872297,2.184145613125868,15.27714851414547,16.216019208268534,30.906385919978685,Mid,Email,2,6.1812771839957374
16150.0,9,679,721,18.46886554621849,0.9780663925555316,2.2493597569132056,4.506660308270384,18.67640816610049,40.583074414851225,77.92204803789657,High,Paid Social,8,19.480512009474143
16153.0,10,512,562,22.714557522123894,0.9717159783388132,3.051577010032236,6.1004350433395285,22.83546992417685,67.31910486624822,128.9862181818226,Top,Paid Social,8,32.24655454545565
16155.0,4,158,539,16.602083333333333,0.1713403239449757,0.262220152770914,0.5233794212892325,17.13027766645572,4.339530555297861,8.30226757196075,Low,Paid Search,12,3.3209070287843
16156.0,19,728,736,23.643269961977182,0.9925680666966346,4.411616111105728,8.844531840143118,23.69970348140554,101.00202199510208,194.0493340025404,Top,Paid Search,12,77.61973360101616
16157.0,2,56,72,36.48277777777778,0.925885425420359,3.4911532544066484,6.802136495205999,36.041480616208105,121.60269443075796,227.35857263580797,Top,Paid Search,12,90.94342905432319
16158.0,8,211,733,17.952,0.0044510786328056,0.0091099662395924,0.0182528495332932,18.19501648435747,0.1601259318792234,0.3074639324108906,Low,Paid Search,12,0.12298557296435625
16159.0,3,455,736,23.7075,0.8097672683958101,0.7659092366506538,1.5327459565279185,24.046597292478005,17.792186862556644,34.12462277536583,Mid,Paid Social,8,8.531155693841457
16160.0,1,20,85,51.272000000000006,0.7458002083905118,1.808661222294211,3.520186144211581,48.42755774682375,84.65022057393533,158.10688213604445,Top,Email,2,31.62137642720889
16161.0,42,668,669,11.081001727115716,0.9970609759436416,10.283800568187695,20.60589708906469,11.153844414771893,110.80782838763147,212.77745073600752,Top,Paid Social,8,53.19436268400188
16163.0,5,505,737,39.03534246575342,0.8395704717158003,1.15988692418386,2.3229054064985304,38.77231545775357,43.44422911602335,83.38287302551744,High,Paid Search,12,33.35314921020698
16164.0,2,25,42,24.19058823529412,0.9160839554822026,4.274464600008247,8.29559834280972,24.65134107121488,101.84201977286128,189.69559953344535,Top,Organic,0,28.4543399300168
16166.0,1,263,690,19.810454545454547,0.5919307824396762,0.3187053542907084,0.6360557956723648,21.26787249609474,6.548254754790119,12.52674903385634,Low,Organic,0,1.879012355078451
16167.0,4,324,738,22.00190476190476,0.4452391238178672,0.5172353827207067,1.035573809774314,22.32442215809668,11.154871211110088,21.403888084862327,Mid,Email,2,4.280777616972466
16168.0,65,726,736,34.422233009708734,0.9959284380162065,14.444569375904711,28.96852503439451,34.41262381837769,480.18675526132927,922.8463806443808,Top,Organic,0,138.4269570966571
16169.0,3,67,75,21.44670588235294,0.9549227267183203,4.605732649577322,8.98911051961517,21.899180610072094,97.47324517414442,182.5417104244281,Top,Paid Social,8,45.63542760610702
16170.0,19,608,658,15.611363636363636,0.9749925117519213,4.78725816345858,9.588355321066796,15.734200683807558,72.76555502186955,139.67211060985673,Top,Organic,0,20.95081659147851
16172.0,7,417,512,16.677433628318585,0.9336062548207404,2.3348950160457336,4.661645347974585,16.982600503055046,38.307380394474976,73.30800582648024,High,Paid Search,12,29.323202330592096
16173.0,5,82,97,16.884761904761906,0.9612099432783756,5.9710435767743775,11.697623552058426,17.30188126488309,99.83303967998096,187.6324853712198,Top,Paid Social,8,46.90812134280495
16174.0,6,476,602,34.565384615384616,0.920766256714212,1.7615490028263918,3.521962836876123,34.460033495223406,58.64267428341845,112.37499904601388,Top,Paid Search,12,44.949999618405556
16175.0,6,469,563,18.739183673469388,0.942310152410686,1.910855618994092,3.817962442949129,19.040876171182315,35.14969910479308,67.3140597106561,High,Paid Search,12,26.92562388426244
16176.0,3,198,619,28.50958333333333,0.3234114973822458,0.3564811373691847,0.7121803855264588,28.607859098588754,9.852107965092312,18.865394209957195,Low,Paid Search,12,7.546157683982878
16177.0,7,596,646,19.045,0.9710269979346072,1.9847070585562605,3.97151310692869,19.297780507465056,37.0000850196716,70.95930459855927,High,Email,2,14.191860919711855
16178.0,1,263,400,24.504,0.8148529132673739,0.6984961915859815,1.3849669335897696,25.319651117066048,17.087181443744306,32.48573315769058,Mid,Email,2,6.497146631538117
16180.0,12,434,533,49.69379204892967,0.9071508729081516,3.508852992406658,7.012037440503852,49.443347498896216,167.6019259855857,321.0217885813138,Top,Paid Social,8,80.25544714532845
16182.0,8,568,640,195.52254901960785,0.962766590657848,2.2224094320974337,4.447394018208793,192.3181156172582,412.8981764036372,791.9000982822902,Top,Paid Search,12,316.7600393129161
16183.0,3,340,406,26.2880487804878,0.9340349166369736,1.4734467630483994,2.930156172229073,26.497733137943275,37.72034656132145,71.91421593455776,High,Organic,0,10.787132390183663
16184.0,5,147,210,25.750888888888888,0.9012661347078716,3.455503594396273,6.826394200529325,25.895768699759905,86.4595750133797,163.799822151506,Top,Email,2,32.7599644303012
16185.0,2,547,564,16.118000000000002,0.9434236528986418,0.8666909717874064,1.7284010949112203,17.17115162477942,14.377397744988746,27.484197905350364,Mid,Paid Social,8,6.871049476337591
16186.0,25,707,729,17.192590476190478,0.9904310629014872,5.75052279863842,11.52915273122488,17.27617720031176,95.97194056812896,184.39053148933831,Top,Email,2,36.87810629786767
16187.0,14,252,283,23.428610169491527,0.9680983246571316,7.222619689922238,14.338578607484717,23.507374464406222,164.0369912514822,312.2277287747933,Top,Paid Search,12,124.89109150991733
16188.0,4,364,408,14.698108108108109,0.9550695361750008,1.8480344488867293,3.677449680246694,15.298824060231407,27.31474078311309,52.1077709831476,High,Paid Search,12,20.843108393259044
16189.0,1,69,84,19.58909090909091,0.8854019000867172,2.1598737713814686,4.203280936120874,21.076776775819987,43.99585662287257,82.16524807510953,High,Organic,0,12.324787211266429
16190.0,7,685,725,22.886974789915968,0.9754658555314868,1.7999291892955425,3.605551515785392,23.054745176947076,40.08753203363488,76.9571988439175,High,Paid Search,12,30.782879537567
16191.0,23,725,728,67.33055793991417,0.9944837522994888,5.341932684434178,10.70952325550166,67.07844566815217,346.155238612386,665.0401448276896,Top,Paid Social,8,166.2600362069224
16193.0,1,174,410,16.59026315789474,0.6735986847292517,0.5658471516966146,1.1223044476967448,18.487990476008,10.1073118137203,19.22150974749782,Mid,Organic,0,2.883226462124673
16197.0,8,254,723,21.68505376344086,0.018059654645433,0.0374185183401253,0.0749631918467674,21.85559473964171,0.7900276195796424,1.5167886030463178,Low,Email,2,0.3033577206092636
16198.0,1,362,436,31.21336363636364,0.8708933442803781,0.6953762811042455,1.3802828330470078,31.1116172129336,20.90185107881968,39.779276350623086,Mid,Paid Search,12,15.911710540249235
16199.0,6,238,630,94.275,0.1223236793874156,0.2248894314718272,0.4498308218206056,92.63394122913802,20.12520214868714,38.58128088967546,Mid,Paid Search,12,15.432512355870186
16200.0,11,732,736,9.000717703349283,0.988941132744842,2.6654498301050817,5.342095083748366,9.305459622584095,23.96069085900225,46.02061790334608,Mid,Paid Search,12,18.408247161338434
16201.0,4,412,415,17.03322580645161,0.9715680945299844,1.853761754435538,3.6895515754809134,17.544998103322502,31.422094766410027,59.95417751128319,High,Email,2,11.990835502256639
16202.0,8,376,737,20.17733870967742,0.2262145598718895,0.4607443082800415,0.9231973746965312,20.377151274663586,9.06975713203592,17.415974334412972,Low,Paid Social,8,4.353993583603243
16203.0,5,445,503,14.474545454545456,0.9574282203003446,1.84669878356145,3.684581006498916,14.9656719026744,26.699713029835934,51.06341764275567,High,Paid Search,12,20.425367057102267
16204.0,2,707,730,8.584,0.9430596244179592,0.6907681844713534,1.3812883826708064,10.19002665632728,6.800016210493823,13.032427346423264,Low,Organic,0,1.9548641019634894
16205.0,6,511,542,9.15305,0.9729199086997564,2.0387562930407,4.07195966860493,9.701294057761672,19.107497705661547,36.578906919284194,Mid,Paid Social,8,9.144726729821048
16206.0,12,629,683,10.665245901639343,0.974852461542046,3.0361353696217,6.081428949677533,10.923239132633675,32.03808526167825,61.5001629745195,High,Paid Search,12,24.6000651898078
16208.0,9,608,652,13.598616600790514,0.9761763528605938,2.4545373997167386,4.913304537111768,13.890388584817448,32.936792758283964,63.1865951836212,High,Paid Social,8,15.7966487959053
16209.0,8,458,546,61.89223880597015,0.9436985533295302,2.5017700414219086,4.998804233313481,61.282175924802885,148.11131258043923,283.6524479581323,Top,Email,2,56.730489591626466
16210.0,34,735,736,136.97334519572954,0.9964272019008452,7.697151505305317,15.434615571612516,136.47948902711698,1014.8126046456111,1950.07803571471,Top,Paid Search,12,780.0312142858841
16211.0,2,349,437,30.294166666666666,0.9069683418881604,1.0345279401271763,2.057133021855963,30.307014522789185,30.29131256807373,57.7461782367911,High,Paid Search,12,23.098471294716443
16212.0,3,650,669,16.586025641025643,0.9599019016786008,0.9882095839309492,1.9757901995089295,17.282260494882497,16.498815803512134,31.616271472720147,Mid,Organic,0,4.7424407209080215
16214.0,3,264,434,20.7984693877551,0.822574499751714,1.227975617865603,2.4438654233519617,21.2834527771934,25.249919840136684,48.17414456251036,High,Paid Social,8,12.04353614062759
16217.0,1,46,281,20.28333333333333,0.4448515517438942,0.5040362909380215,0.994837220239106,21.676092717160792,10.556491492894656,19.982570093583774,Mid,Paid Social,8,4.995642523395944
16218.0,12,531,560,27.07298780487805,0.9823463888337048,3.641105209262392,7.279819015152604,27.11723195453392,95.38542664578333,182.78278164715775,Top,Paid Social,8,45.69569541178944
16221.0,8,449,485,8.532480916030535,0.9739801593133992,2.857390009095176,5.702541986756086,8.958372996471677,24.729294477910926,47.30602125089848,High,Paid Search,12,18.922408500359392
16222.0,1,402,720,8.407625,0.7470727836439083,0.3873464765906177,0.77340424532181,11.424196448149203,4.2749888496157205,8.181608889715063,Low,Paid Search,12,3.2726435558860256
16223.0,1,20,395,8.748809523809523,0.1944724870519687,0.1684241710365884,0.3338952233604134,11.718729477128164,1.906929194489606,3.624854675805258,Low,Paid Social,8,0.9062136689513145
16224.0,4,330,386,13.935689655172414,0.946663587971766,1.916918379399485,3.8121310889812503,14.565445806889974,26.974906296182255,51.42878599736768,High,Paid Search,12,20.571514398947073
16225.0,14,625,670,9.494735099337747,0.9789611746845454,3.5667841808252305,7.143831231687858,9.7293790935387,33.52403581802844,64.34834693385,High,Paid Search,12,25.73933877354
16226.0,4,210,413,21.68290322580645,0.6705592663429497,1.2845480445612918,2.5565040398156538,22.01757125692004,27.324231708827558,52.13266159303091,High,Organic,0,7.819899238954636
16227.0,2,310,534,30.212352941176476,0.7990142588516783,0.7693855631697317,1.5334229146072562,30.231204615464836,22.47084312356934,42.93118838114728,Mid,Organic,0,6.439678257172091
16228.0,2,14,399,16.196545454545454,0.0684152872079495,0.0841232683822898,0.167096685470608,17.243933099943433,1.4014944329293595,2.6690149395742555,Low,Email,2,0.5338029879148511
16229.0,5,477,563,16.294659090909093,0.9461567030538705,1.6566319277681685,3.3091900839738044,16.72989789871495,26.774872510068136,51.26358993990416,High,Organic,0,7.6895384909856235
16230.0,1,30,219,15.486571428571429,0.4744444441110788,0.6461009325853364,1.2711215558970606,17.53521083504719,10.94736039058423,20.65869474875503,Mid,Paid Search,12,8.263477899502012
16231.0,3,218,597,10.675445544554456,0.426876179161551,0.485629476947166,0.9698339695113356,11.668092356888415,5.474117453800217,10.478469898937766,Low,Organic,0,1.5717704848406648
16232.0,6,506,549,25.83780952380952,0.9688225921217756,2.0078384544287733,4.01072681206763,25.956928177132248,50.34892567430719,96.3985371411219,High,Paid Search,12,38.55941485644877
16233.0,8,666,736,26.209466666666668,0.9677031679645144,1.973370551617348,3.954012805106607,26.292168263889646,50.12187569245789,96.24419521139284,High,Organic,0,14.436629281708925
16234.0,2,85,561,22.212,0.1587350676195979,0.1464976773885483,0.2921363522963346,22.81794954855793,3.2294180155415004,6.173094384374889,Low,Organic,0,0.9259641576562333
16235.0,8,429,470,17.858347826086955,0.9710620312137292,2.9255581288985817,5.83668858024111,18.10318252398337,51.1656488275155,97.84735107991898,High,Email,2,19.5694702159838
16239.0,5,406,462,42.63428571428572,0.9562949165768648,1.982173969134952,3.9513163475954136,42.26075107544418,80.92788974167159,154.64257133067517,Top,Organic,0,23.196385699601276
16240.0,1,53,76,27.546666666666667,0.8690653722194975,2.2250445403375294,4.326149169210523,27.94628206591577,60.0965478799187,112.136131858252,Top,Paid Social,8,28.034032964563
16241.0,15,400,409,4.355442655935614,0.9896038128662672,5.863349510080332,11.6876968906028,4.6283080977015,26.21728086000597,50.09590029447305,High,Paid Search,12,20.03836011778922
16242.0,13,625,633,10.959530791788858,0.9896152339498846,3.543509823743584,7.093246842413608,11.194374884425429,38.32045695430911,73.51590524500568,High,Paid Social,8,18.37897631125142
16243.0,1,21,54,8.02156862745098,0.831446327633503,2.465417054490575,4.780292539229135,11.090927073870748,26.428263823848447,49.18315407537524,High,Paid Social,8,12.29578851884381
16244.0,1,160,372,16.74922077922078,0.6857441123617881,0.623514366843227,1.2351473193767477,18.62521319984581,11.220234224708411,21.31280169940197,Mid,Paid Search,12,8.525120679760787
16245.0,2,233,256,15.707333333333334,0.93492407135545,1.6278711760119922,3.215948109980004,16.790621319446572,26.40941529664484,50.03442546756485,High,Email,2,10.00688509351297
16246.0,1,209,669,9.294943820224718,0.5082083244805339,0.2811950058541659,0.5610031790918915,12.19018869443505,3.3115552414868388,6.332922156166544,Low,Organic,0,0.9499383234249815
16249.0,4,186,238,26.08797101449275,0.9309811884152236,2.744254474488439,5.42662071652304,26.25485185824601,69.61463151171475,132.00978097670088,Top,Paid Search,12,52.80391239068035
16250.0,2,125,386,16.15061224489796,0.5343089450871928,0.6749979096231534,1.3402369109807073,17.201370652803632,11.21777446921101,21.35512831289997,Mid,Email,2,4.271025662579994
16253.0,6,664,730,24.205794701986758,0.965526127109079,1.5580036949262246,3.1206162614940216,24.366888129921342,36.67436711501518,70.3980246714635,High,Organic,0,10.559703700719526
16254.0,2,253,631,13.1352,0.5883363283623878,0.4901845360187639,0.9787319805841254,14.407241410298528,6.822610226120792,13.057225984066372,Low,Organic,0,1.9585838976099557
16255.0,14,668,684,9.17158878504673,0.9886479837342192,3.5366724866102683,7.0848156003263885,9.40984785043524,32.14925082831611,61.72018686776854,High,Organic,0,9.258028030165281
16256.0,2,331,597,56.1851724137931,0.7736419311585414,0.6765234913496637,1.3499917636387253,54.29803478819961,35.48789654442906,67.87933398735507,High,Paid Social,8,16.969833496838767
16258.0,14,593,638,34.71662790697675,0.9780348564272228,3.720693502970322,7.448820896621175,34.66911198180922,124.61295418585964,239.0910664104329,Top,Organic,0,35.863659961564935
16259.0,2,194,604,3.891827956989247,0.4575859845213518,0.3961011649786853,0.7905123271365659,5.842184951292047,2.235599569432247,4.276641942305992,Low,Email,2,0.8553283884611984
16261.0,5,425,441,6.30625,0.9729264135288131,2.096816306300244,4.177745126909731,7.048188677264488,14.27775487636504,27.2698751624466,Mid,Paid Search,12,10.90795006497864
16264.0,1,7,445,12.689848484848484,0.120055622436066,0.0942457636524791,0.1871203779936298,15.120894761644212,1.3768294165033033,2.620944859955592,Low,Paid Social,8,0.655236214988898
16265.0,11,398,406,20.57913946587537,0.9872360289718772,4.442452356406882,8.85232708914247,20.719527741923944,88.92504699117883,169.86252405353582,Top,Email,2,33.972504810707164
16266.0,13,599,672,16.127981651376146,0.9626601766923328,3.269879405168832,6.549031938135198,16.300611596882515,51.49085181277519,98.8331550763286,High,Paid Search,12,39.53326203053144
16268.0,1,0,70,14.836666666666666,0.682419694230528,1.8146741643569264,3.525743419428281,16.974170094000787,29.770079279785836,55.51092471226334,High,Email,2,11.102184942452668
16271.0,9,640,642,11.354163934426229,0.986971746948785,2.5157123329882745,5.03504368369074,11.684752993937307,28.397395060186525,54.47077348425521,High,Email,2,10.894154696851043
16273.0,1,7,655,21.0025,0.0583040925386545,0.0328660194081465,0.0655544933901172,22.296924911742654,0.7079577015063047,1.353574761777121,Low,Paid Search,12,0.5414299047108484
16275.0,2,444,640,19.37936936936937,0.8627373175245867,0.7099337013625875,1.417707288419736,20.193188674932,13.849434118161463,26.50902364823781,Mid,Paid Social,8,6.627255912059453
16276.0,2,430,607,101.13038461538464,0.8704059811112566,0.7502036200574801,1.4972857420088326,95.94498768346246,69.53664923059748,133.0284350450327,Top,Email,2,26.60568700900654
16278.0,2,399,498,20.32436363636364,0.9066358536410296,0.9265872590181204,1.8452825261271069,21.0688354857042,18.860407458192533,36.00644298196566,Mid,Paid Social,8,9.001610745491416
16279.0,8,575,595,16.346934097421205,0.9812638247056752,2.4145034558197915,4.828478043456806,16.62111219216144,38.76949821986312,74.30768683911408,High,Paid Search,12,29.723074735645636
16281.0,2,610,681,87.79538461538462,0.9292649855242152,0.7239671458086216,1.4466609754154196,83.58856328018275,58.46173044934085,111.96914703259358,Top,Paid Search,12,44.78765881303744
16282.0,2,378,718,39.623636363636365,0.7391928821412339,0.5494894171408887,1.0986000669180145,38.95185044579592,20.67714552319092,39.62213369487269,Mid,Paid Social,8,9.905533423718172
16283.0,7,643,648,7.4263406408094434,0.9829029778003172,2.00351744994387,4.0092695319235965,7.936203426377493,15.360477528090048,29.45935570538159,Mid,Organic,0,4.418903355807238
16284.0,2,362,392,7.40841726618705,0.9360214841794252,1.1677083803145258,2.3189640411402026,9.100712882037024,10.267151067233806,19.54888478606352,Mid,Paid Search,12,7.819553914425409
16286.0,1,146,623,19.35,0.4014277310934035,0.2364373214024737,0.4713307821739053,20.870377702176214,4.767213613056836,9.109746588640231,Low,Email,2,1.8219493177280464
16287.0,4,519,689,23.97571428571429,0.9024783092913704,1.114511135848078,2.2299661904894847,24.223050103716727,26.08030334642853,50.01221135443444,High,Paid Search,12,20.004884541773777
16290.0,3,101,565,15.796183206106871,0.0934171686638755,0.1114804506299166,0.2225059939218973,16.53202817254174,1.7804801266005692,3.406309401610671,Low,Paid Search,12,1.3625237606442686
16292.0,4,482,603,20.22193548387097,0.9254330326855644,1.2850864806186648,2.5679183073460594,20.61225116446526,25.58962712105252,49.01071994001111,High,Organic,0,7.351607991001666
16293.0,14,707,728,19.32759336099585,0.987720276407684,3.342613766832187,6.699688332787081,19.45223615443717,62.81254913725855,120.64946569962594,Top,Email,2,24.129893139925187
16295.0,3,54,64,16.817088607594936,0.9511483983494756,4.927657328028919,9.604766681562753,17.501735795717725,83.3471914477664,155.89088168228122,Top,Paid Search,12,62.35635267291249
16296.0,3,95,721,17.752297297297297,0.0334286261260783,0.0322038857175473,0.0644341363998226,18.39004434452444,0.5721243783328366,1.0971050080155722,Low,Paid Social,8,0.27427625200389305
16298.0,6,419,441,23.1,0.9744205118746252,2.432346478814777,4.847620984788431,23.289534029553053,54.72764330473488,104.55517074600824,Top,Paid Search,12,41.8220682984033
16300.0,2,245,675,5.592088353413655,0.5185095953082648,0.4071297111682914,0.8134696253594724,7.4176734443035635,2.9174735660857056,5.587226345428043,Low,Paid Social,8,1.3968065863570107
16303.0,6,605,630,27.721223776223777,0.9757378200590576,1.79387281937185,3.5881600984916657,27.79190176118446,48.1627169422346,92.33096378510176,High,Email,2,18.46619275702035
16306.0,6,221,434,17.287246376811595,0.5009768305507328,1.2673382175498469,2.525345855461027,17.626282126535987,21.581156376267693,41.22325823046677,Mid,Paid Search,12,16.489303292186708
16307.0,2,147,576,15.932266666666669,0.339601421773249,0.3063492272414787,0.6110783111846693,16.99904814577661,5.031028085304076,9.619540795599145,Low,Paid Search,12,3.847816318239658
16308.0,6,686,723,731.4285714285714,0.9736860094821717,1.584736202674184,3.1738860823583384,713.4001752412588,1092.1560718491255,2096.268697715657,Top,Paid Social,8,524.0671744289142
16309.0,1,134,240,16.823095238095238,0.7895524633752382,1.0063541250588248,1.982212032764204,18.68898651492332,18.173004523470013,34.3327902648678,Mid,Organic,0,5.14991853973017
16310.0,1,227,641,16.431428571428572,0.5658167397879384,0.3250572229618342,0.6482011298920766,18.35087396399229,5.7627941520729005,11.01559465252549,Low,Organic,0,1.6523391978788233
16311.0,1,31,48,16.655675675675674,0.87345652539362,2.707071948825297,5.244526803085106,18.544458884305183,48.52121064549944,90.22702691840098,High,Paid Search,12,36.090810767360395
16313.0,1,46,49,17.134375000000002,0.9017336292654694,2.7737995277065948,5.374550895596052,18.957703777095634,50.82498114422639,94.52361762531812,High,Email,2,18.904723525063627
16314.0,2,83,472,24.05483870967742,0.2300875539122275,0.2460576887817269,0.48971871309346,24.52555338834545,5.8301992513946495,11.1239484590645,Low,Paid Social,8,2.780987114766125
16315.0,1,205,535,17.50913043478261,0.6136377807599921,0.412313486852728,0.820474639424623,19.281217435043583,7.68050928054158,14.652037582639403,Low,Paid Social,8,3.663009395659851
16316.0,12,428,492,19.343131313131316,0.9547606774116746,3.9546240890751623,7.896580705861387,19.488074860287018,74.45336633635144,142.49908353815871,Top,Email,2,28.499816707631744
16317.0,4,465,584,18.73940170940171,0.924491681096168,1.320080532553347,2.6369939785757825,19.186186480624706,24.467915369854264,46.8479986210241,High,Organic,0,7.027199793153614
16320.0,5,509,680,23.356804979253116,0.8964492519538927,1.330394419588375,2.662407793149136,23.57519651915679,30.29941376093733,58.11306138809692,High,Organic,0,8.716959208214536
16321.0,6,666,738,26.284782608695654,0.9637321877533463,1.5400430199003223,3.0849418804035937,26.39240529136616,39.26498239846102,75.37777787400597,High,Paid Social,8,18.844444468501493
16322.0,1,35,35,8.83108108108108,0.90660383760123,3.1156605407392948,6.024617399649122,11.789751722485152,35.50501649855116,65.90245156510015,High,Paid Social,8,16.475612891275038
16323.0,1,381,577,88.415,0.8085226388813549,0.5090493747302038,1.0138771883594837,80.49185003422252,39.585388222131584,75.58079715224444,High,Email,2,15.116159430448889
16324.0,2,48,176,3.632881355932204,0.6349946968585166,1.4421673939042965,2.8360927102367035,5.602240886766545,7.806919732064285,14.72643464761113,Low,Paid Search,12,5.890573859044452
16325.0,11,688,734,26.068840579710145,0.978835556225312,2.6446374696310007,5.300258982796549,26.131303522188432,66.76030821801749,128.22178225385954,Top,Paid Social,8,32.055445563464886
16326.0,23,674,679,9.75149494949495,0.99408259645982,5.681419881882245,11.383350869648146,9.89319360649396,54.29825738237391,104.25999098633746,Top,Paid Social,8,26.064997746584364
16327.0,15,711,724,11.33193241816262,0.9899873568748688,3.586497561648092,7.188456760003248,11.531899894822592,39.95417168645349,76.74286404518824,High,Email,2,15.348572809037648
16329.0,3,311,738,14.809304347826089,0.5173566081004712,0.4881519883202668,0.9769202160869392,15.59464068234804,7.354085880540849,14.105153490186812,Low,Paid Search,12,5.642061396074725
16330.0,6,644,662,5.375677966101695,0.9776312515902634,1.7206255371098107,3.4432594587510814,6.021074535977779,10.008269977267425,19.195006405700145,Low,Paid Search,12,7.678002562280058
16331.0,5,210,642,59.93235294117648,0.1154172233638571,0.1802059043687579,0.3604345003565675,59.027671158471705,10.27604439752924,19.69884471857691,Mid,Organic,0,2.9548267077865367
16332.0,10,561,588,10.102562814070351,0.9818436105613256,2.964618990764778,5.929170338190127,10.42012360781816,29.84307239315668,57.204145629895,High,Paid Search,12,22.881658251958
16333.0,21,302,309,591.7066666666667,0.991726829909908,10.070861896524343,20.018665810484467,587.5052521097367,5716.284387041759,10893.652420585173,Top,Paid Social,8,2723.413105146293
16335.0,6,184,735,7.579234972677596,0.0125555035241216,0.0201368382556247,0.0403357048815524,8.16795692939538,0.1588907031953254,0.3050151816424891,Low,Paid Search,12,0.12200607265699565
16336.0,3,211,631,51.73073529411765,0.3515832806840038,0.381069180291879,0.7614508330766362,50.66448456308213,18.65149627278508,35.72158376373306,Mid,Paid Search,12,14.288633505493223
16340.0,2,444,550,4.04790450928382,0.907688874261787,0.8521373057500058,1.698907593623609,5.9868079823795926,4.9285935165452415,9.419149838115302,Low,Paid Search,12,3.767659935246121
16341.0,6,584,609,24.372088607594936,0.9755421630483524,1.8475856954132623,3.694394801146076,24.528905022163045,43.78098319979523,83.90496208910169,High,Paid Search,12,33.56198483564068
16342.0,3,104,179,21.494000000000003,0.8563580084040074,2.504574103096008,4.932414410381821,21.94410295679187,53.106146697369326,100.31233457666436,High,Organic,0,15.046850186499652
16343.0,2,391,406,7.9891860465116284,0.9425871378878758,1.142586305040444,2.270026406677732,9.638862528071188,10.640266562175375,20.267394983785632,Mid,Paid Search,12,8.106957993514254
16344.0,3,510,668,18.31347826086957,0.9049800225502972,0.932899612590664,1.865177904402596,18.923082427743587,17.05414834537723,32.67998318730489,Mid,Organic,0,4.901997478095733
16345.0,1,438,482,10.79945945945946,0.8890712494184783,0.6527561770574368,1.2972980633752855,13.48898602387493,8.506784497479844,16.208830225185125,Low,Paid Social,8,4.052207556296281
16347.0,10,626,637,9.913587570621468,0.9864026936943544,2.77683854459596,5.557778520976402,10.234094898883011,27.45351554363081,52.66121888524518,High,Paid Social,8,13.165304721311294
16348.0,7,398,429,6.760225563909774,0.9729444397474006,2.824676803574553,5.629061131256875,7.284827260065874,19.879663063816352,37.9763749724396,Mid,Paid Social,8,9.4940937431099
16350.0,8,406,427,18.47450819672131,0.9790244808814432,3.1963800155511675,6.370552104829702,18.707380426676597,57.76858746506224,110.3684911121614,Top,Paid Social,8,27.59212277804035
16351.0,12,402,734,17.80764705882353,0.0847045875106587,0.2474244253194407,0.4959062059290474,17.972593867287436,4.295800907095121,8.25110854884837,Low,Email,2,1.650221709769674
16352.0,1,20,37,17.658571428571427,0.8694677210165496,2.9387537794664715,5.684271166473844,19.410224777061305,55.1348109774118,102.3680865393746,High,Paid Search,12,40.94723461574984
16353.0,37,728,731,57.46816091954024,0.996373932541054,8.401437042411027,16.846288095423265,57.3530753153214,465.4777124826112,894.4388933814697,Top,Paid Social,8,223.60972334536743
16354.0,4,528,590,7.954295774647887,0.954500116663108,1.3508666402113498,2.6987714690956053,8.811880714445653,11.499750574572356,22.020397053299664,Mid,Organic,0,3.3030595579949495
16356.0,5,354,551,7.0486440677966105,0.8015394570654817,1.4297934283193043,2.855447486604216,7.767787106475638,10.729509424570754,20.53862878484928,Mid,Organic,0,3.080794317727392
16357.0,3,347,380,18.47595744680851,0.9508485318493836,1.5833738506064978,3.1463473339867325,19.077413382387157,29.18366771340193,55.598378657368656,High,Organic,0,8.339756798605299
16358.0,4,393,394,18.958766233766237,0.9721503651677478,1.935803096374112,3.8505837667790246,19.39719550211949,36.27699742264717,69.17893746746084,High,Paid Social,8,17.29473436686521
16359.0,15,654,661,21.582,0.991035154579796,3.892677596631219,7.795942220458919,21.67486360431436,81.50787108492497,156.4401487031815,Top,Email,2,31.288029740636304
16360.0,5,83,87,5.305936555891239,0.9740237104050072,6.40351035580755,12.531996360713466,6.078590435139703,37.61485549800633,70.62648975282886,High,Paid Social,8,17.656622438207215
16361.0,3,61,70,8.459056603773584,0.9531943723584718,4.746246822437509,9.257925526252109,9.562853959025672,43.8633028552126,82.09835011982048,High,Paid Social,8,20.52458752995512
16362.0,5,405,437,10.073829787234043,0.9668602967698772,2.099642941677822,4.182961804000156,10.70008275134814,21.70476802752544,41.45122898545366,Mid,Paid Search,12,16.580491594181463
16364.0,1,125,136,13.340377358490564,0.8955799437592659,1.6731705058750552,3.272599220582363,15.682474277188245,25.356797313838037,47.58477834296823,High,Paid Social,8,11.896194585742057
16365.0,14,710,728,25.44,0.98841062305711,3.3449500175596203,6.704370941318272,25.496262669175373,82.38665025344402,158.2471253019711,Top,Paid Search,12,63.298850120788444
16366.0,3,704,723,19.847820512820515,0.9601949498939496,0.9227363591611016,1.8462770345945805,20.38047835895244,18.167336951503263,34.8385383737043,Mid,Paid Search,12,13.935415349481723
16367.0,2,345,382,5.949344978165939,0.93234269236693,1.187859907705186,2.358250368611792,7.748713150064528,8.892763938036449,16.927017092155715,Low,Organic,0,2.539052563823357
16368.0,2,433,435,6.5327551020408166,0.9473771802706432,1.0847496136346757,2.156881282330613,8.289310307302472,8.687221995261721,16.56013261397304,Low,Paid Search,12,6.624053045589216
16369.0,6,592,610,15.67535294117647,0.9773259452675744,1.8483103730928685,3.6959024836342977,16.055845951432087,28.66888274483292,54.94389495186243,High,Paid Search,12,21.977557980744976
16370.0,3,142,224,5.791929824561404,0.8709276894586674,2.1777604322392445,4.300217939091143,7.029481948250691,14.791388481350683,28.010415127038407,Mid,Paid Search,12,11.204166050815363
16372.0,4,573,606,3.9898198198198194,0.9644216457449104,1.333437799095485,2.6646684685286326,4.998409988532955,6.438883289352825,12.332699734119348,Low,Organic,0,1.849904960117902
16373.0,1,29,410,10.672068965517242,0.2162920705865278,0.181693128045734,0.3603711799383463,13.379014130586842,2.3486020489184103,4.466437566020049,Low,Paid Social,8,1.1166093915050121
16374.0,4,522,587,4.9481843575419,0.953218338373368,1.3550491321123888,2.7069877683088484,5.920270822347623,7.750044985375948,14.839514647627231,Low,Paid Social,8,3.709878661906808
16375.0,1,0,469,8.0,0.0911477881653691,0.0684780472955312,0.1360485616472911,11.072307609238752,0.7325319408814133,1.3953199099040945,Low,Organic,0,0.20929798648561418
16376.0,1,8,16,7.896079999999999,0.8872732990255441,3.629309849879928,6.995895856698965,10.982596997427468,38.52953430622426,71.30179421180902,High,Organic,0,10.695269131771353
16377.0,1,350,617,130.848,0.7573051105082265,0.4498303426391204,0.8966244373251457,117.12281992440889,50.8989868007575,97.25350767122195,High,Paid Search,12,38.90140306848878
16378.0,2,63,310,15.780434782608696,0.3807737677989991,0.5729179241067051,1.1345136462799108,16.858358292205565,9.331788748821362,17.71962676322876,Low,Email,2,3.5439253526457524
16379.0,3,74,78,19.975925925925928,0.9598499499878922,4.54403672567708,8.871736596833898,20.50215936433977,90.03214056079622,168.66175119229544,Top,Email,2,33.73235023845909
16381.0,1,22,417,3.98,0.1854175047034808,0.1536039782745762,0.3047242872733005,7.601977937555176,1.1281702192756606,2.14592729637,Low,Email,2,0.42918545927400004
16382.0,1,142,550,8.025,0.4540265638005357,0.2979169769481776,0.5930287882556935,11.09388926142584,3.193046750377788,6.0932514306906,Low,Paid Search,12,2.43730057227624
16383.0,6,598,672,7.116842105263158,0.9606569971476068,1.6684936800661594,3.3394013122805792,7.717456623330463,12.43932141061394,23.86071763840585,Mid,Organic,0,3.5791076457608773
16384.0,3,500,589,16.77716049382716,0.9349531629239136,1.0761989851484084,2.1489401463813174,17.46381005231073,18.15689294636766,34.751034506641,Mid,Paid Social,8,8.68775862666025
16385.0,4,571,631,7.522700729927008,0.9565420212293646,1.2765569538121029,2.552024328848475,8.396724944239088,10.355091339837175,19.841152765576208,Mid,Paid Search,12,7.9364611062304835
16386.0,2,359,387,7.500612244897958,0.9367885518103168,1.1809636119144145,2.3449261807600976,9.186142224729434,10.48119309646163,19.95349875540605,Mid,Paid Social,8,4.988374688851512
16387.0,4,315,638,9.568229166666669,0.5884345556719588,0.777726205763004,1.5549570835987203,10.364340059429502,7.787026134695843,14.922076731292238,Low,Paid Search,12,5.968830692516896
16389.0,3,229,282,40.64911764705882,0.9305396592632128,1.9608183443070035,3.882586700750715,40.138603228914185,76.04272658660017,144.38258970006967,Top,Paid Search,12,57.75303588002787
16390.0,2,142,678,22.261904761904763,0.2271275552217738,0.1776413805015456,0.3549542878111019,22.864192099577046,3.923793867596346,7.514745238403913,Low,Email,2,1.5029490476807827
16391.0,3,161,561,3.33416918429003,0.2715001278874708,0.3259940107682599,0.6506090673969739,4.694976493250511,1.4786170964803025,2.8286017847194165,Low,Paid Search,12,1.1314407138877667
16392.0,2,292,561,5.121140939597315,0.7459277871206031,0.6884218462339083,1.372807068240954,6.981286033974229,4.6430887450179466,8.875353057451292,Low,Paid Social,8,2.218838264362823
16393.0,22,736,738,7.075903307888041,0.994424940635655,5.059935320351543,10.145158448244532,7.24312228885652,35.40460918428392,68.02628010238344,High,Paid Social,8,17.00657002559586
16394.0,4,232,289,18.73903614457831,0.934690635001567,2.380997423989583,4.719129822492965,19.18583484001234,44.1359003869989,83.8779821630876,High,Paid Search,12,33.55119286523504
16395.0,13,673,733,5.468083462132921,0.9738218121860018,3.0617576529827755,6.136844320596921,5.769029704409019,17.06334629261472,32.77545892611549,Mid,Organic,0,4.916318838917324
16398.0,1,99,253,20.80243902439024,0.6910220801461929,0.8471979212632785,1.6698649370311265,22.124219056069894,18.11083507747989,34.23767197458075,Mid,Paid Search,12,13.6950687898323
16399.0,2,370,388,5.679823008849558,0.9411387323402725,1.1839557773416567,2.3509403629045043,7.498969780069707,8.577840060854824,16.3304855224392,Low,Paid Search,12,6.532194208975681
16400.0,8,636,731,11.24355871886121,0.9557578446422816,1.9609173127976829,3.928825924703688,11.61681648062831,22.005892117697947,42.25339619804401,Mid,Paid Search,12,16.901358479217603
16401.0,22,554,554,18.868181818181817,0.9947338959202378,6.514967881282575,13.029112493604648,18.951107886786676,119.27487224502836,228.61858228158653,Top,Paid Search,12,91.44743291263461
16402.0,1,104,368,4.3709401709401705,0.5428475811828631,0.4979050424188719,0.986185140830958,7.93946332936282,3.8193786266718046,7.25393853910983,Low,Paid Search,12,2.9015754156439324
16405.0,1,7,309,33.45,0.2164128083525218,0.2279333949689009,0.4504391851053111,33.04242953569323,7.27694154679198,13.790920201438627,Low,Email,2,2.7581840402877256
16406.0,2,635,653,3.4759748427672954,0.9437630467062476,0.7630034828955089,1.524005157401913,5.456848800654479,4.022320422371572,7.700605913543621,Low,Organic,0,1.155090887031543
16407.0,13,419,431,12.16228448275862,0.9875905619509776,4.915987544984878,9.803559746010366,12.3826506791891,58.80870088413992,112.41818106301916,Top,Paid Search,12,44.96727242520767
16409.0,11,690,725,7.217496839443742,0.9820822363933536,2.682809864512397,5.376190138567967,7.547551262541314,19.560845049667577,37.56533385661788,Mid,Email,2,7.513066771323577
16411.0,3,408,427,4.397053140096618,0.9577414597700126,1.4492013449264871,2.8836062494766623,5.704557472051064,7.986930552995324,15.235529780884098,Low,Email,2,3.0471059561768197
16412.0,4,619,672,4.759044117647059,0.959783590094139,1.2117884688895104,2.424025292335075,5.738334854984098,6.717587507719587,12.878891930913165,Low,Organic,0,1.9318337896369746
16413.0,1,318,375,7.666376811594203,0.8763078944237835,0.7916341831833216,1.5683451098403602,10.784302024689918,8.24840861577536,15.669366279685349,Low,Paid Social,8,3.917341569921337
16414.0,4,672,694,8.74546875,0.9680018553628474,1.187787155128806,2.376743145784315,9.572918242486198,10.98454368321815,21.065592519091577,Mid,Paid Search,12,8.426237007636631
16415.0,2,632,676,4.440987654320987,0.9371862559627454,0.7349096307977896,1.4684158969880243,6.351045115177133,4.50905444769483,8.63537248689675,Low,Paid Search,12,3.4541489947587003
16416.0,8,628,654,15.897754010695188,0.9802053910177152,2.219934745344196,4.443332349065137,16.180652728577293,34.70035461041012,66.56469571462672,High,Email,2,13.312939142925345
16418.0,4,378,422,6.520355029585799,0.9557047912560016,1.7984349082172777,3.580104392102152,7.432558171871456,12.913973081056955,24.64458338923597,Mid,Organic,0,3.696687508385395
16419.0,7,555,667,16.167608695652174,0.9398837721696772,1.867582112809312,3.7382492599192094,16.484056300038386,29.740017065822613,57.05191370081883,High,Paid Search,12,22.820765480327534
16421.0,2,93,469,13.849210526315789,0.2714058730675051,0.2918057120315098,0.5807264098120465,15.06885499046853,4.24817204813406,8.10489281420016,Low,Paid Social,8,2.02622320355004
16422.0,108,679,696,89.39813202247191,0.9878321712199516,24.8227245676583,49.761704613101415,89.31183424937433,2141.6488736763167,4114.344207733987,Top,Organic,0,617.151631160098
16424.0,1,191,382,34.081538461538464,0.7341757938668546,0.6533810059701493,1.294751986014829,33.58761527248087,21.203025778819438,40.288132007102135,Mid,Organic,0,6.04321980106532
16426.0,9,273,275,5.129704301075269,0.9865792990373474,5.067114116841781,10.051282039341704,5.567943356087112,27.258576318156138,51.84409342839909,High,Organic,0,7.776614014259863
16427.0,1,21,283,26.784444444444446,0.3176827881358517,0.3580102075713283,0.7066848888902122,27.28828147034504,9.439474099077565,17.869723460707423,Low,Email,2,3.5739446921414846
16428.0,2,84,497,4.855,0.208231136770607,0.2131768721957938,0.4245283510817973,6.734675580224543,1.3870148391240875,2.6478953525497637,Low,Paid Social,8,0.6619738381374409
16430.0,6,624,681,39.92642857142857,0.967229680421168,1.6602397146191945,3.32329081465422,39.68319352476729,63.64652659310586,122.0990499367202,Top,Paid Social,8,30.52476248418005
16431.0,2,84,296,7.744698795180722,0.52555961846141,0.8196239971491394,1.6221244950205824,9.412316728398448,7.453700075114735,14.14573799206499,Low,Email,2,2.829147598412998
16433.0,1,380,408,11.309411764705882,0.8941559641098741,0.7541440691738261,1.4956808811027196,13.929210555228185,10.14911116526601,19.29986270099569,Mid,Paid Search,12,7.719945080398276
16434.0,11,661,690,14.661711229946524,0.983355055027348,2.80725659601512,5.623138280062963,14.88609635019503,40.36981609222286,77.49577313780895,High,Paid Social,8,19.37394328445224
16435.0,2,2,513,8.028333333333334,0.0219210663023013,0.0218448978467787,0.0435183629547759,9.675137030523825,0.2041876626200408,0.3899396379300516,Low,Email,2,0.07798792758601032
16436.0,2,64,732,8.032682926829267,0.0510479978969707,0.0373003561152224,0.0745893468660918,9.67916743346477,0.348781259386423,0.6684665781653152,Low,Paid Search,12,0.2673866312661261
16437.0,1,48,429,14.345238095238097,0.2704663287510687,0.218873402183425,0.4343631133639728,16.549936473866047,3.4997159070676758,6.659183075171016,Low,Email,2,1.3318366150342031
16438.0,4,76,81,6.04810606060606,0.96747458037748,5.544234233219149,10.837187098441152,6.978296968356403,37.38853550913264,70.12017711412827,High,Paid Social,8,17.530044278532067
16440.0,5,486,493,12.56342019543974,0.9759251764761387,1.9148078844814185,3.819667489444584,13.113228848327427,24.2577381333317,46.3838168089034,Mid,Organic,0,6.95757252133551
16441.0,4,559,626,12.02825581395349,0.9538941064221588,1.2819377419659337,2.562580314045162,12.730665321906798,15.76602666202056,30.206672667190244,Mid,Paid Search,12,12.082669066876099
16442.0,4,725,726,3.59788,0.9722770450369104,1.146143065190182,2.2943827627456126,4.621398992317391,5.116926479464664,9.816911325230851,Low,Paid Search,12,3.9267645300923406
16444.0,16,578,624,9.72494680851064,0.9769945004641654,4.284572559373929,8.576667469348923,9.928291180855096,41.09407515384973,78.8368898718017,High,Email,2,15.767377974360341
16445.0,3,377,411,3.13921875,0.9513985086169926,1.4857895320609311,2.955117521911788,4.5098027033998935,6.473610075361392,12.34365443280648,Low,Paid Search,12,4.9374617731225925
16447.0,2,524,659,10.61835616438356,0.902693167021089,0.7239464652905354,1.4461308395086616,12.075093634546368,8.445097770993982,16.169330950907174,Low,Email,2,3.233866190181435
16448.0,1,272,470,7.074423076923077,0.7725790527531712,0.5793905228921723,1.1511327117708394,10.27328844018914,5.750661100544882,10.954078799898957,Low,Email,2,2.1908157599797913
16449.0,1,82,280,17.69225,0.594857753003956,0.6758294570906543,1.333850453345195,19.43929834565048,12.693891883426929,24.027428387279947,Mid,Paid Search,12,9.61097135491198
16450.0,2,506,655,35.016976744186046,0.8951298892063742,0.72173990699668,1.4416320661010322,34.6832459209081,24.182907247368103,46.29881171218295,Mid,Paid Social,8,11.574702928045738
16451.0,2,647,734,15.586923076923076,0.9258739239544932,0.6748850191165008,1.3496009072946915,16.679047248901924,10.874343510502142,20.842065351404905,Mid,Paid Social,8,5.210516337851226
16452.0,1,63,693,18.45388888888889,0.1532986447394755,0.0822224499628549,0.1641031511679682,20.096795369336853,1.5963537281570532,3.0539473850254217,Low,Paid Social,8,0.7634868462563554
16453.0,1,17,547,16.78066666666667,0.1046319639303242,0.0689793550697637,0.1373002972979901,18.652359368068662,1.2430238499914843,2.3719007150068983,Low,Organic,0,0.35578510725103474
16454.0,3,566,610,7.737500000000001,0.952590805033577,1.0635272021369644,2.124404026440461,8.877482975374944,9.121084734216732,17.463108617862552,Low,Organic,0,2.6194662926793826
16455.0,10,556,619,19.48608888888889,0.9672279734173534,2.7922671711361944,5.587174185431063,19.657340129409445,53.02503795725676,101.68677025333382,High,Email,2,20.337354050666764
16456.0,12,521,620,16.53713253012048,0.9307171922766146,3.15695180221092,6.317891105762009,16.71863075162702,50.9878987416524,97.79485003958638,High,Email,2,19.558970007917278
16458.0,29,559,561,14.922558746736293,0.9955955363470492,8.386053173791684,16.774921484568658,15.00700994161017,121.57734655576604,233.08291844022943,Top,Paid Social,8,58.27072961005736
16460.0,2,53,81,6.034962962962963,0.904970116294912,3.227084066428121,6.29414254617684,7.828048144943086,24.413334730401985,45.69047843283571,Mid,Organic,0,6.8535717649253565
16461.0,2,468,645,6.00453531598513,0.8771025736582675,0.7168384654658967,1.431612342136236,7.799853400312321,5.40152814386391,10.339794664810782,Low,Email,2,2.0679589329621564
16462.0,2,210,283,45.333333333333336,0.8954628522873971,1.445495675436356,2.8592031993832863,44.24254703159989,61.790410463766776,117.20468007599123,Top,Email,2,23.440936015198247
16463.0,3,182,203,17.346341463414635,0.9502407218356936,2.548499042820312,5.026368346804759,18.0044469461612,44.33507445260445,83.863183699245,High,Organic,0,12.579477554886749
16464.0,2,122,141,5.570677966101695,0.9308364065383068,2.439733812518356,4.785534772184689,7.397834236784616,17.440841252185862,32.81853594797608,Mid,Paid Search,12,13.127414379190434
16465.0,1,23,444,15.546666666666669,0.1706578205695113,0.1342204984144338,0.2664807804115515,17.587089016114053,2.2806244668795523,4.341301206231825,Low,Organic,0,0.6511951809347737
16466.0,14,608,641,10.9674,0.9832317569209807,3.725049009574498,7.457857581974966,11.185569139883048,40.25190494135616,77.23321419845041,High,Paid Search,12,30.893285679380167
16467.0,6,228,737,119.54833333333332,0.037655530052407,0.0602464553583207,0.1206814137878566,117.25725444245042,6.824406135894796,13.10079989809682,Low,Paid Search,12,5.240319959238729
16468.0,2,407,480,17.500444444444444,0.9194534422279712,0.9694356172307924,1.929802019820698,18.452146770599576,17.28193751196641,32.97978900780317,Mid,Paid Search,12,13.191915603121268
16469.0,4,490,513,4.043463414634147,0.9661662277269338,1.542620671915226,3.077400591100996,5.050010321285138,7.526039610799734,14.391501291556938,Low,Organic,0,2.1587251937335408
16470.0,10,676,728,5.090269151138716,0.9759507330617102,2.4407375866344365,4.890919433022798,5.485982490168548,12.935026590920398,24.840049585394457,Mid,Organic,0,3.7260074378091685
16471.0,3,377,652,19.19322580645161,0.7745230711752392,0.8156700041301406,1.6304042884698344,19.758711174714467,15.569605313931527,29.828414499110195,Mid,Email,2,5.965682899822039
16472.0,1,163,597,20.246153846153845,0.4651794333276334,0.2843535293317522,0.5665731614118283,21.64399692672871,5.945891957225361,11.356824810035064,Low,Email,2,2.271364962007013
16473.0,3,209,373,16.815357142857142,0.7896265022323002,1.3348902406821488,2.65200570885957,17.500091162872163,22.569609294353512,42.98892622151682,Mid,Paid Social,8,10.747231555379205
16474.0,6,137,144,5.198611111111111,0.9763958774152424,5.58451751525098,10.989416486469446,5.84856177034354,31.55975730105142,59.56912140033192,High,Organic,0,8.935368210049788
16475.0,3,185,273,19.439285714285717,0.8841444641467268,1.9096405487602133,3.779774319414065,19.992431329429014,36.88737186893248,70.01214434630461,High,Paid Social,8,17.503036086576152
16477.0,10,421,484,16.615461538461542,0.9573137885747196,3.417099976285316,6.821013169902747,16.831472094592684,55.5637730467993,106.3124159172282,Top,Paid Social,8,26.57810397930705
16478.0,2,40,65,19.47058823529412,0.9053838214443174,3.5735455585652063,6.9567657294029495,20.277713535895774,70.03205901542108,130.83153794885197,Top,Paid Search,12,52.332615179540795
16479.0,1,0,9,8.595142857142857,0.882389238261474,3.8827543618768594,7.474883672783622,11.586074255018204,43.48640722147688,80.37620332188938,High,Email,2,16.075240664377876
16484.0,1,17,190,16.172,0.4592098938959624,0.6906826196870866,1.3563828867832586,18.12691807615372,12.097982284976103,22.790783210461598,Mid,Email,2,4.55815664209232
16485.0,4,656,733,15.825379310344829,0.9539561723414104,1.1149604835377758,2.232158783139763,16.383157974442415,17.646294450778814,33.857571590844046,Mid,Paid Social,8,8.464392897711011
16487.0,1,81,658,5.982857142857143,0.2111556905827341,0.1185512684642171,0.236474191146971,9.330976587057798,1.0686814313333193,2.043357095289355,Low,Paid Search,12,0.817342838115742
16488.0,2,115,148,17.2,0.9148911388314388,2.3262150600310245,4.5653777687681245,18.173750140291126,40.85176822878163,76.91139879327947,High,Organic,0,11.536709818991921
16489.0,1,55,435,50.61666666666667,0.2905578560720195,0.2324421357470193,0.4613712888928915,47.86183070415957,10.748469293587178,20.45534708092447,Mid,Paid Search,12,8.182138832369787
16491.0,1,366,412,17.622528735632184,0.8851394696854165,0.7405825575277878,1.4689662047408385,19.37911034254527,13.866082291014685,26.371272242871605,Mid,Email,2,5.274254448574322
16493.0,6,543,622,19.20801801801802,0.9560038655545708,1.7774086364625652,3.554793302527399,19.49765228214165,33.47890961820551,64.17373287015569,High,Organic,0,9.626059930523352
16495.0,2,272,275,7.055773195876288,0.9465995361343617,1.5617709733562766,3.0881001210287704,8.773947243037414,13.239718397777263,25.104740168975432,Mid,Paid Social,8,6.276185042243858
16496.0,5,500,508,16.88963768115942,0.9757139666450064,1.866165129405504,3.7238062169507193,17.30660732775055,31.201520668043894,59.67902921850466,High,Paid Search,12,23.871611687401867
16497.0,22,686,735,19.86729970326409,0.9778834626500804,4.9939286854763125,10.01247417651221,19.94308393271932,96.21080423888944,184.8530974140044,Top,Email,2,36.97061948280088
16498.0,1,0,161,6.731333333333334,0.4109716103080703,0.6903447943469951,1.3529552520187482,9.977110699584715,6.655731538924148,12.51398715581322,Low,Organic,0,1.8770980733719829
16499.0,7,186,546,17.90513888888889,0.0440905920558358,0.1043469198502894,0.2084650149917657,18.18314073059796,1.832972623423972,3.509881173885549,Low,Paid Social,8,0.8774702934713873
16500.0,8,538,542,24.82088235294118,0.9849304257851595,2.627678510761663,5.250000165321837,24.93054267086118,63.28649054010604,121.193482177809,Top,Organic,0,18.17902232667135
16502.0,1,0,619,6.197674418604652,0.0538134505508361,0.0318744114448997,0.0635360265520574,9.516421056216208,0.2930451202152164,0.5599456550180125,Low,Paid Search,12,0.22397826200720503
16503.0,10,429,535,16.9687323943662,0.9092710908416948,2.979433983604436,5.953348399677827,17.17923469052305,49.44747956261479,94.70017282913344,High,Paid Social,8,23.67504320728336
16506.0,1,20,39,30.100000000000005,0.8647942396077852,2.8755546832640397,5.5636984804579255,30.150488142623587,83.80025842330093,155.6356490252408,Top,Email,2,31.127129805048163
16510.0,5,319,691,16.03053435114504,0.397595586782698,0.5817266718000267,1.1643356467086854,16.47388326161781,9.257904168261824,17.758813237081615,Low,Organic,0,2.663821985562242
16511.0,5,626,648,5.6844375,0.9730190113863788,1.5068281658554246,3.014114634896451,6.445469289174702,9.382511757196792,17.987492647470734,Low,Paid Search,12,7.194997058988294
16513.0,3,38,42,24.98828571428572,0.9584885074450034,5.832888072428696,11.335628393824772,25.263152390518865,142.41805493287393,265.6227144362441,Top,Organic,0,39.843407165436616
16515.0,9,488,540,13.40125,0.9691275804402308,2.872003117045121,5.73863781876912,13.696435374897566,38.00135431220456,72.77835982607158,High,Paid Social,8,18.194589956517895
16518.0,3,495,555,14.108382352941176,0.9455695540572526,1.1459495024503417,2.2867917742798847,14.92886949463476,16.52744394437404,31.61366953728406,Mid,Paid Social,8,7.903417384321015
16519.0,3,623,647,13.244285714285716,0.9585604017082782,1.0163474667703185,2.0313727366122705,14.108106771229048,13.852107342242096,26.53607601108652,Mid,Paid Search,12,10.614430404434609
16520.0,5,460,646,5.982216867469879,0.8694782937683314,1.350153788014724,2.700638362138767,6.734105169198357,8.783429736776101,16.8385020782025,Low,Organic,0,2.5257753117303747
16521.0,2,232,647,4.803389121338912,0.5158051707569464,0.4204118629041182,0.8396400194609386,6.686852114115615,2.715847697812115,5.198930461749629,Low,Paid Search,12,2.0795721846998516
16522.0,1,14,449,24.07555555555556,0.1390538286775655,0.1083488320901265,0.2151453536335573,24.94978955780646,2.6117480787429512,4.972275143086122,Low,Paid Search,12,1.988910057234449
16523.0,27,682,683,32.11948787061995,0.9955372993272738,6.59093666555165,13.207122911940347,32.10986342524704,204.44549243729148,392.6039906744735,Top,Paid Search,12,157.0415962697894
16524.0,1,245,690,5.706296296296296,0.5609184071295896,0.302007776881639,0.6027316273088834,9.092230987096096,2.652777015788337,5.074737187836847,Low,Organic,0,0.7612105781755271
16525.0,47,735,736,67.53472527472528,0.9973683350042172,10.53969325751234,21.13615567349187,67.41023305102055,686.3440326440311,1318.981103112759,Top,Email,2,263.7962206225518
16526.0,1,412,583,20.491714285714288,0.8280861668615774,0.5167188235051422,1.02927665290784,21.85598092662877,10.910559336031206,20.83403353523144,Mid,Email,2,4.166806707046288
16527.0,1,343,423,16.525194805194808,0.8659347850690824,0.7089588100094535,1.4067079092987536,18.43181917375373,12.6250675844646,24.018650271776643,Mid,Paid Search,12,9.607460108710658
16529.0,3,340,529,15.5968992248062,0.8411452002367774,1.0623416352241406,2.1188635667352336,16.342738160399144,16.77278127138698,32.067351516177446,Mid,Email,2,6.413470303235489
16531.0,10,419,441,16.654565217391305,0.9814463191397562,3.7886910215880634,7.55549123048553,16.869966062231814,61.74766803492127,118.036421189864,Top,Paid Social,8,29.509105297466
16532.0,4,603,620,1459.4399999999998,0.9686981184586172,1.312865333769148,2.6241542102486384,1405.0111023046825,1781.9875185081914,3413.862381597586,Top,Organic,0,512.079357239638
16533.0,2,48,67,6.189604519774011,0.9192514929319384,3.580409529498778,6.971845310433717,7.971341486251013,27.58294824052061,51.54168857853704,High,Organic,0,7.7312532867805555
16535.0,2,674,679,13.178815789473685,0.9469224693742772,0.7396444257823019,1.477943492741691,14.447656498819033,10.32348904526594,19.7715537866134,Mid,Paid Search,12,7.90862151464536
16538.0,2,54,594,9.293488372093025,0.0728567278409462,0.0639905952857713,0.1276852868542912,10.847449936025324,0.6705904447899985,1.2826032215537666,Low,Email,2,0.25652064431075333
16539.0,9,529,531,24.55269736842105,0.9869039156076496,2.9672754575004063,5.928017361431467,24.655022104845607,70.67580401694777,135.3334933548949,Top,Paid Search,12,54.13339734195796
16542.0,1,347,400,18.38,0.8805513023835595,0.7548131953590685,1.4966313763800418,20.03300959731724,14.60946640824509,27.775161683452897,Mid,Paid Social,8,6.943790420863224
16544.0,3,142,661,34.24545454545455,0.1214378941946225,0.1263535754966844,0.2525966521541204,34.0560798953857,4.157056988225777,7.965164935470256,Low,Paid Search,12,3.1860659741881023
16545.0,1,210,375,86.2275,0.7706170186291893,0.6961557438562403,1.3791881146084597,78.60345546785241,52.8690656420648,100.43449506439956,High,Paid Search,12,40.17379802575982
16546.0,4,151,441,59.643297872340426,0.3072670891437797,0.5574214538739158,1.1101896839413652,58.53207036804618,31.52112148811384,60.18181746297437,High,Paid Social,8,15.045454365743593
16549.0,33,610,620,4.056058461538462,0.9942256670406464,8.687681141056801,17.39495513041691,4.182229269736606,35.10004290683728,67.35358539380051,High,Email,2,13.470717078760103
16550.0,17,628,737,11.605325953259532,0.912918092744401,3.653897974180047,7.325136061111818,11.779461280248803,41.57875591517963,79.87974129761434,High,Paid Search,12,31.95189651904574
16551.0,6,630,725,25.421818181818185,0.9540660778251844,1.5489823790031816,3.1023558360470798,25.551635967640863,38.23486634900857,73.38918150390661,High,Email,2,14.677836300781323
16552.0,1,130,373,21.59181818181818,0.61279326540751,0.5559778158634746,1.101399148806839,22.805663312843716,12.250510015874497,23.270571457149817,Mid,Paid Social,8,5.817642864287454
16553.0,32,502,665,56.80549488054607,0.0658585673616905,0.5252661158418943,1.0523583052851626,56.67577958223788,28.758731511998537,55.21715334166618,High,Paid Search,12,22.086861336666473
16554.0,7,682,724,17.0162874251497,0.974922065763009,1.801142311113423,3.607937359998692,17.31395659267743,30.12575838322013,57.8326201873595,High,Email,2,11.5665240374719
16555.0,5,470,504,29.025454545454547,0.9676573787755496,1.8632730869467145,3.7177278529835216,29.069786926773794,52.3278098023012,100.0793389282434,High,Paid Search,12,40.03173557129736
16556.0,16,666,732,16.623609958506226,0.9692328377723975,3.689995026652987,7.396847354829506,16.759330716890588,59.74100688202486,114.76283805023289,Top,Paid Social,8,28.69070951255822
16557.0,1,113,136,25.622727272727275,0.8814322830686152,1.6467390870389411,3.2209012971619915,26.285410432754382,41.82916273266158,78.49695733535737,High,Email,2,15.699391467071473
16558.0,37,735,735,17.78655128205128,0.9968541998520882,8.364572567887775,16.773127076718794,17.840612536310005,144.15904393816146,277.0207491430924,Top,Paid Search,12,110.80829965723697
16560.0,7,704,731,15.395858585858589,0.9786683974396524,1.7926025346016734,3.591137347715683,15.729382452679074,27.238857179294374,52.2948482309663,High,Paid Search,12,20.91793929238652
16561.0,1,54,59,16.48774193548387,0.8989359251815237,2.572908460046619,4.992013363720185,18.399487381453344,45.75459111220299,85.20356277985607,High,Paid Social,8,21.300890694964018
16563.0,5,684,737,49.14177777777778,0.9662334104329,1.334874839250026,2.673353683398555,48.56842683703962,62.63099181466736,120.20818746714718,Top,Organic,0,18.031228120072075
16565.0,3,191,555,70.27727272727273,0.3937405638024936,0.4771799189683564,0.9522331579315516,68.28092454492062,31.47710936531958,60.2093667244231,High,Email,2,12.041873344884621
16566.0,4,277,292,34.147777777777776,0.9658640202691215,2.4409169800260258,4.838479594412031,34.00766395712366,80.2013049753643,152.43608473861778,Top,Email,2,30.487216947723557
16567.0,1,142,336,24.731428571428573,0.688070185106348,0.6786300465193617,1.342562258024806,25.51598249010515,16.730448190651295,31.739683815241182,Mid,Email,2,6.347936763048237
16568.0,1,213,640,204.18,0.5394024344167712,0.3103067708722695,0.618776151461438,180.42784865174715,54.08931120723939,103.39011703240078,Top,Paid Search,12,41.356046812960315
16569.0,4,720,722,41.578,0.9720952192529714,1.1515861572670842,2.305160628425303,41.154872126456425,45.78411621647372,87.8333374095642,High,Paid Social,8,21.95833435239105
16570.0,19,604,619,30.847759336099585,0.9905535255657686,5.132405019801109,10.274012504381194,30.844629970628898,152.9317285851528,293.3969166430547,Top,Email,2,58.67938332861094
16571.0,9,605,631,16.661725490196076,0.9814701442027792,2.5400036064022373,5.082847184990775,16.90052200685937,41.4699264193341,79.53390594074266,High,Paid Search,12,31.813562376297064
16572.0,2,148,275,17.712280701754388,0.8039590743423869,1.3264320318619924,2.62276286857012,18.648437636690616,23.89977629892423,45.318008741172335,Mid,Paid Search,12,18.127203496468933
16573.0,1,205,289,15.800238095238097,0.8407505633068413,0.9324158243102432,1.841021625791452,17.805988631154506,16.04169249708999,30.376203102682037,Mid,Paid Search,12,12.150481241072816
16574.0,2,587,658,15.136976744186049,0.9285515147679332,0.7456812422250084,1.4895240529760525,16.262119776386136,11.714889044508208,22.42947251470943,Mid,Paid Social,8,5.607368128677358
16576.0,1,101,521,16.39,0.3640765844344777,0.250235761815284,0.4977931439057483,18.31511008322512,4.427807272439028,8.444335167184889,Low,Organic,0,1.2666502750777333
16583.0,1,299,673,16.60625,0.6591361500504694,0.3627932394046181,0.7238450548733073,18.50179137464342,6.484650670386323,12.401836220724675,Low,Paid Search,12,4.96073448828987
16584.0,4,581,661,38.11650602409639,0.9503486996589836,1.2174957239558315,2.4350550041476104,37.82522500652477,44.488771892905454,85.28057086777575,High,Paid Social,8,21.320142716943938
16585.0,1,101,694,18.977222222222224,0.2402124057223755,0.1286748013688225,0.2568188344606239,20.548571288453203,2.5543885658452616,4.886814924936563,Low,Paid Search,12,1.9547259699746253
16586.0,2,386,635,52.24214285714286,0.812727973457181,0.6734001232728102,1.3446406425941724,50.6443604997372,32.94686160170165,63.05823686765872,High,Organic,0,9.458735530148807
16588.0,3,188,573,19.172957746478872,0.3538477350116797,0.4171594588273709,0.8327395531514696,19.739459545490146,7.955158567648204,15.22147290030986,Low,Paid Search,12,6.088589160123945
16589.0,3,378,449,13.917272727272728,0.9345458462939662,1.3561474026900229,2.699984580619748,14.747343899214378,19.3217617092704,36.87731868057091,Mid,Paid Social,8,9.219329670142727
16590.0,1,13,414,20.893103448275863,0.1560341052091808,0.1300325640549823,0.2579390381291613,22.20248657855157,2.7893296342599028,5.305208812416457,Low,Email,2,1.0610417624832915
16592.0,27,716,720,18.24278037383177,0.9950445176781754,6.2855635819832685,12.600868533857817,18.31408675051002,111.20368467373896,213.63945249888252,Top,Email,2,42.72789049977651
16593.0,7,684,734,13.732564102564105,0.9728509447415143,1.7754403219374637,3.5568848662170067,14.102891142771652,24.18840623828119,46.43999762213249,High,Paid Social,8,11.609999405533122
16595.0,4,630,691,3.818945147679325,0.957808686277717,1.1798048584763663,2.360673840017664,4.834043861097086,5.509599417790644,10.565614831452038,Low,Paid Search,12,4.226245932580816
16596.0,3,713,728,19.321,0.9610523185742816,0.9179054495418484,1.8367317321753265,19.88007757100195,17.628483330996296,33.8073159394722,Mid,Paid Social,8,8.45182898486805
16600.0,12,717,720,15.058811188811188,0.9899485183234348,2.941819763434684,5.89523428546482,15.259567991449208,43.366058096905526,83.28175103856343,High,Paid Search,12,33.312700415425375
16601.0,2,582,622,9.50347222222222,0.9374380065128892,0.7909322205130922,1.5789833713374108,11.04202433197816,8.43721071126388,16.14494959688194,Low,Paid Search,12,6.4579798387527765
16602.0,1,352,388,19.08325,0.8893957522727418,0.7815662179675597,1.549075019017239,20.640101473339996,15.585781530284692,29.62035694772232,Mid,Paid Social,8,7.40508923693058
16603.0,1,16,90,14.19029411764706,0.7124281131458192,1.678553458772393,3.2687461468143217,16.41617859255191,26.630608306775542,49.76582449253311,High,Paid Search,12,19.906329797013246
16604.0,1,5,567,36.0375,0.0731788944482888,0.0467750077485415,0.0931430332517163,35.27613053705672,1.5941127117430036,3.04306394470773,Low,Paid Search,12,1.217225577883092
16606.0,1,30,433,16.257272727272728,0.2020817086976306,0.162281373494294,0.3220915029792818,18.200531129795493,2.853615986699436,5.430400632178643,Low,Email,2,1.0860801264357287
16607.0,24,571,588,19.15057046979866,0.9907311194853422,6.690110894763629,13.387338802207411,19.22477989564769,124.24922370660175,238.2876177129428,Top,Organic,0,35.743142656941416
16608.0,1,209,663,10.56327868852459,0.5129242070980226,0.2860647772794221,0.5706615349534923,13.285099173811153,3.67150137486632,7.020604787389545,Low,Email,2,1.4041209574779092
16609.0,6,237,252,19.903840579710145,0.973819325658862,3.787882774286891,7.501554111379712,20.175578563232445,73.83800947942251,140.21808886249102,Top,Paid Search,12,56.08723554499641
16611.0,5,452,638,16.228454545454547,0.8666623839294864,1.3606151939114706,2.7212382774450967,16.665726202061816,21.90590385986358,41.99051551720525,Mid,Paid Search,12,16.7962062068821
16612.0,8,703,735,19.4337125748503,0.9794692632872058,1.9997927467397425,4.006906916816356,19.64796229649569,37.95725818529488,72.88483356074963,High,Organic,0,10.932725034112444
16614.0,2,395,577,24.07734693877551,0.8600330345509133,0.7746574727197083,1.5452472814453109,24.54640987363246,18.370160181722728,35.12516107482823,Mid,Paid Search,12,14.050064429931291
16616.0,1,142,156,15.164242424242424,0.8936098130540183,1.5319620934689735,3.001238577100142,17.256955136597647,25.54699933087022,48.01559419587274,High,Paid Search,12,19.206237678349098
16618.0,4,291,322,27.579062500000003,0.9582179568802311,2.2438883251269317,4.4530345864738194,27.68914829349483,60.02823566150061,114.21859507194324,Top,Paid Social,8,28.55464876798581
16619.0,3,391,655,16.709741379310344,0.7937846351345486,0.832581603600949,1.6642842395303272,17.39977196494295,13.995055558758406,26.81304003437127,Mid,Email,2,5.362608006874254
16620.0,5,734,737,18.712021276595745,0.977181577078414,1.3499999964151723,2.703644833872365,19.073033582459555,24.874149838417,47.741164241983206,High,Email,2,9.548232848396642
16621.0,3,226,277,28.05103448275862,0.9317001387113142,1.9902357027036408,3.939987233438953,28.172306190990504,54.17342614801456,102.83818595475508,High,Paid Search,12,41.135274381902036
16623.0,3,346,591,19.906666666666663,0.7869001154949687,0.9031123706649452,1.8033863984546232,20.4363734143572,17.830166122243796,34.126840475211075,Mid,Paid Search,12,13.65073619008443
16624.0,1,116,196,16.886875,0.8120017766925914,1.195454662294324,2.3485872956802067,18.74404542044347,21.652306308799616,40.80492328506684,Mid,Organic,0,6.120738492760026
16625.0,4,269,543,16.707373737373736,0.6112009046766823,0.929453601742374,1.8552896876433351,17.231557603098697,15.472629255834924,29.603963094958143,Mid,Paid Search,12,11.841585237983258
16626.0,16,265,266,24.65418994413408,0.9924188204146128,8.77566776041557,17.411639805581586,24.71119156099548,209.51747089923455,398.5751506437091,Top,Email,2,79.71503012874183
16628.0,6,612,641,18.5448,0.9748133336835868,1.765115031502441,3.5312189958654563,18.85149196877961,32.14540861842108,61.63440048589501,High,Email,2,12.326880097179002
16629.0,1,22,95,6.52703125,0.7279230946699646,1.6676261155487386,3.249193876351243,9.800743639440824,15.79527779832756,29.53237521076337,Mid,Email,2,5.906475042152675
16631.0,6,170,651,23.6565,0.0185586880676712,0.0331496288227749,0.0663275258797592,23.831721070038743,0.7631915119764533,1.463517797744198,Low,Paid Search,12,0.5854071190976792
16632.0,1,95,580,15.05185185185185,0.2978334638629471,0.1866776660585694,0.3718297142688096,17.159932166900006,3.0947864608846927,5.909248106017113,Low,Paid Search,12,2.3636992424068453
16633.0,5,216,233,18.967763157894737,0.9684265376554536,3.445294425625475,6.8144867078562426,19.320922761601917,64.31606046795717,121.98929796299964,Top,Paid Social,8,30.49732449074991
16634.0,5,465,687,19.94076923076923,0.8327998691738631,1.2247689903575854,2.4512630330406675,20.264052121096228,23.97609626796497,45.98936891113258,Mid,Organic,0,6.898405336669887
16636.0,3,207,645,52.0827397260274,0.3191655471801686,0.3393293184145139,0.6781961673044902,50.99883618911631,16.71809212747183,32.02541655140094,Mid,Organic,0,4.80381248271014
16637.0,3,193,225,16.73144927536232,0.9427816585519648,2.3498639370567505,4.6403023336460505,17.42039122335223,39.552669159205735,74.90460338035584,High,Paid Search,12,29.961841352142336
16638.0,14,455,477,17.360928571428573,0.9848058903771318,4.816357011567937,9.61544014568632,17.507572646957694,81.46214459362375,155.8850163845699,Top,Paid Search,12,62.35400655382796
16639.0,3,377,408,21.58,0.9526198984790482,1.4967010485365542,2.9765689539346183,22.02579010965792,31.84921551924834,60.7241123907517,High,Organic,0,9.108616858612754
16641.0,1,596,701,15.40277777777778,0.8736959266457104,0.4638738952348244,0.925935878109084,17.4628746179706,7.825766982053182,14.97307678211748,Low,Email,2,2.9946153564234965
16642.0,2,410,414,19.95277777777778,0.9466631514534736,1.1292484555690667,2.2440485650580286,20.7245180825588,22.61050767773122,43.07761589645737,Mid,Organic,0,6.461642384468605
16643.0,1,176,422,16.783818181818184,0.6651133007107637,0.5456069659368274,1.0825547494383496,18.65507996422316,9.833807504346792,18.707866300289524,Low,Paid Search,12,7.48314652011581
16644.0,1,34,211,13.448064516129032,0.5118181855002507,0.7156620385467926,1.4073040860299824,15.775436948435022,10.909143830259191,20.577228182277576,Mid,Paid Social,8,5.144307045569394
16647.0,3,374,543,16.421212121212122,0.87074259683454,1.0753282618832272,2.145365700482443,17.125712271773203,17.791159230502686,34.02339556417482,Mid,Email,2,6.804679112834965
16648.0,2,547,589,18.18378378378378,0.9362116061895892,0.8283462340332933,1.652711432371377,19.08533993807866,15.273052604317922,29.209439550160067,Mid,Email,2,5.841887910032014
16650.0,6,447,518,19.55214285714285,0.9537511456464808,2.077828959762461,4.148085965359887,19.8329263667467,39.811440413699806,76.18065027093662,High,Paid Social,8,19.045162567734156
16652.0,15,573,632,63.8196,0.9689962438862292,3.9596391761591914,7.926848003261862,63.471119146586,242.78875598505,465.8123111397854,Top,Paid Search,12,186.32492445591416
16653.0,1,55,70,17.574782608695653,0.8830571627680729,2.3482045323038765,4.562343389164841,19.337892730352284,43.88719799835394,81.83447954648328,High,Paid Social,8,20.45861988662082
16654.0,7,471,611,20.62012048192771,0.901422206901612,1.9347708994728927,3.869549624218775,20.83804881331444,38.94827879404247,74.65825610466437,High,Paid Search,12,29.863302441865752
16655.0,12,659,676,10.735032786885244,0.9870771646347842,3.102408026634336,6.213605843837174,10.99211688104047,32.94387623278625,63.23342859429173,High,Paid Social,8,15.808357148572933
16656.0,29,713,734,119.38418439716314,0.9911660389233832,6.588817176391595,13.21124150643459,118.9011892777432,756.8022667140266,1454.1877727204817,Top,Organic,0,218.12816590807225
16657.0,3,244,254,4.488557692307692,0.9590820697677586,2.1869758659501235,4.3249470697252494,5.791473127218573,12.237675447790364,23.20785855532334,Mid,Paid Social,8,5.801964638830835
16658.0,5,250,618,11.306527777777776,0.2698795371185851,0.4357039522190047,0.8711417063803298,11.894930038207164,5.006758184067854,9.5944372622357,Low,Organic,0,1.439165589335355
16660.0,6,678,694,78.31458333333333,0.9782152321261952,1.6511714877163388,3.305713709824268,77.08402015560972,122.9569103579656,235.9185891470122,Top,Paid Search,12,94.36743565880488
16661.0,3,181,721,15.178923076923075,0.1669087706616024,0.1607936549761265,0.321718949937536,15.945723259393413,2.476923137757976,4.749744778963136,Low,Email,2,0.9499489557926273
16666.0,1,601,620,4.5188,0.9009894678291416,0.5329164014217904,1.062294574879861,8.067105705491274,4.153320110317996,7.936232626404201,Low,Organic,0,1.1904348939606302
16667.0,1,216,283,10.757169811320754,0.857149563978538,0.9659581972329044,1.9067279279966365,13.452478804785173,12.555582107661769,23.768779679584814,Mid,Paid Search,12,9.507511871833925
16668.0,12,615,630,16.272075471698113,0.9873115948546982,3.3022113448345496,6.609567286179586,16.45702667918372,52.49935134852984,100.70789484202572,High,Paid Search,12,40.28315793681029
16669.0,2,54,77,8.592937500000001,0.9140943315301576,3.3401673086127346,6.511750279809633,10.198308286856289,32.920264605286,61.5848150875372,High,Paid Social,8,15.3962037718843
16670.0,19,712,728,16.55701030927835,0.9908734068506014,4.447315606113976,8.91528217659798,16.67202925317474,71.62692653743406,137.60064767513697,Top,Paid Search,12,55.04025907005479
16671.0,2,136,164,282.045,0.9235679726825958,2.1980961867263824,4.319062571409184,263.58336551986457,559.8513642574794,1055.2252734954443,Top,Email,2,211.04505469908887
16672.0,19,264,266,71.35912280701754,0.9931505744158586,10.30391757053264,20.446502379112427,71.02106704298922,707.0256601760132,1345.177294227646,Top,Organic,0,201.77659413414688
16674.0,1,43,97,3.261326530612245,0.8030996370177186,1.8197274502820573,3.546286732099565,6.981571503458634,12.277993997813718,22.96070318241287,Mid,Paid Social,8,5.740175795603218
16675.0,1,36,477,26.47217391304348,0.1916298813483531,0.1419361427507899,0.2820500172383121,27.018708910466135,3.705044739400277,7.05873348188711,Low,Paid Search,12,2.8234933927548442
16676.0,5,384,417,17.758646616541355,0.9658602500920151,2.180677384034515,4.342169050766809,18.148932841917528,38.23560327504401,72.98575606874888,High,Paid Social,8,18.24643901718722
16677.0,1,240,651,18.73659574468085,0.5818302514371348,0.3297475337426792,0.6576686144084409,20.340846610641133,6.47986831648593,12.388331520757356,Low,Email,2,2.4776663041514713
16678.0,11,280,282,19.07969325153374,0.988852816900974,5.948320405003615,11.805475818332733,19.24136590062929,110.57954995988436,210.42058972521264,Top,Paid Search,12,84.16823589008506
16679.0,2,180,546,37.76476190476191,0.4875179990460449,0.4605653695106531,0.918155851801011,37.22938762417839,16.565162698973204,31.65564078509226,Mid,Paid Social,8,7.913910196273065
16680.0,2,491,534,28.32586206896552,0.9346328693857612,0.8999752239750606,1.7936944713865246,28.483151983297468,24.7650085916666,47.31425711367296,High,Email,2,9.462851422734593
16681.0,6,568,640,39.22122448979592,0.9601556435093778,1.7409635520559226,3.4828509714060094,38.99612701271188,65.58604486966905,125.7504560012819,Top,Email,2,25.150091200256384
16682.0,4,183,187,34.266666666666666,0.9701890536114296,3.393882939601559,6.692246293856879,34.12202441802189,111.89650770144904,211.6165758622216,Top,Paid Search,12,84.64663034488865
16684.0,54,728,731,204.93422005571028,0.9973476588486916,12.139908596510544,24.34445953123746,204.42398057507563,2397.3722409433813,4607.014347147296,Top,Email,2,921.4028694294592
16685.0,1,0,60,5.229677419354839,0.7169363307596724,2.0378394616975037,3.954373854020054,8.680782073978076,17.097488429876798,31.84266371043948,Mid,Paid Search,12,12.737065484175794
16686.0,15,685,732,4.584918625678119,0.9798373892935028,3.515055983211288,7.045925147111262,4.855386252524887,16.487176572073214,31.670922732725547,Mid,Paid Search,12,12.66836909309022
16688.0,3,59,60,20.33645161290323,0.9628758069503248,5.126786990601653,9.987869776937108,20.844604909738067,103.27908344934816,193.0780039440847,Top,Organic,0,28.961700591612704
16689.0,1,6,81,32.50769230769231,0.6838126588490399,1.6981581166678217,3.3036299845198456,32.22896726094918,52.89401172397489,98.75120182130892,High,Email,2,19.750240364261785
16690.0,3,379,450,18.580526315789477,0.9346242751202752,1.353739538808045,2.6952582084002072,19.176738186869457,25.080473406311924,47.86947704177564,High,Paid Search,12,19.147790816710256
16691.0,1,143,560,16.257272727272728,0.447505986428646,0.2891205658687518,0.5756413869728664,18.200531129795493,5.083795451768663,9.703307539287614,Low,Paid Search,12,3.881323015715046
16692.0,3,185,441,382.94,0.5824209183731546,0.8579540360131105,1.7077736153495089,365.2638082454351,302.7595282206965,577.7323383638429,Top,Paid Search,12,231.09293534553717
16693.0,4,587,656,6.893448275862069,0.9541966234219076,1.2306396617203943,2.4611627594115344,7.791440452637364,9.262975115822,17.754968223512527,Low,Paid Search,12,7.101987289405011
16695.0,1,0,561,5.365277777777778,0.0651569028130516,0.0420313085273631,0.0836864352030964,8.797841264855204,0.3572513988265725,0.681890035373858,Low,Paid Search,12,0.2727560141495432
16696.0,3,112,247,65.78999999999999,0.7214760857537983,1.6796754443109634,3.3205955871403745,64.01868578649739,103.89631513819076,196.96860031159315,Top,Paid Search,12,78.78744012463727
16698.0,1,26,252,399.6,0.3922039634118955,0.482258508495988,0.9505041418709562,349.12730746776816,162.68581951043774,307.53471109013987,Top,Paid Social,8,76.88367777253497
16699.0,6,355,734,16.04193548387097,0.3404581488811625,0.5466999705087592,1.095070661330552,16.413000136368744,8.668238487119336,16.639827351434057,Low,Email,2,3.3279654702868116
16700.0,24,729,737,17.330264650283556,0.993803198028076,5.4970182652763855,11.021748237491074,17.41640867715786,92.4857241375912,177.70537620611464,Top,Email,2,35.54107524122293
16701.0,25,729,737,36.06083636363636,0.9939895452495692,5.715144238730808,11.459267602705312,36.02563299577372,198.89673675190429,382.1726053234933,Top,Email,2,76.43452106469867
16702.0,3,316,731,12.206923076923076,0.5405025401251768,0.5143468930306149,1.029250044400866,13.122767232440983,6.520490580462647,12.505243098263142,Low,Paid Search,12,5.002097239305257
16704.0,1,53,671,11.994137931034482,0.1401393567861787,0.0773363299729525,0.1542963529025545,14.520311433832235,1.084858974615455,2.07471807266898,Low,Organic,0,0.311207710900347
16705.0,41,729,729,62.97402460202605,0.997159211429724,9.308367286977443,18.6648618411448,62.84893523060899,565.1451865779891,1085.9564427658563,Top,Organic,0,162.89346641487845
16706.0,2,76,113,4.319918699186992,0.898601798541112,2.687059340796984,5.257974204851622,6.238860683853753,16.200211261415404,30.413911328980237,Mid,Organic,0,4.562086699347035
16707.0,3,239,639,8.350151515151515,0.4356865861747168,0.4670324198102765,0.9333407570893886,9.459410393651696,4.267923756065684,8.174967733843756,Low,Organic,0,1.2262451600765634
16709.0,13,645,729,29.697581699346408,0.9585893699970908,3.028636904692879,6.070174589180718,29.70687042002204,86.91504596070942,166.9399455381769,Top,Organic,0,25.040991830726533
16710.0,21,716,734,6.439239350912779,0.990930744786334,4.849505476784997,9.722622132130784,6.619127587447661,31.008984824351515,59.57691287419094,High,Paid Social,8,14.894228218547735
16711.0,8,734,736,86.92363636363636,0.9854772923985896,2.0096161018027043,4.026637467232822,85.82760050355598,166.62199955329396,319.94812703972525,Top,Paid Search,12,127.97925081589011
16712.0,12,391,400,8.050924528301886,0.9877062547443016,4.864642445169097,9.692860750854768,8.342975388625703,39.209725042899024,74.89197723562832,High,Email,2,14.978395447125664
16713.0,31,705,724,10.89872005988024,0.9918880278598824,7.115157964724663,14.265260892784523,10.998205374876443,75.59544217198308,145.2428602565028,Top,Email,2,29.048572051300564
16714.0,3,451,670,13.18793103448276,0.856056785569599,0.8801401460197982,1.7597460498593884,14.054578243975774,11.950132962138486,22.90006381069604,Mid,Email,2,4.580012762139208
16715.0,1,484,562,22.34,0.8774654307102043,0.5651657896251807,1.12529693046134,23.451543303751805,12.804778877451788,24.44112246628656,Mid,Paid Social,8,6.11028061657164
16716.0,2,363,630,268.71000000000004,0.7894107192681672,0.6586285356992515,1.315035446659714,251.22694111658487,159.85159109352924,305.92180473077434,Top,Paid Search,12,122.36872189230974
16717.0,13,708,731,19.088060109289614,0.986685127886312,3.109784111727242,6.232960780173828,19.225058728949872,57.75487525406905,110.93372844935853,Top,Paid Social,8,27.73343211233963
16718.0,4,363,732,16.35663677130045,0.5780116745716969,0.6763894448266314,1.3541193807454024,16.894180061184986,11.039017761194692,21.1800762628688,Mid,Organic,0,3.1770114394303195
16719.0,13,711,726,8.948873873873874,0.9884461105823754,3.134490186475086,6.28211000381625,9.207920828976958,27.881717381157536,53.5513305441187,High,Paid Social,8,13.387832636029675
16720.0,2,695,721,5.034683544303798,0.9423007203545256,0.6978789159849935,1.3953349167011255,6.901173227896328,4.652709614119361,8.916006927835728,Low,Paid Social,8,2.229001731958932
16722.0,21,718,735,21.45365155131265,0.9911853364044828,4.844849818467645,9.713399051338712,21.52114213329575,100.72445353864389,193.52187765352977,Top,Paid Search,12,77.40875106141192
16723.0,3,643,734,10.012538461538462,0.9411038885249696,0.8922966102815674,1.7856276780903433,11.038429656582409,9.515137392720636,18.249163359180447,Low,Paid Social,8,4.562290839795112
16725.0,13,424,725,4.801301020408163,0.1167269161807705,0.3706118902658639,0.7427673986592435,5.110273516983719,1.8295933927518115,3.513989470444057,Low,Organic,0,0.5270984205666085
16726.0,6,384,410,7.734851851851851,0.9722389810682764,2.5782818286703435,5.134404217323167,8.319571404092791,20.72317291143252,39.56111275478266,Mid,Email,2,7.912222550956533
16727.0,3,324,688,6.748450704225353,0.6193671225578772,0.622030566747378,1.2440071553520688,7.9380338937934845,4.770088238774834,9.143186989745688,Low,Email,2,1.8286373979491377
16728.0,3,218,263,3.920706319702602,0.935356517600452,2.077996554658451,4.111154831572367,5.252099151879156,10.544864588741516,20.00556016082086,Mid,Paid Social,8,5.001390040205215
16729.0,20,203,240,10.969575757575758,0.924178399563366,10.863944384550202,21.533723164120165,11.122791328721464,116.74913261581652,221.8892589731829,Top,Email,2,44.377851794636584
16730.0,2,267,318,9.062317073170732,0.9200111519368064,1.356965511047099,2.687957824348819,10.633242910952864,13.940868806577454,26.47947159485988,Mid,Paid Search,12,10.591788637943953
16732.0,3,699,730,19.853574660633484,0.9576093994492536,0.9123825641022536,1.8257280911113387,20.385943939789783,17.968283664326325,34.459827412936846,Mid,Email,2,6.89196548258737
16734.0,2,61,113,12.27377358490566,0.8627109113553633,2.5797360037877213,5.047966435761593,13.609029908453648,33.926617797235345,63.69306725245552,High,Paid Social,8,15.92326681311388
16735.0,13,653,731,20.694917491749177,0.9631850102530428,3.0357176336034506,6.084508850173202,20.81257390146578,61.03485271451342,117.2338048899412,Top,Paid Social,8,29.3084512224853
16736.0,4,230,735,20.675244755244755,0.1645179334753667,0.1918173627711152,0.3840293758838748,21.048294075524797,3.900327882752548,7.483655086264238,Low,Email,2,1.4967310172528476
16737.0,1,524,577,417.6,0.8884855389144186,0.5593943648466996,1.11414965614191,364.6660970424707,197.07728324967567,376.2817250907103,Top,Organic,0,56.442258763606546
16739.0,1,359,536,20.69552631578948,0.8140760292585104,0.5461173437672988,1.086759077285575,22.031924940413848,11.62428672027095,22.17601597114439,Mid,Paid Search,12,8.870406388457758
16742.0,13,676,722,26.17073394495413,0.9795578161039084,3.121660226782163,6.256099404250018,26.222476358439977,79.07707592544779,151.87342843795005,Top,Organic,0,22.78101426569251
16743.0,13,566,595,11.342026666666667,0.9834900420966572,3.71780870024077,7.4378923273774,11.572266545142586,41.56287774663576,79.6930310030788,High,Paid Search,12,31.87721240123152
16744.0,6,161,172,5.391570247933884,0.9740971915551606,4.964984599395867,9.789565895326447,6.036558074617777,28.959621120290688,54.76429641421142,High,Paid Social,8,13.691074103552856
16745.0,16,225,311,20.152100840336136,0.6419604358075305,5.032858477539861,10.003031005626257,20.253233838734747,98.47935687028136,187.6531409708354,Top,Paid Search,12,75.06125638833417
16746.0,41,730,734,18.267340748230534,0.9965002627040204,9.245546748630233,18.53994524622981,18.314297790751425,163.5728369364823,314.33074895864365,Top,Paid Search,12,125.73229958345746
16747.0,1,30,67,19.90619047619048,0.8292072756168914,2.248469171634328,4.366960572650888,21.350518078452737,46.39714508764861,86.48419605928794,High,Paid Social,8,21.621049014821985
16748.0,13,711,729,22.04442424242424,0.9878194940507224,3.1209886824283744,6.255271526224256,22.1458362466467,66.76903974173207,128.24499757107583,Top,Paid Search,12,51.29799902843033
16749.0,1,132,723,56.975064935064935,0.2967179613112717,0.1532766225016478,0.3060570070640157,53.35082029998146,7.899989273161353,15.11989263993293,Low,Paid Social,8,3.7799731599832325
16750.0,4,187,231,6.567684210526316,0.939457277103478,2.8303308132432474,5.594855976626056,7.478084604129997,20.450144629809888,38.76643188903626,Mid,Organic,0,5.814964783355439
16754.0,28,269,641,475.36950704225353,1.2128930684815388e-07,8.793231509656311e-07,1.7610591515078182e-06,472.8669361890173,0.0004016817931347,0.0007709669909366,Low,Paid Search,12,0.00030838679637464
16755.0,6,615,729,8.816352583586626,0.9447856762129364,1.5264028203602802,3.0572835170000947,9.373256365498698,13.821455911781776,26.53057013200477,Mid,Email,2,5.306114026400954
16756.0,6,425,639,16.61227848101266,0.794778270852894,1.4430830809617663,2.886889144085197,16.968674137594245,23.65590720359221,45.35567374605648,Mid,Paid Social,8,11.33891843651412
16757.0,1,90,408,18.032,0.4459073622061394,0.3760847168798656,0.7458823104295876,19.73259299887299,7.169964900824207,13.634626313922965,Low,Email,2,2.7269252627845932
16759.0,2,23,30,18.804523809523808,0.9357363144820262,4.82661599274082,9.350046330178834,19.66052757978444,91.71889610999376,170.5403550387335,Top,Paid Search,12,68.2161420154934
16762.0,2,124,143,16.869438202247192,0.9310221494806374,2.4189075746303823,4.745439057162268,17.86744628843175,41.76389571662274,78.59931581981913,High,Paid Search,12,31.43972632792765
16763.0,1,539,737,21.925,0.8350045170600685,0.4240434227182047,0.8468882020485534,23.09328787744616,9.460291081700948,18.109711112600795,Low,Paid Search,12,7.243884445040319
16764.0,12,139,142,3.964943342776204,0.9885297606899188,10.38953538416856,20.46426369516457,4.310223631617541,43.27017099006165,81.74628182871444,High,Paid Search,12,32.69851273148578
16765.0,1,88,381,8.745192307692308,0.4721517048771704,0.4210859969815381,0.8344038487486123,11.715606857123074,4.766372232827235,9.056353524990016,Low,Paid Search,12,3.6225414099960065
16766.0,1,0,272,33.69411764705882,0.221999449919462,0.2578172525288572,0.5086485842223274,33.253168021755364,8.28370306778868,15.674025837199922,Low,Email,2,3.1348051674399846
16767.0,14,559,589,24.919135802469132,0.9834729450726656,4.012612656645823,8.027324032017026,24.981225433209136,96.83700583086755,185.6683048050262,Top,Organic,0,27.85024572075393
16768.0,8,684,732,10.415365853658535,0.9751429343145396,1.998248104564576,4.003668591059439,10.804702595949593,20.857139053085373,40.04813685325596,Mid,Organic,0,6.007220527988394
16769.0,3,465,725,11.4175,0.8303786238996985,0.7960227630720869,1.5927813936376605,12.372933237550226,9.514747885061505,18.246383885228624,Low,Email,2,3.649276777045725
16770.0,8,416,473,5.457994350282486,0.961553178370668,2.8813887021672016,5.748947465193361,5.9435761620517695,16.54489999254773,31.64185953260923,Mid,Paid Search,12,12.656743813043693
16771.0,9,697,730,9.63009708737864,0.9806367825741128,2.2304391463070155,4.469236868576096,9.990503319666171,21.526323719451327,41.33614269049523,Mid,Paid Search,12,16.53445707619809
16772.0,2,298,721,53.96449275362319,0.5948811799328655,0.4405759478091311,0.8808849061862078,52.24031747700423,22.23461086921333,42.60827796904324,Mid,Paid Search,12,17.0433111876173
16773.0,2,675,732,6.480615384615385,0.9346135172652577,0.6829144816698758,1.3656208802886896,8.240996810731364,5.436860992375681,10.42016956394798,Low,Paid Search,12,4.168067825579192
16774.0,7,593,660,11.81074074074074,0.9649365506556752,1.9353183935519624,3.873456098787882,12.22359133833086,22.853312861093062,43.836714479925966,Mid,Paid Social,8,10.959178619981492
16775.0,15,431,441,10.996007194244603,0.989468161660076,5.506829072852613,10.985651923372032,11.199484783595338,59.58198091345541,113.93405492925584,Top,Paid Social,8,28.48351373231396
16776.0,1,355,415,4.524452554744526,0.8775024257991726,0.7298253026095023,1.4477618279062543,8.071985364309867,5.691741936937884,10.825811356549426,Low,Paid Social,8,2.7064528391373566
16777.0,4,552,632,8.957260273972603,0.9490788599619984,1.264837847077552,2.528635520167139,9.776642716002645,11.946159982649764,22.890101435536625,Mid,Paid Social,8,5.722525358884156
16778.0,1,199,273,15.37125,0.8478732501015915,0.9819454971037984,1.9373764820260535,17.435657756601326,16.542644269380123,31.30262578447422,Mid,Organic,0,4.695393867671132
16779.0,52,734,735,31.56379506641366,0.9976052672151666,11.647102054487672,23.357118216623256,31.56047120047417,355.0989461448568,682.4161107324433,Top,Email,2,136.48322214648866
16780.0,2,306,406,6.116666666666666,0.8937626572105475,1.0834021927920725,2.15244273088282,7.903756104319372,8.272960447574832,15.758191403990082,Low,Paid Search,12,6.303276561596033
16781.0,1,297,668,16.683035714285715,0.6598485541458006,0.3655799970446453,0.7293448664063302,18.568077877789477,6.557879544614656,12.54090074433848,Low,Organic,0,1.8811351116507717
16782.0,37,720,730,5.543499734466277,0.9949366829925832,8.39958952518005,16.842392148378057,5.649748229272227,45.84329431751368,88.08925229056027,High,Organic,0,13.213387843584039
16784.0,4,601,620,5.6033125,0.968218034031653,1.3122146809089497,2.622853685816633,6.55044540820758,8.30386814865416,15.908227639085183,Low,Paid Search,12,6.363291055634074
16787.0,3,300,698,9.082719298245614,0.5406629954806903,0.5360845343640324,1.0722730765431123,10.155240352748825,5.259258234210697,10.0821591524362,Low,Paid Social,8,2.52053978810905
16788.0,4,547,670,3.94,0.9311215022517254,1.1787021556099406,2.357772963578749,4.950487784787021,5.637062481457333,10.80702665251804,Low,Paid Social,8,2.70175666312951
16790.0,5,34,37,16.61956989247312,0.9737085701499572,9.050414093443395,17.60053110997472,17.044832126480443,149.09050918248138,278.2481384070983,Top,Organic,0,41.73722076106474
16791.0,14,707,735,5.786088825214899,0.9860013540192084,3.308385125889805,6.631623766161495,6.062221828256447,19.37484169493329,37.217803304517886,Mid,Organic,0,5.582670495677683
16792.0,4,422,703,6.112352941176471,0.765073553218831,0.9281045844676232,1.8573482580762068,7.040096712150561,6.312101360516248,12.106419655797987,Low,Paid Search,12,4.8425678623191954
16794.0,14,623,623,4.036505791505792,0.9917784882095813,3.852694884628676,7.711414835856058,4.332211560615487,16.12396934610226,30.930201746517117,Mid,Paid Social,8,7.732550436629279
16795.0,2,318,682,6.108799019607843,0.6736381223329788,0.524134083753065,1.047362026282403,7.89646581664678,3.998352052936862,7.657974527986793,Low,Paid Social,8,1.9144936319966983
16797.0,4,344,736,4.490835380835381,0.5132017494338902,0.5976343764676519,1.196513342475207,5.480342076639776,3.16402184470795,6.070958778873247,Low,Paid Social,8,1.5177396947183117
16798.0,2,174,728,4.905838150289018,0.2721272358346659,0.1998143568242792,0.3995460874579942,6.78178302385775,1.309100602710921,2.5088641789045774,Low,Paid Search,12,1.003545671561831
16799.0,1,21,453,4.679056603773585,0.1586778885550719,0.1227280197921542,0.2437246387920168,8.205449796824286,0.9729390741155995,1.8524868810345885,Low,Organic,0,0.27787303215518827
16801.0,3,110,272,21.312236842105264,0.6418812721239102,1.3902455297284195,2.7516079543123086,21.77145510953182,29.24419766163164,55.50308155480617,High,Email,2,11.100616310961236
16802.0,1,51,729,10.992641509433962,0.1166198519259952,0.0598016372395813,0.1194202749288938,13.655753536328454,0.7889287004628005,1.5100683097981011,Low,Organic,0,0.22651024646971515
16804.0,2,247,269,8.949833333333334,0.9361056232291652,1.5704595793864702,3.1044318953661207,10.52901367751462,15.976533442213062,30.28631924816365,Mid,Organic,0,4.542947887224547
16805.0,4,557,730,4.3714741035856575,0.9069222701224038,1.0638748355987393,2.1298042133654462,5.365527220455558,5.514416432938492,10.58001353798842,Low,Email,2,2.116002707597684
16806.0,3,135,238,7.781456310679611,0.8279830730228486,1.981071707740852,3.914684699343173,8.919234904094864,17.072560100483507,32.3527074037404,Mid,Paid Social,8,8.0881768509351
16807.0,5,480,622,14.956901408450705,0.9122862741649912,1.464529434283913,2.92834797546163,15.433216838453651,21.835214364381105,41.84525673189021,Mid,Email,2,8.369051346378042
16808.0,1,175,273,12.54,0.8184011640918656,0.9478130579166454,1.8700332484653173,14.991535646413736,13.729288197792204,25.97908555273501,Mid,Paid Search,12,10.391634221094005
16809.0,8,582,604,6.6696138996139,0.9808079721248472,2.381959497890324,4.764080759534563,7.1316726795452094,16.410707148197528,31.45791987515391,Mid,Email,2,6.2915839750307825
16810.0,1,228,419,24.76588235294118,0.7570977459402786,0.6247289608456638,1.2394314097399068,25.54572527127055,15.418960107823604,29.33056541682924,Mid,Paid Search,12,11.732226166731698
16811.0,1,12,16,19.53821428571428,0.8975570650651372,3.6713746493304975,7.076980406754359,21.03285671221328,74.64343774421098,138.13328225044066,Top,Email,2,27.626656450088134
16812.0,3,21,381,20.8,0.0325442488074426,0.0540777328904188,0.1074620143911738,21.284906630175115,1.112056778238019,2.11866295265825,Low,Paid Search,12,0.8474651810633
16813.0,9,196,203,3.7705567928730512,0.9836142524556488,6.3117186918038,12.47679706269374,4.232301859934342,25.81031881683227,48.92782297671723,High,Paid Search,12,19.571129190686893
16814.0,35,593,607,15.546902985074627,0.9929803186860984,9.3544911752657,18.726831120579977,15.614129332766202,141.1025191039674,270.71752960696097,Top,Paid Search,12,108.2870118427844
16815.0,1,82,536,5.553648648648649,0.2933666822880116,0.1968030350026168,0.3916328370951317,8.960455449547755,1.7036868745559826,3.2501768279767536,Low,Paid Search,12,1.3000707311907016
16816.0,3,254,357,14.895,0.892156238843048,1.5625142216388246,3.102625809791878,15.676038750244397,23.66472605852722,45.05276386134531,Mid,Email,2,9.010552772269063
16817.0,12,429,431,18.575496688741723,0.9899255625710373,4.583489980001537,9.139865973690435,18.730440466077457,82.93958031324155,158.53632872908912,Top,Email,2,31.707265745817825
16818.0,10,194,205,17.81686170212766,0.9821803292017172,6.866279437447378,13.576480749466668,18.014139820176187,119.50952264964148,226.60529954044955,Top,Paid Social,8,56.65132488511239
16819.0,1,0,464,10.740588235294116,0.0929442983007696,0.0704584260435597,0.1399645229565284,13.43816449252435,0.91476745416169,1.7422207997363757,Low,Paid Search,12,0.6968883198945504
16823.0,6,510,737,12.9148,0.8263909271686043,1.3221729725459577,2.648482846831949,13.366293338169662,17.072334326369884,32.773728783047524,Mid,Paid Search,12,13.10949151321901
16824.0,2,378,393,17.595897435897434,0.942426901191877,1.17325575864748,2.330051841139104,18.54059504003758,21.016303277833387,40.01667382391684,Mid,Paid Search,12,16.006669529566736
16825.0,4,495,533,28.54515625,0.961611520028496,1.4858795545707488,2.9654007940908955,28.61844393712851,41.08114449477114,78.58655942274078,High,Paid Search,12,31.434623769096312
16827.0,4,195,588,32.6775,0.2306092483104008,0.3273379569189388,0.6539357743107083,32.59338844419306,10.307026577361285,19.73585608730137,Mid,Organic,0,2.9603784130952056
16828.0,1,19,111,16.0625,0.6692339164934019,1.4086505626747483,2.749017892219564,18.03239043957428,24.54784752212912,45.96758373159425,Mid,Paid Search,12,18.387033492637702
16829.0,1,231,387,19.01185185185185,0.7884358784639357,0.6943016784912686,1.3760701064469807,20.57846587333458,13.8042362540072,26.23375465342281,Mid,Paid Social,8,6.558438663355703
16830.0,3,687,726,16.1,0.9557008751400532,0.9150353069165762,1.830940570027065,16.82060874098386,14.8688925069183,28.514355636704515,Mid,Paid Search,12,11.405742254681806
16832.0,4,274,458,19.88619047619048,0.78845004361058,1.385771769619884,2.7611240911147266,20.289294543527348,27.16316923821352,51.88189439548159,High,Paid Search,12,20.752757758192637
16833.0,5,621,622,26.18521739130435,0.9774987871192324,1.5692176745980873,3.1376736396662204,26.31676089468329,39.89500491375141,76.45524770570609,High,Paid Social,8,19.11381192642652
16834.0,1,446,673,18.72833333333333,0.8069713030293738,0.4441627622914864,0.8861935232618565,20.333713951123983,8.725141434323092,16.68675470296187,Low,Email,2,3.3373509405923745
16835.0,5,441,569,17.68287356321839,0.915412413762765,1.588155191221953,3.172743821943279,18.075486443955903,27.73259184560949,53.10263896976627,High,Paid Search,12,21.24105558790651
16836.0,3,534,573,18.627857142857145,0.9534287646655312,1.1240197071918334,2.243783879026738,19.22169540205496,20.872626612414653,39.93787397666942,Mid,Paid Search,12,15.975149590667769
16837.0,10,214,245,19.218060606060607,0.9648865701890862,5.92918866212699,11.74741378896984,19.393490989687944,111.0979707779538,211.0634775193913,Top,Paid Social,8,52.76586937984783
16838.0,3,465,662,19.654406779661016,0.8746892095230749,0.9088830394946844,1.8169984862548156,20.1967642056153,17.733460929294903,33.97883453083652,Mid,Paid Search,12,13.59153381233461
16839.0,43,657,665,62.84645070422536,0.995626632107412,10.561941597301534,21.16223142734712,62.72762628710112,640.0222399607237,1228.9411284454332,Top,Paid Search,12,491.57645137817326
16840.0,1,71,674,15.538888888888888,0.179330030851121,0.098575390828515,0.1966808488680521,17.580374724322514,1.6742109125885247,3.201963336408516,Low,Organic,0,0.48029450046127736
16841.0,11,660,696,18.292511415525112,0.9814039246904404,2.780223071004036,5.569414175709124,18.46535797115573,49.594192229405714,95.21022218193652,High,Email,2,19.042044436387304
16842.0,2,201,301,20.066507936507936,0.8674746930112461,1.3354419633465004,2.6435311001347115,20.829902267689825,26.8764367980227,51.016538900416464,High,Paid Social,8,12.754134725104116
16843.0,34,686,729,32.83796979865772,0.9767409455131209,7.609821835550777,15.258288294410816,32.82698609047227,241.3205605374449,463.69006520994617,Top,Paid Social,8,115.92251630248654
16844.0,1,20,582,19.198125,0.0996544827571789,0.0622760892064653,0.12404820603265,20.73926916513966,1.247777986483499,2.382623454349603,Low,Paid Social,8,0.5956558635874007
16846.0,2,589,639,17.923617021276595,0.9347510648691824,0.7702492520027698,1.5381296632568733,18.84426525242691,14.022321271993745,26.839527136234185,Mid,Paid Social,8,6.709881784058546
16847.0,1,574,617,16.618648648648648,0.8931551026636624,0.5305236426985788,1.0574663768378068,18.51249470755242,9.488303341392731,18.12945285946805,Low,Email,2,3.62589057189361
16848.0,3,379,432,16.607294117647058,0.9432495643595652,1.4135429042645098,2.8130260533468503,17.30246237047554,23.629002047803358,45.07935853047389,Mid,Email,2,9.015871706094778
16851.0,2,47,51,17.1225,0.9425596256355904,4.1049925472684965,7.976815634891094,18.1019374000396,71.8176600242336,133.93359404111433,Top,Paid Search,12,53.57343761644574
16852.0,1,165,175,16.10111111111111,0.8982833057219248,1.428333825783927,2.802136218930308,18.06572210239656,24.93461671168728,46.92722416002009,High,Paid Social,8,11.731806040005022
16854.0,1,223,639,18.786133333333336,0.5598083171831716,0.3224874619518559,0.6430540609286152,20.38361073098053,6.350540270801674,12.138666256188364,Low,Paid Social,8,3.034666564047091
16855.0,1,19,42,17.284210526315793,0.8547028086890978,2.774548759197817,5.370644918699913,19.08705170566429,51.18663409661983,95.10525795538318,High,Organic,0,14.265788693307476
16856.0,2,427,441,18.867894736842107,0.943331475256631,1.0678748619795166,2.1236696120683582,19.719248095178088,20.344303066780256,38.78753031859896,Mid,Email,2,7.757506063719792
16858.0,9,355,724,34.32558823529411,0.116731212734779,0.2674661676201946,0.5358960434945943,34.258894017493084,8.851862855847198,16.996718065499532,Low,Paid Social,8,4.249179516374883
16859.0,6,500,645,17.567363636363638,0.9100297693740322,1.6388129118579853,3.278736977615448,17.899194881155005,28.337581297028496,54.33645039153022,High,Paid Search,12,21.73458015661209
16860.0,2,209,661,37.45627906976745,0.4357044035805468,0.3484967565770805,0.6961671082083934,36.943542492545966,12.437836266487908,23.81470126852411,Mid,Email,2,4.762940253704822
16861.0,4,448,508,19.31816326530612,0.951968621065548,1.5327099947355105,3.057311864243992,19.74290325123276,29.233893326103725,55.89634151507784,High,Paid Search,12,22.358536606031137
16862.0,3,154,700,18.923714285714286,0.1222760144683417,0.1209330530184557,0.2418962775178085,19.50271549106758,2.278457695807819,4.367988169183355,Low,Paid Search,12,1.747195267673342
16863.0,2,378,409,17.830714285714286,0.9360595955527796,1.127827680794094,2.2409013510851747,18.758180090909587,20.4395180608971,38.93608738084621,Mid,Paid Search,12,15.574434952338486
16864.0,1,164,598,24.073529411764707,0.4667335614804737,0.2848889098001611,0.5676508786432368,24.948040456583456,6.866458576512572,13.115374437177882,Low,Email,2,2.6230748874355765
16866.0,2,20,161,18.885454545454547,0.4782668029673553,1.1520873639084994,2.26326021407522,19.735519294852303,21.970681725168628,41.40249419299217,Mid,Paid Search,12,16.56099767719687
16868.0,2,199,593,7.285,0.4863116652900668,0.4277574431024653,0.853521375310469,8.986352468111283,3.713596189192918,7.1026785411814455,Low,Paid Social,8,1.7756696352953614
16869.0,3,152,174,6.44859375,0.9473446088734576,2.823957929584655,5.559561588809246,7.653214581494003,20.883217963101405,39.433943890265176,Mid,Organic,0,5.915091583539776
16871.0,5,248,270,20.528029197080293,0.9666150557260011,3.0816743530554134,6.105803240623651,20.83327993099814,62.0295925410516,117.84599684818164,Top,Paid Search,12,47.13839873927266
16872.0,5,385,462,67.39611111111111,0.9428932279136308,1.9543954272330415,3.8959418908431225,66.26225032346618,125.11167972886516,239.0719925915615,Top,Paid Social,8,59.767998147890374
16873.0,11,663,667,28.54958984375,0.9888791149339125,2.909120592195252,5.825417292842941,28.576838990450337,80.31030664231326,154.12317005624797,Top,Paid Social,8,38.53079251406199
16875.0,10,636,703,18.411,0.9689988264903858,2.5000111951679727,5.008164858160718,18.59901421147185,44.91849971907955,86.23517537973262,High,Paid Search,12,34.49407015189305
16877.0,5,195,207,5.369308176100629,0.9708901487018634,3.7605732785796495,7.427820708044491,6.140016193153352,22.309898199782275,42.25991981655311,Mid,Email,2,8.451983963310623
16880.0,7,462,492,9.844171122994654,0.9748611970820422,2.5222726470781995,5.0336880731509455,10.300535363746915,25.09949194737227,48.01370245036166,High,Paid Search,12,19.205480980144667
16882.0,2,250,316,18.08,0.9080785787429568,1.3460009369510626,2.666031448895601,18.989172223147232,24.694893842160937,46.9023408655791,High,Paid Social,8,11.725585216394775
16883.0,18,548,735,8.321493055555557,0.4955250359358744,2.0966238130184625,4.203217426328294,8.514682687045369,17.24561174545653,33.13185234579568,Mid,Paid Social,8,8.28296308644892
16884.0,3,532,570,14.318933333333334,0.953687506786452,1.1294489135725725,2.254497690166536,15.128861472790472,16.507625981736805,31.58419158740756,Mid,Email,2,6.316838317481512
16885.0,3,370,384,5.005211267605634,0.959053294233636,1.5834893620781147,3.1469607206719163,6.282216843313407,9.61090492130228,18.312048310405327,Low,Email,2,3.6624096620810658
16887.0,2,703,737,6.477647058823529,0.9405449564534084,0.683089817874225,1.366063604692765,8.238246312549784,5.436437464310176,10.420024579573624,Low,Paid Search,12,4.16800983182945
16888.0,2,300,700,8.09537037037037,0.6203201288743417,0.4716407016751626,0.942715584843614,9.73725462185251,4.436620576458789,8.499518533324192,Low,Paid Search,12,3.399807413329677
16889.0,5,371,565,11.609633027522936,0.8177680237881411,1.427447228461995,2.851486263102982,12.18872826621513,16.808399467446645,32.18271773430906,Mid,Email,2,6.436543546861812
16890.0,2,105,581,15.02157894736842,0.2005776543755562,0.1795874952092898,0.3582588684186134,16.15519033111564,2.80287038216508,5.359685968273549,Low,Paid Social,8,1.3399214920683873
16891.0,10,733,735,3.9860852713178296,0.9882514675795804,2.4504617062699725,4.91081208980262,4.399015235404086,10.413453665274558,19.999265416632877,Mid,Organic,0,2.9998898124949314
16892.0,6,729,730,5.482733812949641,0.9810951176913792,1.5831263137476572,3.1709358166278045,6.125376948860397,9.367904671520693,17.982095835966792,Low,Organic,0,2.6973143753950186
16893.0,1,9,375,2.976074074074074,0.1678932327378605,0.1516704608119941,0.3004817510092791,6.7353227313578765,0.9869905683600004,1.874969760912346,Low,Organic,0,0.28124546413685186
16894.0,2,33,534,6.932251308900523,0.0566261731144439,0.0545263862429902,0.1086737445023798,8.659489885814578,0.4561617930400957,0.8715101503577027,Low,Paid Social,8,0.21787753758942568
16895.0,4,601,665,6.558011695906433,0.956174544619732,1.2184529212156736,2.437111296985047,7.468780511541425,8.79143159169816,16.853234877041885,Low,Paid Search,12,6.741293950816754
16897.0,1,14,313,7.831891891891891,0.2452312054117704,0.2557136340862365,0.5054228331485199,10.927185580478016,2.6997907817764037,5.117334316398653,Low,Email,2,1.0234668632797306
16898.0,4,550,576,3.468839590443686,0.9660143193427088,1.3959922522004404,2.7882443701660624,4.49727367792281,6.065141682621231,11.611202816100244,Low,Paid Social,8,2.902800704025061
16899.0,7,389,396,9.61463687150838,0.981747656155169,3.0450493416978333,6.062960089464524,10.076079941620424,29.642291661400463,56.57936863489617,High,Paid Search,12,22.631747453958468
16900.0,2,46,62,11.229240506329116,0.923877512100419,3.7212008476108793,7.241491014690182,12.641148841925258,45.4622940765441,84.90058695135981,High,Organic,0,12.735088042703971
16903.0,2,386,414,5.590947368421053,0.9374809718039532,1.1182952858253636,2.2222823676149623,7.416616189349956,8.013065024031661,15.266518654888031,Low,Organic,0,2.289977798233205
16904.0,20,406,410,5.226446028513238,0.9931088826399606,7.671489212197056,15.29524258207949,5.424787337283786,40.20507014991691,76.83944543549971,High,Paid Social,8,19.209861358874928
16905.0,16,723,728,14.71973684210526,0.9919744753612454,3.795109660656435,7.607203071346241,14.874120170012617,54.53131043943159,104.75035976525888,Top,Paid Search,12,41.90014390610355
16906.0,6,493,574,6.439111111111111,0.951835169748626,1.8980704859120403,3.793145951818401,7.057156601830511,12.94040550465598,24.786275764445985,Mid,Paid Social,8,6.196568941111496
16907.0,8,497,525,6.69764705882353,0.978029946316614,2.681738550799264,5.356306087618571,7.159161587965084,18.54758376825408,35.507854058389235,Mid,Organic,0,5.326178108758385
16910.0,7,86,90,2.7606215722120657,0.9803043598701298,8.345772315278417,16.34993542171075,3.3737211986291227,27.208627129109143,51.13780919263851,High,Organic,0,7.670671378895776
16911.0,1,25,660,7.292857142857143,0.087440694769618,0.0489618485601556,0.0976674982202882,10.461855161661152,0.4948587877294655,0.9462181335082136,Low,Paid Search,12,0.3784872534032855
16912.0,14,701,730,25.897745664739887,0.985679086356706,3.327541415500861,6.669634614613779,25.94888748589488,83.41281596918894,160.2217285545849,Top,Paid Search,12,64.08869142183396
16913.0,2,361,651,23.55055555555556,0.7700363244055032,0.6242331358393554,1.2467887583449055,24.058276547568983,14.508406748771147,27.775046912943253,Mid,Organic,0,4.166257036941488
16915.0,10,560,568,20.853783783783783,0.986858013894309,3.070740214245054,6.139374426135399,21.00370969015727,62.30782484992564,119.39602779464748,Top,Paid Social,8,29.84900694866187
16916.0,3,391,414,4.255303030303031,0.9560340175957456,1.4841007169394278,2.952005040932006,5.56991604312678,7.98625639124225,15.229124696683671,Low,Paid Social,8,3.807281174170918
16917.0,1,355,631,36.42803921568628,0.7537079342851734,0.4390028691403976,0.875266094916886,35.61326979779108,15.1041642270889,28.866770439311622,Mid,Organic,0,4.330015565896743
16918.0,15,687,736,7.031269146608315,0.9790780379784408,3.495262778393692,7.006573660319733,7.276174638199447,24.568179317491012,47.19613614525312,High,Paid Search,12,18.87845445810125
16919.0,23,320,476,8.009234375,0.0586226387848652,0.4559340599869048,0.9104850342804104,8.162849190744067,3.595452641009176,6.882025943271771,Low,Email,2,1.3764051886543545
16921.0,2,539,599,4.701789473684211,0.9304416886125192,0.8112740857804029,1.6189425587676871,6.5927082546746565,5.1670722484622615,9.883634186059062,Low,Paid Search,12,3.953453674423625
16923.0,31,665,677,11.818339222614842,0.9937176138043544,7.566938205419202,15.16238769879241,11.913149721365484,87.08410450349123,167.22572610596532,Top,Paid Social,8,41.80643152649133
16924.0,2,62,83,10.201807228915662,0.919442282426796,3.239644925829054,6.320046467518911,11.689112724806904,36.596582530208856,68.50645784330757,High,Organic,0,10.275968676496136
16926.0,4,155,525,12.46798245614035,0.1791670095497364,0.2804628805690103,0.5596368166014634,13.153642960437136,3.563979572059246,6.816720673222691,Low,Paid Social,8,1.7041801683056728
16927.0,2,245,361,90.50833333333333,0.8673104704773987,1.156682595787519,2.2947837963947118,86.10242497821858,96.2222630658474,183.0360061206933,Top,Organic,0,27.455400918103994
16928.0,28,594,674,12.278298507462685,0.8982303291455452,6.22950054081305,12.481588115580578,12.380622855441656,74.5054739739068,143.06163296439297,Top,Paid Social,8,35.76540824109824
16929.0,6,151,155,16.823246753246753,0.9787697911570764,5.341696878686743,10.520087990100055,17.174216389452255,88.64404536914776,167.44498650683823,Top,Paid Search,12,66.9779946027353
16930.0,2,42,67,7.047222222222223,0.9062243645015868,3.529669927624138,6.873044139096061,8.766023774006225,29.90289973935419,55.8767660556622,High,Paid Search,12,22.35070642226488
16931.0,22,391,396,5.228391608391608,0.9932625146480634,8.636154335133869,17.21322459397931,5.408816870202291,45.12766007389544,86.22199456638612,High,Paid Social,8,21.55549864159653
16932.0,2,517,570,3.060486111111111,0.9320397503451996,0.8484353806515427,1.692190650023239,5.071850292733653,4.157202328389615,7.947887013146298,Low,Paid Social,8,1.9869717532865745
16933.0,8,728,729,10.969827586206897,0.9856395945641688,2.0271788057155296,4.061487498744286,11.34839971101149,22.22385385438053,42.6709301884392,Mid,Paid Search,12,17.06837207537568
16934.0,5,566,621,14.762167832167831,0.9630496033731596,1.5482032080248669,3.0956064742949385,15.2444626690895,22.80043133405946,43.69436077317608,Mid,Paid Social,8,10.92359019329402
16935.0,2,39,420,7.33013698630137,0.1248617892025523,0.14718594395303,0.2925386198428569,9.028177121956409,1.28381307718629,2.446322095367867,Low,Paid Social,8,0.6115805238419667
16936.0,1,359,385,3.909007092198581,0.8944969949895974,0.7910222991237295,1.5676615034266184,7.540692167798371,5.7630383152717055,10.951464166195516,Low,Email,2,2.1902928332391034
16938.0,8,651,659,8.424856459330144,0.9843018154253756,2.2142783029857864,4.432321384735958,8.85283801870294,18.93703710024061,36.328792236107695,Mid,Email,2,7.26575844722154
16939.0,2,160,648,10.204545454545457,0.3044983512815494,0.2478475327627095,0.4950052021912513,11.691650008495968,2.7994263871716702,5.359006584239123,Low,Email,2,1.0718013168478246
16940.0,7,679,730,10.218855325914149,0.972485897626308,1.783456848469691,3.572772430585819,10.666929051773266,18.377874344711326,35.28257813228489,Mid,Paid Search,12,14.113031252913956
16942.0,8,215,227,6.834839857651246,0.9794607118361058,5.239688313385627,10.36909742425855,7.293690852206761,36.9245240417391,70.07043324988673,High,Paid Search,12,28.028173299954695
16943.0,4,412,623,37.12828571428572,0.8389071807688259,1.1321638489218646,2.263076393911266,36.874645594477656,40.33124314296254,77.26853302503449,High,Email,2,15.453706605006898
16945.0,32,709,730,18.03409282700422,0.9912957879906548,7.277037813217296,14.590953638241158,18.095340318285626,127.20677372517056,244.4227021106388,Top,Paid Social,8,61.1056755276597
16946.0,4,264,647,16.293866666666666,0.3887193121179259,0.5074745737048973,1.0147648471178756,16.83380084355046,8.252755983872936,15.81659781657878,Low,Paid Search,12,6.3266391266315125
16947.0,4,410,646,18.022830188679247,0.8108821832476827,1.060051986948166,2.1196870321842964,18.496908869047825,18.942135182557816,36.30252086565392,Mid,Organic,0,5.445378129848088
16948.0,6,517,655,20.203953488372093,0.918794084756915,1.6323150507171564,3.2662101363805776,20.467972686788556,32.2758710130544,61.896512667616086,High,Email,2,12.379302533523218
16949.0,5,312,316,21.437833333333334,0.9762399670428836,2.7566679432056604,5.471868544300943,21.71514800583418,57.8350050073408,110.06862867283844,Top,Paid Social,8,27.51715716820961
16950.0,9,627,684,25.229133333333333,0.9721246936307965,2.34293630519024,4.691949925256128,25.3197593307719,57.30797882354254,109.9861299375445,Top,Paid Search,12,43.9944519750178
16951.0,2,169,303,14.857558139534884,0.8105269829513928,1.2413843735042978,2.457543405272367,16.003206025711822,19.194296857979044,36.43722813311004,Mid,Email,2,7.2874456266220085
16952.0,4,618,727,9.077045454545454,0.9419501031101444,1.1090308675786855,2.220118813389288,9.891865329209928,10.59787138453612,20.332444456940056,Mid,Paid Social,8,5.083111114235014
16954.0,19,689,689,29.52368932038835,0.993913410215866,4.685175819725735,9.387681682329678,29.531506661318165,133.66071138010392,256.657407097397,Top,Email,2,51.33148141947941
16955.0,5,492,677,22.972105263157896,0.8804860546897915,1.3118291986237578,2.6251459236685064,23.202309230008986,29.40405365591849,56.39357802831045,High,Email,2,11.278715605662091
16957.0,1,42,281,26.04,0.4258950931629024,0.4825577931447081,0.9524442231002572,26.645627827440663,12.423732341595915,23.51710343412499,Mid,Organic,0,3.5275655151187486
16960.0,7,608,646,4.347723404255319,0.974895708304066,1.9926144151942395,3.987336182880129,4.925705747176122,9.481797531635372,18.184330085497557,Low,Paid Social,8,4.546082521374389
16961.0,2,415,531,15.28,0.900010500014326,0.8708319218684315,1.735501369545314,16.39464741405963,13.79293368046338,26.350220616465403,Mid,Paid Search,12,10.540088246586162
16964.0,1,0,732,34.641666666666666,0.0384748986116419,0.0196576273489869,0.0392568290442991,34.07115495661103,0.6470334511357342,1.2385220094163178,Low,Email,2,0.2477044018832636
16966.0,6,231,239,76.96321428571427,0.9774748924113136,3.9541624407624,7.826040595574032,75.76740778448206,289.4664254034936,549.3736778205637,Top,Email,2,109.87473556411274
16968.0,1,103,107,14.17516129032258,0.9021677531121516,1.938276653288449,3.781127889276082,16.403114935914942,30.725713410187723,57.51470281458437,High,Email,2,11.502940562916875
16969.0,2,152,191,15.48595238095238,0.9152301596857176,1.966277320720694,3.870569143377695,16.585486186156633,31.51146156399981,59.49661571429522,High,Paid Search,12,23.79864628571809
16972.0,1,73,456,8.934659090909092,0.3344105726562838,0.2572245554618196,0.5108622102918162,11.879167105778706,2.9521435412428527,5.621353114748953,Low,Paid Search,12,2.248541245899581
16974.0,1,41,564,45.6875,0.1571860789564076,0.100932201443858,0.2009736746434511,43.60664828127227,4.252134682237675,8.116584820646471,Low,Organic,0,1.2174877230969707
16975.0,2,82,505,20.58044444444445,0.1941206501397372,0.1960530180025417,0.3904980734889596,21.306124060595938,4.035536877148691,7.705412134732666,Low,Email,2,1.5410824269465333
16977.0,3,236,631,17.714285714285715,0.4375013782214633,0.4741928889538506,0.94753023599642,18.35393901903435,8.40795821496867,16.103028907992407,Low,Organic,0,2.4154543361988607
16978.0,2,588,665,11.475820895522387,0.9267661279281796,0.7373389925943513,1.4730213365775366,12.869634176638264,9.16728288024611,17.553617918976915,Low,Email,2,3.510723583795383
16979.0,8,446,449,22.168527131782945,0.9850358595090808,3.083956196097256,6.149761023124533,22.32968169667787,66.52856652941328,127.16903574799085,Top,Paid Social,8,31.79225893699771
16980.0,2,173,427,13.154732142857142,0.6376474393180633,0.7414423062389066,1.473937679437784,14.425340206447633,10.33326802052857,19.693833655686,Mid,Email,2,3.9387667311372
16983.0,10,433,446,14.900481927710844,0.984856470354769,3.766168238181424,7.511461483366638,15.14323274103764,55.09787276511331,105.33651853713084,Top,Organic,0,15.800477780569626
16984.0,8,553,641,9.492321270962046,0.9534678077026376,2.197922608509373,4.398455880673579,9.899578495898515,21.01975856172441,40.314487300999694,Mid,Paid Social,8,10.078621825249924
16985.0,22,711,728,44.95127572016461,0.9913646686728008,5.106263932927041,10.236876304558432,44.84775606103901,221.224677146594,425.0141441909044,Top,Email,2,85.00282883818089
16986.0,10,643,672,28.096264367816094,0.982235233881095,2.637630301781112,5.281728510408224,28.13326427067471,71.6851920093732,137.5698009845023,Top,Paid Search,12,55.027920393800926
16987.0,10,734,736,9.53345864661654,0.9882518671087868,2.447486412973172,4.904907075722687,9.859893010471794,23.312230885445285,44.77214754233376,Mid,Paid Social,8,11.19303688558344
16988.0,1,374,379,19.1335,0.9043996377663586,0.810030074143505,1.6050085480245548,20.68348059423604,16.187416338949866,30.754952957856982,Mid,Email,2,6.1509905915713965
16989.0,5,143,150,94.4375,0.9729386022581992,4.680311851229251,9.210654505941877,92.47331775007628,418.2053811453338,789.4103254157375,Top,Paid Search,12,315.764130166295
16990.0,1,203,422,172.0,0.7156503647042673,0.5870636232061753,1.1648101164417954,152.64794595652887,86.58064497322749,164.71129108801534,Top,Paid Search,12,65.88451643520614
16992.0,12,655,666,19.21578947368421,0.9883570810038838,3.1476792005064618,6.303437638355402,19.36239194510617,58.876853589304005,112.99567011810387,Top,Paid Search,12,45.198268047241555
16993.0,1,112,575,69.67678571428571,0.3498366971859672,0.2209211097049215,0.4399922581134221,64.31578510136696,13.727078110147216,26.20824367619018,Mid,Paid Search,12,10.483297470476073
16996.0,8,387,417,28.3148,0.9748076484626144,3.2457920947042003,6.467391888116737,28.35662752659836,88.91950694993687,169.8422315549876,Top,Paid Search,12,67.93689262199504
16997.0,2,37,325,58.5,0.2145975609768813,0.3111513772309602,0.6165121841011579,56.44299107433324,16.96818608758205,32.23781608764309,Mid,Paid Social,8,8.059454021910772
16998.0,4,294,443,67.0,0.8535743853855516,1.5426538364446667,3.0725835483928225,65.60855879243016,97.78062250259,186.6968843860559,Top,Organic,0,28.004532657908385
16999.0,1,50,73,21.07913043478261,0.8681230466747775,2.264738318179977,4.401765099576065,22.3630773673596,48.94849453027986,91.3036133800195,High,Paid Social,8,22.825903345004875
17000.0,1,11,407,13.543333333333331,0.1535700534283438,0.1297841904461056,0.2573907251123635,15.857679287522156,1.9884230659710944,3.781134589592109,Low,Paid Search,12,1.5124538358368438
17001.0,18,623,624,24.14836363636364,0.9934015414650972,4.859477860341924,9.728112765051366,24.203499190158944,113.6225789380125,217.9924229383977,Top,Paid Search,12,87.19696917535909
17002.0,6,555,640,30.61369047619048,0.954032845322484,1.729861634828195,3.4606412455588496,30.609975363625352,51.15341511783404,98.07826176853828,High,Email,2,19.61565235370766
17003.0,3,176,578,7.412142857142856,0.3023338118941036,0.3537536288842186,0.7062321003568485,8.568442293228042,2.928287959207678,5.603496262903577,Low,Paid Social,8,1.4008740657258942
17004.0,3,377,423,34.64514285714286,0.9462903792687776,1.4430882876767888,2.871134320956902,34.43572408393985,48.01002684427795,91.57254311013624,High,Organic,0,13.735881466520436
17005.0,1,118,588,37.118,0.3559630076247382,0.2204800476972015,0.4392282413394611,36.20888954458263,7.712699077277131,14.72901493126133,Low,Email,2,2.945802986252266
17006.0,7,639,643,12.587076923076925,0.9830909586616818,2.017617471253819,4.037192934449556,12.98274978370457,25.30490357972521,48.528109116199246,High,Email,2,9.70562182323985
17007.0,6,386,436,16.717910447761195,0.9610692836033068,2.4219528763708627,4.826313979653295,17.071589292009467,39.94485333437459,76.30428267542702,High,Paid Search,12,30.521713070170808
17011.0,2,621,651,23.98928571428572,0.9406542251504292,0.762545243770834,1.523041285503819,24.464810933754816,18.02253476789748,34.502530659398694,Mid,Email,2,6.900506131879739
17014.0,2,58,66,7.923378378378379,0.9377197276616956,3.676594460884817,7.158259733497007,9.577884089642646,34.03242359839684,63.5857507671915,High,Paid Search,12,25.4343003068766
17015.0,2,156,184,8.491059907834101,0.9258912499916754,2.040643021754771,4.015153886533988,10.10390687958324,19.923011997765443,37.60042530095039,Mid,Organic,0,5.6400637951425585
17017.0,28,733,735,33.27974056603774,0.9955424424614816,6.391893224279969,12.816393488182149,33.26393147803534,205.39594030505657,394.66631384507673,Top,Email,2,78.93326276901536
17018.0,5,694,734,61.82972972972973,0.969529127187616,1.344316604696433,2.6921633858185223,60.86678789699429,79.04544324724543,151.7072722265889,Top,Paid Search,12,60.68290889063557
17019.0,10,726,737,5.627208976157083,0.9866914584441304,2.4406575643578403,4.891278964472713,6.014550257041399,14.180818325083624,27.23517746120828,Mid,Paid Search,12,10.894070984483314
17020.0,1,104,646,13.559710144927536,0.2764220236627003,0.1577238032416878,0.3145467495799325,15.871816833592536,2.4184657838011683,4.623287236435111,Low,Paid Search,12,1.8493148945740445
17021.0,5,146,588,24.629583333333333,0.041511843438583,0.0699938684207579,0.1398764634130064,24.80889347884344,1.6775411593340488,3.213173654636085,Low,Email,2,0.6426347309272171
17022.0,1,401,432,16.25,0.8934076926346097,0.7188254923187759,1.426663185782138,18.194252830977437,12.63573931893081,24.04501235727049,Mid,Paid Search,12,9.618004942908197
17023.0,2,280,696,16.330204081632655,0.580862752479464,0.4438903806697518,0.8871967739700287,17.367783322774265,7.447746982089204,14.26734097229096,Low,Paid Social,8,3.56683524307274
17024.0,2,112,157,31.95,0.899494247281547,2.202407871356665,4.325334937259197,31.84133618816331,67.76425297355247,127.66219433538606,Top,Paid Search,12,51.06487773415443
17025.0,4,580,640,35.96761904761905,0.9567988384406017,1.2611144587042349,2.521503017003974,35.758188235091815,43.56453638352531,83.48402314089618,High,Email,2,16.696804628179237
17026.0,2,231,416,26.1225,0.7915885674823248,0.940519094179602,1.8691115166227512,26.441481429249745,24.026440727356743,45.77774752962757,Mid,Organic,0,6.866662129444135
17027.0,8,651,729,7.135000000000001,0.9640945597119596,1.982866829754262,3.972707695056559,7.588023524547412,14.53499570705518,27.90793132320584,Mid,Email,2,5.581586264641168
17028.0,2,140,720,16.777157894736842,0.1921925849829458,0.1425159650854931,0.284941615626648,17.781937878708238,2.4481928212435085,4.691420441941181,Low,Email,2,0.9382840883882363
17029.0,6,553,663,73.7,0.9414708899647308,1.6547760493310504,3.3115303244864074,72.58812207730857,116.03883478851712,222.55554568598956,Top,Paid Search,12,89.02221827439583
17031.0,5,569,580,55.477,0.975241828511502,1.6640763735894024,3.325053581395146,54.70912240232752,87.95074362823658,168.43962802122368,Top,Paid Search,12,67.37585120848948
17032.0,7,181,728,12.571548117154812,0.0046212678906463,0.0084957964111177,0.0170190883134285,12.967564578595535,0.106428000856917,0.2043200225881803,Low,Email,2,0.04086400451763606
17033.0,3,311,396,33.31975,0.9189838895113912,1.4796787898357366,2.941702333897978,33.17679886383517,47.42813857807865,90.39746303519402,High,Paid Social,8,22.599365758798506
17034.0,4,497,512,21.76135593220339,0.9685192685580186,1.548956213273319,3.0899755754962617,22.09303573258397,33.060524199519946,63.21800777917098,High,Paid Social,8,15.804501944792746
17035.0,3,491,736,18.593636363636364,0.8497184667949041,0.8036966270075735,1.6083664961503283,19.18919077387585,14.898659678665638,28.57496637824553,Mid,Paid Search,12,11.429986551298214
17038.0,1,384,414,11.796349206349204,0.8933614943950648,0.7444916327007327,1.4768104976599354,14.349567135324833,10.321545228059891,19.631223226217003,Mid,Paid Search,12,7.852489290486801
17040.0,1,412,549,28.953125,0.8449747624583576,0.5553118134828551,1.1053710007441953,29.16042984854097,15.644336614071156,29.85328101750816,Mid,Paid Search,12,11.941312407003265
17041.0,5,573,599,13.071937984496124,0.9715852938731888,1.6119644704501963,3.221957423139887,13.606132305001,21.18824487116061,40.59117710094718,Mid,Organic,0,6.088676565142077
17042.0,4,244,246,10.656938775510202,0.9715543483013288,2.7949195624509247,5.528972205244001,11.411581175191229,30.816211905053866,58.458382615913976,High,Paid Search,12,23.383353046365592
17043.0,7,698,729,12.763658536585366,0.9777384146593362,1.79528530137717,3.5964245402807413,13.155424233566292,22.815587677278764,43.80177334261693,Mid,Paid Social,8,10.950443335654233
17044.0,11,707,732,80.28389261744967,0.9847390457653182,2.6670827249951565,5.345117198500635,79.57678251269513,205.0284326880469,393.7747781771143,Top,Paid Search,12,157.50991127084572
17045.0,4,316,428,15.616603773584908,0.9025921545922811,1.6787149808194954,3.3423067785127047,16.182334610448727,26.24484999659376,50.09226846726948,High,Email,2,10.018453693453896
17046.0,4,463,619,22.42435294117647,0.9011416855082094,1.223034353860207,2.444560992588241,22.730779463128595,26.85701794341388,51.450848726100986,High,Paid Search,12,20.580339490440394
17047.0,5,646,731,16.121338028169014,0.9559033456447986,1.330278844154024,2.663952133585973,16.561898759299496,21.283737361952163,40.84718772298627,Mid,Organic,0,6.12707815844794
17048.0,6,572,689,20.51168316831683,0.9394915936461938,1.596016994021689,3.195080249358153,20.767787681287825,32.020233177339506,61.43365957133481,High,Organic,0,9.21504893570022
17049.0,18,643,645,17.795134168157425,0.9932287281294924,4.719213929663313,9.450138925838054,17.905687451575055,81.63116906705434,156.65911820721763,Top,Paid Search,12,62.663647282887055
17050.0,10,585,681,13.142268907563023,0.9490870239114172,2.5187586362926644,5.0442958867566725,13.412434080844177,32.63540065907947,62.63712210199654,High,Organic,0,9.39556831529948
17051.0,3,433,627,4.550254777070063,0.8687117851753218,0.9468317772667366,1.8918335329406404,5.850076141106639,5.351073370502229,10.24781796393754,Low,Organic,0,1.537172694590631
17054.0,4,216,244,16.34132530120482,0.955945293240254,2.766663303972085,5.472545932066416,16.87945179857331,45.12106775175926,85.58682442684656,High,Organic,0,12.838023664026984
17058.0,2,158,239,19.030483870967743,0.8716958849600179,1.596884538783902,3.1520535068309803,19.86990578881274,30.658207524674346,58.03704252340506,High,Organic,0,8.705556378510758
17059.0,8,652,681,6.661747919143876,0.9796928815134442,2.140808953469534,4.286542055681645,7.123959413439307,14.733133491324908,28.27206482507041,Mid,Paid Search,12,11.308825930028163
17061.0,10,158,231,52.850808080808086,0.8015624965976227,5.143322034911007,10.18355434596193,52.50183087845976,260.9018518095256,495.3437538663271,Top,Paid Social,8,123.83593846658178
17062.0,5,125,439,7.3671951219512195,0.1035501710730903,0.2240158398165372,0.4463122360030319,8.076556866548685,1.7479430247323222,3.33833623657602,Low,Paid Search,12,1.3353344946304082
17063.0,12,717,738,17.748926829268292,0.9865090037932268,2.8676519669376304,5.747825898931831,17.914638605586852,49.627805890993656,95.3262213660893,High,Paid Search,12,38.13048854643572
17064.0,2,268,326,13.860483870967744,0.915699316988168,1.3244908034666325,2.624431704661703,15.079301052033133,19.296724706966764,36.6631184273754,Mid,Organic,0,5.49946776410631
17065.0,1,0,637,16.225,0.050854859309837,0.0293764072595451,0.0585757629599551,18.172671178790345,0.5157442116137753,0.985780116001068,Low,Paid Search,12,0.3943120464004272
17067.0,2,6,731,34.964615384615385,0.0091669105529553,0.0067063526978791,0.0134104800722019,34.63472704717823,0.2243883940593464,0.4300523810224793,Low,Email,2,0.08601047620449587
17068.0,46,608,620,8.9463671875,0.9942554795107228,11.978465562704532,23.986009352973703,9.020222409873613,104.37919293217384,200.3099201820116,Top,Organic,0,30.04648802730174
17069.0,13,708,736,19.641627118644067,0.985472059665486,3.087094752549856,6.18784444833075,19.771962291112494,58.96443966459462,113.26327254062689,Top,Organic,0,16.98949088109403
17070.0,1,296,409,4.241142857142857,0.8395092529383318,0.7066332692320657,1.4014970434932816,7.827413710115147,5.343912921528105,10.162449771640324,Low,Organic,0,1.5243674657460484
17071.0,12,656,683,17.930188679245283,0.9846007791023984,3.0664960784539605,6.142241947501225,18.09353909748405,53.5993986346112,102.8891622093196,High,Paid Search,12,41.15566488372784
17073.0,3,91,108,8.310862068965516,0.946336272416945,3.782997045627967,7.408785221744186,9.422091289039855,34.444176084761224,64.71722790899675,High,Paid Search,12,25.8868911635987
17075.0,9,708,725,11.20865,0.9842477284764864,2.2524302951084594,4.513030810636347,11.541755675459932,25.11398663849106,48.22264478293028,High,Paid Social,8,12.05566119573257
17076.0,5,699,735,24.855,0.970493281971075,1.3440183302769984,2.6915992184821755,25.02738859658162,32.4949264879366,62.366331062503946,High,Paid Search,12,24.94653242500158
17078.0,1,0,35,13.507142857142856,0.802081214612791,2.7564551209593606,5.330037488340505,15.82643727673704,42.16664154667198,78.26739222345911,High,Paid Search,12,31.306956889383645
17080.0,6,503,525,29.01606060606061,0.9755240339687204,2.1009663096785096,4.194852497710727,29.05343590077314,58.969459711661685,112.85494324506746,Top,Paid Social,8,28.213735811266865
17081.0,5,629,654,4.506495327102804,0.9723484768846934,1.4936102734403691,2.987937597923137,5.303696510959809,7.6527292051185585,14.67249960766278,Low,Email,2,2.9344999215325562
17082.0,5,691,724,27.83547058823529,0.9710820159964312,1.3630529525490702,2.7293452424162137,27.9163421141786,36.759260496734186,70.54155013975877,High,Paid Social,8,17.635387534939692
17083.0,8,559,668,35.2155652173913,0.940691150135344,2.0909586612380333,4.185992713506172,35.12341758651993,70.94779209289212,136.1222235164076,Top,Paid Search,12,54.44888940656304
17084.0,2,361,395,17.6971768707483,0.934270178653964,1.1582866100340763,2.300463519041306,18.63444218517006,20.85316804784156,39.708350027246816,Mid,Email,2,7.941670005449364
17085.0,27,610,733,7.915155466399198,0.6855115234755411,4.261620811846839,8.544686912963112,8.046693938752014,33.126932725892814,63.65100030738599,High,Paid Search,12,25.460400122954397
17086.0,5,56,63,21.355,0.9694104181538324,7.412625410280619,14.467008571520129,21.63485811783723,154.98361578626697,290.2357611571414,Top,Paid Search,12,116.09430446285656
17088.0,3,225,253,17.313130434782607,0.9479983119132986,2.1680644042499497,4.287344143075504,17.97290143019953,37.64927050447295,71.39586173941878,High,Email,2,14.279172347883756
17090.0,12,503,507,34.23347826086957,0.9895286732220696,3.9950848351621313,7.979772074768562,34.18444033271563,131.9359248717188,252.5892316302899,Top,Email,2,50.517846326057985
17091.0,18,720,722,16.479113924050633,0.9932634261592092,4.270146026674386,8.559304966948055,16.60114654320301,68.48117262987967,131.54553711767483,Top,Email,2,26.309107423534968
17092.0,10,625,674,14.093098236775818,0.9757655371980456,2.6133726793299235,5.233293666065856,14.348437915542084,36.22440301104587,69.51938260072795,High,Paid Search,12,27.807753040291182
17094.0,1,101,423,22.34444444444445,0.4651846095924694,0.3808563103572271,0.7556907065993134,23.455380041918403,8.630742046289917,16.41961703641418,Low,Organic,0,2.462942555462127
17095.0,6,701,724,18.775547445255476,0.9769018203242524,1.5880114329595496,3.1804851640189407,19.076304681165418,29.26458202328155,56.17068071511847,High,Email,2,11.234136143023695
17096.0,10,540,554,17.32341013824885,0.985311332515532,3.132890746697284,6.2621182904270425,17.52838223799197,53.05079072650472,101.63410015739632,High,Paid Social,8,25.40852503934908
17097.0,8,428,429,4.324032258064516,0.9855419716288454,3.205181456633009,6.388412293631395,4.831629418144264,14.961196491617423,28.585135635031435,Mid,Email,2,5.717027127006287
17098.0,2,159,540,32.83722222222222,0.4250982194171707,0.4054287193243372,0.8081396606012045,32.66345049770952,12.793688503436222,24.44559526403451,Mid,Organic,0,3.6668392896051762
17100.0,1,0,17,14.949846153846154,0.8591091093149456,3.4791631769616265,6.707655936519127,17.07187410708161,57.41414990949488,106.26720715627748,Top,Paid Social,8,26.56680178906937
17101.0,6,539,549,34.34315068493151,0.978963398562786,2.028854790439877,4.052707670709536,34.24351533341232,67.11775963439474,128.50430785351853,Top,Paid Social,8,32.12607696337963
17105.0,1,147,305,7.397555555555555,0.7361624617027535,0.783230894450344,1.5475484932328227,10.55223775075704,7.985541979999105,15.131378614323255,Low,Organic,0,2.2697067921484884
17107.0,9,643,676,23.85077151335312,0.980026863859939,2.386736539027131,4.779157732121007,23.96523582808501,55.25629541298613,106.0378587295193,Top,Email,2,21.207571745903863
17109.0,7,468,497,9.253285714285717,0.975330907441392,2.501885799935468,4.993522759926239,9.722724283346652,23.500007074892157,44.95844377179706,Mid,Paid Social,8,11.239610942949264
17110.0,2,444,609,10.013725490196078,0.8792857695473696,0.7556854994945041,1.5082796603226367,11.514833175791086,8.406415735775967,16.082592987065798,Low,Email,2,3.2165185974131596
17111.0,1,378,424,9.726122448979591,0.8857279048423593,0.723751293007945,1.4361017272062255,12.56241058228676,8.784290083520567,16.712208829482424,Low,Paid Social,8,4.178052207370606
17113.0,5,123,697,14.60748427672956,0.0082434237815892,0.011968848248031,0.0239577726457618,15.09452876155096,0.1745296545084234,0.3348139661635856,Low,Paid Search,12,0.13392558646543426
17114.0,7,329,334,6.367086614173228,0.9821422108587472,3.495315446256756,6.946311781616512,6.900387167373394,23.302176664643515,44.39772247641584,Mid,Paid Social,8,11.09943061910396
17115.0,6,726,734,23.01241666666667,0.9798782280522546,1.5734662252579232,3.151740978275532,23.20420330485248,35.27101153306112,67.7073598393367,High,Organic,0,10.156103975900505
17119.0,1,56,59,17.340285714285713,0.902102699041448,2.581972308789352,5.009599241629591,19.13545951378799,47.75238815321343,88.9238326252956,High,Organic,0,13.33857489379434
17122.0,3,380,499,19.016666666666666,0.9075441521665092,1.204773660190699,2.401425605559959,19.591006367255027,22.80246122933348,43.56907623847852,Mid,Paid Search,12,17.42763049539141
17123.0,2,410,572,22.724883720930237,0.8749592396336637,0.7940645847315686,1.5838095026947685,23.293195812176023,17.86901704468291,34.16386139975591,Mid,Paid Social,8,8.540965349938977
17126.0,8,313,464,4.358821052631579,0.7660487900146176,2.3330427051831437,4.653956922238422,4.865742804393049,10.966988524904428,20.97020919347363,Mid,Paid Search,12,8.388083677389451
17127.0,4,306,734,31.217027027027036,0.3920613643923989,0.4576743640183113,0.91627885009586,31.188544275158208,13.789485244007116,26.45790935062153,Mid,Organic,0,3.9686864025932294
17131.0,4,70,75,18.38186567164179,0.967257806095122,5.751699279682181,11.23512231258962,18.842268840817653,104.73263691390012,196.293563401948,Top,Organic,0,29.444034510292198
17132.0,1,36,487,16.317948717948717,0.1852376320818511,0.1348222825422088,0.2679818581004822,18.25291065487054,2.377542127141796,4.530714558464679,Low,Email,2,0.9061429116929358
17133.0,11,612,628,261.11303571428573,0.9862260646563524,3.059544210096776,6.123274927062103,257.83908799800105,762.0854521925647,1461.753779097208,Top,Organic,0,219.2630668645812
17134.0,2,335,441,17.21891891891892,0.8947154798406725,1.0128403372588293,2.0142231292217656,18.191280713325504,17.800670749761316,33.937955708356256,Mid,Email,2,6.7875911416712515
17135.0,9,563,578,12.2135,0.9839664183418294,2.749365581732041,5.497237626493729,12.529227123047228,33.27820546903877,63.772964474494366,High,Paid Social,8,15.943241118623591
17137.0,5,261,677,6.441079545454546,0.2138405879434515,0.3185993981630107,0.637560066697939,7.178878203661572,2.209531711930783,4.237626568801837,Low,Paid Search,12,1.695050627520735
17138.0,6,397,672,17.2549609375,0.6462381189313552,1.1224029184780246,2.2464297130118256,17.594827055931972,19.077950425256684,36.59472837707532,Mid,Paid Social,8,9.14868209426883
17139.0,24,681,697,24.208232385661308,0.9918259940566402,5.76603238883776,11.55567935802448,24.24928190154387,135.07259296939677,259.41720754501887,Top,Email,2,51.883441509003774
17141.0,3,266,683,4.335229885057472,0.4596066637487029,0.4645744476904596,0.9290423476430324,5.645834615248045,2.5338772859661223,4.856544622026116,Low,Email,2,0.9713089244052233
17142.0,3,445,683,14.26388888888889,0.840043478003703,0.8491233169824648,1.6980518919401344,15.076577473397911,12.36732112439692,23.703770986943866,Mid,Paid Social,8,5.925942746735966
17143.0,1,98,514,7.637272727272728,0.361265090059591,0.2511819739679339,0.4995939604504817,10.759177455687928,2.610948187915675,4.978605130127541,Low,Organic,0,0.746790769519131
17144.0,1,83,84,20.511875,0.9053651945624618,2.208572781542055,4.298052965731208,21.873384987571075,46.68817779485631,87.19334058141408,High,Paid Search,12,34.87733623256563
17145.0,3,145,658,17.33838888888889,0.1298516126068438,0.1356508587225777,0.2711708375305919,17.996893188359298,2.358436071335574,4.518708030092174,Low,Paid Social,8,1.1296770075230436
17146.0,12,570,675,19.34072607260726,0.9330861220475876,2.936560978804775,5.881364363170074,19.48570095362691,55.27764956744059,106.10019248603976,Top,Email,2,21.220038497207952
17147.0,8,675,697,23.529044117647057,0.981498629505254,2.101007824678907,4.207728814838651,23.66378487600325,48.02933654167685,92.18393127118982,High,Email,2,18.436786254237965
17150.0,5,357,733,14.791935483870969,0.4569904118529769,0.6344194334586271,1.270489167006231,15.273316287856224,9.360623522540964,17.965084011018558,Low,Email,2,3.593016802203712
17152.0,3,230,425,126.03125,0.7605459558393367,1.15530486519594,2.2986909630165373,121.23887413059164,135.32187903724667,258.12113905954175,Top,Paid Search,12,103.24845562381671
17155.0,6,719,736,12.225479452054795,0.9781899460490916,1.5669416170470707,3.138748005605404,12.69470184160832,19.216267046022896,36.889009075236864,Mid,Paid Search,12,14.755603630094747
17157.0,18,727,734,36.53829787234042,0.9924175910491654,4.2041482920188455,8.428191325145281,36.48535893756833,148.17888732539058,284.6745986209261,Top,Email,2,56.93491972418522
17158.0,4,609,641,17.52212389380531,0.9651341312626892,1.2703559424731574,2.540019468317618,18.015274267264807,22.10901058166763,42.36877214312363,Mid,Paid Social,8,10.592193035780907
17159.0,4,623,644,16.15069230769231,0.9679010961273696,1.2687769674490843,2.536978140035224,16.696079935952294,20.464567443532985,39.21912950706928,Mid,Paid Search,12,15.687651802827714
17160.0,16,704,735,15.68227342549923,0.9859419489452104,3.7399103460310568,7.49716564615052,15.827221562714902,57.181531910213685,109.8496786096561,Top,Email,2,21.969935721931222
17162.0,9,276,305,16.494807692307692,0.971823553910338,4.608423637351725,9.1521542149258,16.73649099774465,74.5173674387111,141.88585767407747,Top,Paid Social,8,35.47146441851937
17163.0,3,653,675,23.326,0.959247121503048,0.9797748963355454,1.9590985699131327,23.68422928296173,22.417556461956465,42.96179526477943,Mid,Email,2,8.592359052955887
17164.0,6,240,272,17.134375,0.962788570317953,3.5358558475158666,7.008645289813511,17.477342540968237,59.7065509389666,113.47820521828136,Top,Organic,0,17.021730782742203
17165.0,5,444,728,17.9432,0.7357674285314552,1.027692293873642,2.0579300937562848,18.3278194071572,18.195716762580965,34.91950313779302,Mid,Paid Search,12,13.967801255117209
17166.0,1,165,203,17.195,0.8734952626935738,1.2550048797556834,2.4666742136716437,19.01003928364932,23.053299217435264,43.46357831325327,Mid,Paid Search,12,17.385431325301308
17167.0,2,65,444,10.97607594936709,0.1929672889173875,0.2172128700436131,0.4320028735976073,12.40656251198967,2.6035664922952355,4.964217272077731,Low,Email,2,0.9928434544155462
17169.0,2,520,577,15.423066666666667,0.9308201468772284,0.8384175416157398,1.6724326202511852,16.527215276923965,13.386754134754987,25.596504908009788,Mid,Email,2,5.119300981601958
17170.0,1,14,388,17.868000000000002,0.1772405291634819,0.1557520481685316,0.3087027067342571,19.5910173605257,2.948096755067262,5.602778277870493,Low,Email,2,1.1205556555740985
17171.0,1,372,661,15.3836,0.7524427833603777,0.4207646491915287,0.8393417693092536,17.44631909278175,7.091820648202991,13.560468316463766,Low,Organic,0,2.0340702474695647
17172.0,2,647,726,24.5274358974359,0.9281123823785998,0.6831551658248962,1.3659904497034558,24.96346950561131,16.475055484066367,31.573282320476103,Mid,Organic,0,4.735992348071416
17173.0,7,125,130,43.79767441860465,0.9802697883205228,6.789556832871366,13.350023142362048,43.50276058957615,285.405796004771,538.2917839088299,Top,Organic,0,80.74376758632448
17175.0,3,252,295,22.915714285714287,0.940191239455302,1.9137356088712665,3.791411996873614,23.294519145035984,43.071543511851104,81.8222808873517,High,Paid Social,8,20.455570221837924
17176.0,2,475,676,21.483809523809523,0.8661779661442643,0.679227341688167,1.357157648241859,22.143196599908823,14.529873012858015,27.826425054033745,Mid,Paid Social,8,6.956606263508436
17179.0,5,384,562,9.539620253164555,0.8471161777747698,1.485504541225987,2.967302861438068,10.18227642952912,14.612585193035407,27.97700745507702,Mid,Paid Social,8,6.994251863769255
17180.0,10,630,686,5.5318137254901965,0.9733048342834352,2.566327114300671,5.139896717894511,5.920642425538032,14.678284762344184,28.173777345306533,Mid,Paid Search,12,11.269510938122615
17181.0,2,538,595,15.512333333333334,0.93136666556722,0.8168300610046261,1.6299124609147653,16.609931198813687,13.10729291295176,25.070063665418235,Mid,Paid Social,8,6.267515916354559
17182.0,1,295,717,53.55,0.6227476889248457,0.3240853459922256,0.6470632855134404,50.39407789411111,15.777887251684067,30.19492746854588,Mid,Paid Search,12,12.077970987418354
17183.0,5,97,104,45.85356164383562,0.9715539985026338,5.81131135905621,11.39245205559909,45.38117727844025,254.84470172864067,479.2827823590664,Top,Organic,0,71.89241735385995
17184.0,1,161,729,14.172142857142855,0.3596170761507193,0.1844084825864067,0.3682526550479272,16.400509224913552,2.921778160602337,5.592501078991757,Low,Paid Social,8,1.3981252697479392
17185.0,2,6,597,5.215,0.0166605726553549,0.0145691027421517,0.0290724105770121,7.068257341392949,0.0994851878698055,0.1902899002693748,Low,Paid Social,8,0.0475724750673437
17186.0,1,13,59,72.0,0.7875100245514665,2.2539884632276057,4.373237798712611,66.32133720818125,144.4806154831863,269.04979134456084,Top,Paid Social,8,67.26244783614021
17187.0,1,299,525,20.335217391304347,0.7637108769409476,0.5214959243793446,1.0375054455728236,21.72088246488819,10.943535977073946,20.87239957229302,Mid,Paid Search,12,8.348959828917208
17188.0,12,719,730,26.70308139534884,0.9885383538652212,2.9016814400334137,5.815490511876718,26.752144438164063,74.98931428446261,144.02843243942013,Top,Paid Search,12,57.611372975768056
17189.0,4,631,737,7.785609756097561,0.943724462801622,1.097655525401018,2.197624443754864,8.649619875701246,9.17189895024626,17.59876642791989,Low,Paid Social,8,4.399691606979973
17190.0,6,585,643,8.938666666666666,0.9658519949512446,1.744100937410781,3.489281949909206,9.492424578822842,15.993695673782764,30.666570446136078,Mid,Paid Search,12,12.266628178454432
17191.0,14,710,737,8.410521739130434,0.9862861057222588,3.3013093918864223,6.617593324708852,8.657294940152916,27.60950398026227,53.037212166945984,High,Email,2,10.607442433389197
17193.0,8,702,737,52.50090909090909,0.978754767841456,1.9934865763737344,3.9943663778965655,52.07317452229687,100.28121313178973,192.5624918839481,Top,Organic,0,28.884373782592213
17194.0,2,256,529,13.31967213114754,0.7122446375070363,0.6913847461809424,1.3778187954247163,14.578176239172654,9.737409793041833,18.60174379679355,Low,Organic,0,2.7902615695190325
17198.0,2,347,370,7.016647398843931,0.938623649739083,1.2271906564693758,2.435394435360844,8.737692653367493,10.35983941306518,19.71230461172029,Mid,Email,2,3.9424609223440576
17200.0,3,264,651,14.2684,0.4998153370989304,0.5270801163613509,1.0535394387303905,15.080862355059876,7.679048105885486,14.711387644640318,Low,Paid Search,12,5.884555057856128
17201.0,3,613,667,6.677634408602151,0.950764049159904,0.9813934242233362,1.9621041813533613,7.870768991863484,7.462144064778392,14.299120122427311,Low,Organic,0,2.1448680183640967
17203.0,9,352,387,20.651407407407408,0.9719689012831408,3.8106374611260345,7.58780857393235,20.82120367895126,76.65296817790293,146.31949192963523,Top,Organic,0,21.947923789445284
17204.0,8,372,547,31.09994350282486,0.7628903713807729,2.0192533481865094,4.03475731227074,31.08769875952098,60.64373715982396,116.14264941333929,Top,Paid Search,12,46.457059765335714
17205.0,2,510,563,28.552857142857142,0.93183320565343,0.8573565104740635,1.7097525670036229,28.693489251423355,23.76629649114131,45.43141540471829,Mid,Email,2,9.086283080943657
17209.0,2,87,736,15.29,0.0805019644800227,0.0585370257928868,0.1170625358914956,16.403913574092087,0.9276411524133416,1.7779879661554818,Low,Paid Search,12,0.7111951864621928
17211.0,12,699,725,10.733819628647217,0.9852375958644494,2.909796135707624,5.831409067936427,10.990919527016109,30.89498138223561,59.33520383924726,High,Organic,0,8.900280575887088
17212.0,2,233,486,27.393448275862067,0.7136485621345007,0.7445853299363877,1.4824161280523898,27.619162440960903,19.867844067615632,37.91970885100916,Mid,Organic,0,5.687956327651374
17213.0,12,684,724,18.4423487544484,0.981241655060474,2.901567050334156,5.814848305846423,18.59902709396857,52.13318336548351,100.12299806369796,High,Paid Search,12,40.049199225479185
17214.0,5,298,358,10.37980582524272,0.94482274285084,2.4160092436790346,4.802544860125191,10.996663618408109,25.66815733670803,48.91689407722266,High,Organic,0,7.337534111583398
17217.0,1,385,618,7.517241379310345,0.7889590948746718,0.4679706858382734,0.9327999382996304,10.655558463557076,4.81741028760195,9.20486460866828,Low,Email,2,1.8409729217336563
17218.0,17,678,682,7.986057142857144,0.9925222538087186,4.25663352087047,8.527786377862101,8.193602420236838,33.69257015970133,64.68818732439024,High,Organic,0,9.703228098658537
17219.0,1,384,416,5.1826,0.8924532406425378,0.7407911355742006,1.4695595902626,8.640141734362807,6.183898949786284,11.762244841014065,Low,Paid Social,8,2.940561210253516
17220.0,20,664,688,6.581130690161527,0.9886439475479278,4.895939124312169,9.810094636836428,6.7688277774901335,32.014128944018026,61.47466981342939,High,Organic,0,9.221200472014408
17221.0,4,599,606,7.766031746031746,0.9709444991427708,1.3424564885007269,2.68269091944603,8.630787583840153,11.193259230614768,21.43898234117651,Mid,Paid Search,12,8.575592936470604
17222.0,5,632,697,14.203628318584071,0.96175563411371,1.3963988193964474,2.795139911930444,14.703073433827791,19.83421005537109,38.049525469266094,Mid,Paid Search,12,15.219810187706438
17223.0,2,64,374,8.648811881188118,0.2742709083802699,0.3554873270490954,0.7055663879969689,10.25008238263664,3.520423671274957,6.699356084361623,Low,Paid Search,12,2.6797424337446496
17226.0,2,356,664,14.756065573770492,0.7523454055314867,0.5993639309425625,1.197362610711937,15.90916139006408,9.211814900309058,17.63862815805176,Low,Organic,0,2.645794223707764
17227.0,11,674,692,16.17624,0.9861033074642296,2.807876546119319,5.624524098732787,16.37912665299848,44.42858226933354,85.28924070788479,High,Organic,0,12.793386106182718
17228.0,12,621,637,8.874972067039106,0.9871063306999486,3.2696055158777075,6.544966870824378,9.156287787486695,28.92091117928082,55.483421869254194,High,Organic,0,8.32251328038813
17229.0,1,46,142,6.782127659574468,0.7163378025070022,1.3031863939823434,2.5502116961003374,10.020959718865258,12.619778685245873,23.693697982696804,Mid,Organic,0,3.5540546974045206
17230.0,17,467,730,44.50650224215247,0.0958746642863558,0.3870200862291497,0.7758142780776432,44.37692244733616,16.591312150032795,31.872247214090255,Mid,Paid Search,12,12.748898885636102
17231.0,24,719,731,5.82284789644013,0.9929571457720132,5.5326300182996375,11.092393368881782,5.98443882147646,31.984849804505966,61.45285193928108,High,Paid Social,8,15.36321298482027
17232.0,1,11,14,11.708888888888888,0.8997737011269406,3.755932762329765,7.237387752686858,14.274065609260802,51.824326808911046,95.87189186452584,High,Paid Search,12,38.348756745810334
17233.0,2,689,724,9.67,0.9401684114150982,0.6937311173375592,1.387099285898403,11.19633163585197,7.503599671391461,14.379744757672224,Low,Paid Search,12,5.75189790306889
17235.0,7,527,552,19.24121212121212,0.9774953681090794,2.291673615393165,4.578819993847749,19.489651107202697,43.14830078669051,82.63137969886834,High,Paid Search,12,33.05255187954734
17236.0,11,629,641,12.210506329113924,0.9872118487384912,3.007919773981326,6.021088405116929,12.46968586814511,36.23422499729474,69.51316810907173,High,Paid Social,8,17.378292027267932
17237.0,3,370,381,12.526,0.9601504994544108,1.5954512439759678,3.1704436442996298,13.425842643969055,20.69482820759148,39.42727268343358,Mid,Paid Search,12,15.770909073373431
17238.0,31,736,738,6.322583265637693,0.995941575732626,7.022971956209673,14.082681462363604,6.445331034804625,43.72749582298994,84.02711570879143,High,Paid Search,12,33.61084628351657
17239.0,3,213,526,37.1703125,0.5284597392072423,0.6706895341033661,1.337623025634569,36.8342580214839,23.86656107170321,45.627072071035535,Mid,Paid Search,12,18.250828828414214
17241.0,11,276,661,16.047602339181285,0.0105621261444966,0.0313212400380235,0.0627146382040068,16.25231498095787,0.4917563372518641,0.9436546475293368,Low,Paid Search,12,0.37746185901173473
17242.0,4,576,684,34.39619047619048,0.9397633436784288,1.1680713159986482,2.336970098675843,34.24661471988164,38.64441727236356,74.10058681603694,High,Organic,0,11.11508802240554
17243.0,68,736,737,18.421393298059964,0.9981305286049243,15.112930350354327,30.30945020499901,18.449390962010757,269.35089256329627,517.6602951001471,Top,Email,2,103.53205902002942
17244.0,4,680,733,15.217,0.9609445737706348,1.1231283550423543,2.2485109197290813,15.797951577257551,17.140622785664426,32.887350072052826,Mid,Organic,0,4.933102510807924
17245.0,1,484,688,14.8652,0.8246339202345294,0.445137408019163,0.8883540960094396,16.998801953030313,7.310123849858904,13.983774284547628,Low,Paid Social,8,3.495943571136907
17246.0,1,191,737,6.486666666666667,0.4199791525973783,0.2132795616060986,0.4259562459534363,9.765898263513758,2.0121939257293,3.8519164349999913,Low,Paid Search,12,1.5407665739999965
17248.0,1,361,481,4.668034188034188,0.8464569570918313,0.6225578056701289,1.2372497929823458,8.19593451911432,4.9296200084600725,9.392672022751958,Low,Email,2,1.8785344045503916
17250.0,1,257,260,6.7459649122807015,0.904820071760988,1.0870129389451848,2.1433116583349974,9.989741645496316,10.49233859540267,19.84198024849937,Mid,Paid Search,12,7.936792099399749
17251.0,2,362,724,10.155375,0.7103886582801693,0.5241813186542433,1.048088394213968,11.646087878427291,5.897450828818541,11.30175400516899,Low,Paid Search,12,4.520701602067596
17252.0,1,69,185,4.067356321839081,0.7125279413546578,1.0913615594674877,2.14253313233749,7.677389687726148,8.096457082544497,15.247653655938432,Low,Paid Search,12,6.099061462375373
17254.0,2,396,400,3.180608108108108,0.9466225478831384,1.1615804743609826,2.3073527770675915,5.183157257492887,5.816777143857829,11.077822906547048,Low,Paid Search,12,4.431129162618819
17255.0,3,405,445,4.205947368421053,0.9498711037214904,1.3887339729103667,2.764583033644822,5.5230355373481945,7.41008995715484,14.141466561433305,Low,Paid Search,12,5.656586624573322
17256.0,4,492,599,16.094516129032257,0.9336801325966952,1.3040882472079605,2.605714535196914,16.642043484412497,20.966221152363754,40.15316282913369,Mid,Paid Social,8,10.038290707283423
17257.0,1,0,436,12.848666666666666,0.1039556042363442,0.0830047237684953,0.1647597112422756,15.257997112083636,1.2236088975506474,2.328706500548709,Low,Email,2,0.46574130010974185
17258.0,1,268,664,7.587272727272728,0.6193169616151344,0.3449435525021628,0.6881284811537285,10.716014151313754,3.571048330038246,6.828628402592916,Low,Paid Search,12,2.7314513610371662
17259.0,5,507,654,5.725272727272727,0.9135797983736308,1.4033365659503678,2.807346844424909,6.485050647211612,8.79175551780627,16.856343133035388,Low,Paid Search,12,6.742537253214156
17262.0,10,672,724,131.3152380952381,0.9758588391433312,2.452540134215462,4.914334963797195,129.74282999835108,307.39128493657086,590.2785013498341,Top,Organic,0,88.54177520247511
17265.0,1,41,180,4.432283464566929,0.6120433733477292,0.954985427493625,1.874163998449862,7.992418914445341,7.375477877377568,13.88534968654151,Low,Paid Search,12,5.554139874616604
17266.0,4,638,640,4.0766141732283465,0.9720536575243356,1.2812211646684355,2.5617048554658357,5.081898381367032,6.290036509614682,12.053784961759316,Low,Paid Search,12,4.821513984703727
17267.0,1,0,126,8.358421052631579,0.5028679492088823,0.983688175016123,1.9223552701571165,11.381720349015724,10.819607913721343,20.28735139760294,Mid,Organic,0,3.043102709640441
17268.0,10,623,731,57.79633333333333,0.9444833354744562,2.353381984915981,4.716038317022128,57.3702446502472,130.42797952564072,250.47857409241396,Top,Paid Search,12,100.1914296369656
17270.0,1,262,731,12.33469387755102,0.5605441656208697,0.2867423210386214,0.5726240074629354,14.8143018333508,4.103758946129457,7.855119506751672,Low,Paid Search,12,3.142047802700669
17272.0,3,220,262,18.847631578947368,0.9378530554275806,2.089515999818948,4.13375541280693,19.430448285275343,39.227630477612806,74.41882281139581,High,Paid Social,8,18.604705702848953
17274.0,1,360,395,7.308607594936709,0.8902053808704138,0.7709682001719026,1.5284183844624704,10.475451992803974,7.802950583853417,14.832518160973908,Low,Paid Search,12,5.9330072643895635
17277.0,1,95,322,15.439855072463766,0.5763188700128243,0.5877842957872664,1.1621955351355966,17.494882189088642,9.935611718941988,18.83913405550712,Low,Paid Social,8,4.70978351387678
17278.0,1,323,564,15.95529411764706,0.7633260084671508,0.4901462964497585,0.97596704422601,17.939843236960243,8.495108466302892,16.21568308157491,Low,Organic,0,2.4323524622362362
17281.0,5,299,672,132.975,0.3577789158974122,0.5365595984176428,1.0736528006323645,129.82750155710826,67.29514439325595,129.05577863695618,Top,Paid Search,12,51.622311454782476
17282.0,4,418,548,10.78184331797235,0.9105092854492688,1.3737232958944177,2.7423609633648063,11.531728155937282,15.304002122201393,29.283974029378523,Mid,Paid Social,8,7.320993507344631
17284.0,7,384,444,7.468342245989304,0.956465069427757,2.698376371292701,5.379343229141119,7.977275675767689,20.79582223400605,39.74039510206023,Mid,Paid Social,8,9.935098775515058
17285.0,1,34,662,8.741632653061226,0.1039181135836316,0.0580335779843545,0.1157673939155371,11.712533927996908,0.6566664169939305,1.255650289614768,Low,Paid Search,12,0.5022601158459072
17286.0,2,378,399,4.25247311827957,0.940087379280072,1.1559291225308468,2.2960582574620507,6.176364529236741,6.897679891155876,13.135985591762884,Low,Email,2,2.627197118352577
17287.0,20,710,736,8.3069898989899,0.9884924908192252,4.609658880786191,9.241782148497864,8.481126319311299,37.766927094447794,72.56096215353408,High,Paid Search,12,29.024384861413633
17288.0,10,385,393,8.474508474576272,0.9861513655812651,4.187879453053765,8.341335672959765,8.81745417173265,35.67478169531942,68.11631389824237,High,Paid Social,8,17.029078474560592
17289.0,8,609,640,7.453010752688171,0.978706781990094,2.2592050915126767,4.521027972967956,7.899860245903364,17.24144911322671,33.067487403834086,Mid,Paid Search,12,13.226994961533634
17290.0,7,722,725,7.396256157635468,0.983341723628212,1.8144617378188463,3.634662578969456,7.90678461272965,13.859300031238632,26.60610055631886,Mid,Paid Social,8,6.651525139079715
17292.0,1,107,578,18.116666666666667,0.3333489048945869,0.2095637507754582,0.4173980238163818,19.80568286094659,4.009857723398338,7.656210537987016,Low,Paid Search,12,3.0624842151948064
17293.0,16,727,735,15.405020408163264,0.9914518184427406,3.760810580533848,7.539063046251863,15.552686296717992,56.503686667486186,108.5474910051404,Top,Organic,0,16.28212365077106
17294.0,1,0,668,27.51705882352941,0.0462689733866355,0.025634687001538,0.0511420961695056,27.92072261901185,0.6914626631536819,1.3223122760995791,Low,Paid Search,12,0.5289249104398317
17295.0,2,35,64,8.071739130434784,0.8944125223240658,3.554006822062517,6.9178682373237095,9.71535753675166,33.370034706436385,62.33335332819943,High,Paid Social,8,15.583338332049857
17298.0,4,540,641,13.679428571428572,0.940202526765125,1.237539766044463,2.47440500215284,14.318945600511451,17.11879566240574,32.80573547631159,Mid,Paid Social,8,8.201433869077897
17299.0,5,469,480,8.467333333333334,0.974769365303526,1.9563615534866767,3.901454810951529,9.142914698818732,17.280280377608825,33.03316713922396,Mid,Email,2,6.606633427844793
17300.0,1,90,481,8.946363636363635,0.3670623999039937,0.2699695008868006,0.536528023649464,11.889271242939024,3.101024659956298,5.908550256500227,Low,Paid Social,8,1.4771375641250568
17301.0,1,603,623,2.730826446280992,0.900707790845862,0.530508783869702,1.057553513837168,6.523608771248338,3.3434802355462225,6.389111154266646,Low,Email,2,1.2778222308533294
17302.0,4,290,305,14.375063291139242,0.9661163563754952,2.3605352379529507,4.681544163476837,14.988083885059371,34.182603636926416,65.00151989862714,High,Email,2,13.000303979725429
17306.0,20,393,403,135.86597222222224,0.9909644129673042,7.76445480287927,15.47780618640827,135.03783402233415,1012.9449647411154,1935.5967700429976,Top,Organic,0,290.33951550644963
17307.0,10,293,688,83.33104166666668,0.0225061290792442,0.0591891482051765,0.1185484111227842,82.50681141736655,4.717655515085821,9.055380084498877,Low,Paid Search,12,3.622152033799551
17308.0,1,59,452,644.5371428571428,0.2891852645006257,0.224080842127072,0.4449881967873896,560.5732364614352,121.36033637573088,231.06539343848016,Top,Paid Social,8,57.76634835962004
17309.0,2,577,672,8.934864864864863,0.9206390419076252,0.7257278406072774,1.4499815011709472,10.515143655087655,7.3721753568614,14.11777100531407,Low,Organic,0,2.1176656507971106
17310.0,1,147,534,512.55,0.4821834492763812,0.3245064356482849,0.6457303890798413,446.6332120490268,140.0239995265291,267.11683205008853,Top,Organic,0,40.06752480751328
17311.0,5,596,674,28.08314960629921,0.9563009645032544,1.4303957323447392,2.862294015473526,28.15641600495784,38.9074256715834,74.61699349142529,High,Organic,0,11.192549023713793
17312.0,2,20,158,46.021428571428565,0.4888284823290618,1.1919932860413185,2.341142249329646,44.880147090976,51.6938861122005,97.39381608992682,High,Paid Social,8,24.348454022481704
17314.0,16,711,736,19.1579296875,0.9876749901725576,3.741932256730841,7.50130508442048,19.26880797201969,69.65312801996211,133.80993642993346,Top,Paid Search,12,53.52397457197338
17315.0,42,436,438,12.714888010540186,0.9967189390328094,14.808899154956237,29.554848450592832,12.781592097900983,182.86086921790357,349.8098083996587,Top,Paid Social,8,87.45245209991468
17317.0,2,43,89,288.9266666666667,0.8608657197069365,2.928668736494965,5.717099927850923,269.9600279821995,764.0576989991914,1431.1578338925544,Top,Email,2,286.2315667785109
17320.0,5,586,686,16.64235632183908,0.9473733071024328,1.3950684369155402,2.7920638464359024,17.066918885373525,23.001105237931785,44.11863644664975,Mid,Paid Social,8,11.029659111662438
17321.0,5,569,577,5.9023050847457625,0.9759323436927372,1.6727711955135651,3.3422537984720124,6.656647123911967,10.757190592549696,20.60071291343904,Mid,Paid Social,8,5.15017822835976
17322.0,4,360,736,5.2123728813559325,0.5626196587113427,0.6551825851983196,1.31172960561719,6.174396515923837,3.9079868771741073,7.49843977195787,Low,Organic,0,1.1247659657936806
17323.0,11,683,698,4.659494047619047,0.9867860401010036,2.7883497102170725,5.585834900334785,5.02585886661856,13.5378858839382,25.990463399337887,Mid,Paid Social,8,6.497615849834472
17324.0,11,703,720,15.143881578947369,0.9864578078961836,2.711453977135742,5.433265387050181,15.3614223766172,40.23700220510476,77.2681571775676,High,Organic,0,11.59022357663514
17325.0,2,361,641,15.63,0.7781066001310556,0.63941529484817,1.2769059201334705,16.71896301519558,10.327652185131596,19.768333065194422,Mid,Paid Social,8,4.942083266298606
17326.0,1,121,528,3.617415730337079,0.4167047149243572,0.2831629759439142,0.5633854536087463,7.288971233700213,1.9940296334946328,3.803422262930983,Low,Paid Search,12,1.5213689051723933
17327.0,1,152,562,38.0875,0.4689266624572314,0.3020304825563765,0.6013703963784734,37.04582601639785,10.80973005867746,20.63307291130765,Mid,Paid Social,8,5.1582682278269125
17329.0,4,721,735,9.566,0.9698578689345668,1.1307920951347084,2.2639107131671694,10.36219580078766,11.319594183246563,21.719183907204524,Mid,Email,2,4.343836781440905
17330.0,3,624,647,52.975,0.9588055918727596,1.0166074382881314,2.031892341443146,51.8463501588408,50.91859049006669,97.54325130742852,High,Paid Search,12,39.01730052297141
17332.0,4,128,655,8.823894736842105,0.0382393030512388,0.0493840910792318,0.0987620441592329,9.648357016331946,0.4603014477051566,0.8822784014817985,Low,Paid Search,12,0.35291136059271944
17334.0,2,104,406,20.48870967741936,0.4086569134912258,0.4953661831854051,0.9841657578472592,21.221121157416487,10.156226738610393,19.34540433301121,Mid,Organic,0,2.9018106499516816
17335.0,1,300,684,13.025641025641026,0.6528578327220446,0.3542330538433987,0.7068923076422888,15.410773074540328,5.27383061644264,10.08786841688853,Low,Paid Search,12,4.035147366755412
17337.0,3,158,309,3.734567219152855,0.7570559690973105,1.4865029242176917,2.9466339078455475,5.075294812798263,7.289175711243829,13.854452324238428,Low,Paid Social,8,3.463613081059607
17338.0,16,621,638,8.915249632892804,0.9890997081505722,4.253883871158335,8.516949612634086,9.126530999411068,37.50485886435589,71.96489796155568,High,Paid Social,8,17.99122449038892
17339.0,2,415,508,25.882857142857144,0.9110076509024736,0.9154499641559418,1.8235139768302744,26.21942452275768,23.188931258760736,44.27952566428186,Mid,Paid Social,8,11.069881416070466
17340.0,17,633,662,28.835032175032172,0.9859547889474972,4.341388506547894,8.695307040924801,28.850117798817173,120.99587509190512,232.24879510763128,Top,Email,2,46.44975902152626
17341.0,4,383,539,4.643316953316953,0.881430327799768,1.3489457116165873,2.6924338897524795,5.627015689880249,7.333053946572495,14.029392167717736,Low,Paid Search,12,5.611756867087095
17342.0,3,290,669,35.07257142857143,0.5527664991719408,0.5690676841065047,1.1377731722074045,34.841717375260835,19.15431578074591,36.704940209669935,Mid,Paid Social,8,9.176235052417484
17343.0,5,380,735,15.74925,0.534693376492925,0.7404870414194276,1.4829368745067175,16.201235908916846,11.589386289471276,22.24308777583285,Mid,Paid Social,8,5.560771943958213
17344.0,1,682,728,6.784202898550725,0.8942912416631136,0.4591449923818352,0.9168714389700052,10.022751202296885,4.445758738598242,8.509394399057074,Low,Email,2,1.7018788798114148
17345.0,9,722,737,7.533708920187793,0.9846940842612232,2.22065040842286,4.449991971189158,7.930371500826718,17.01239385123497,32.67079419119625,Mid,Paid Search,12,13.0683176764785
17346.0,25,597,600,5.275520317145689,0.9947868590881984,6.860734762074082,13.731543272025036,5.434134146002432,36.01628669983994,69.08599642184514,High,Paid Social,8,17.271499105461285
17348.0,8,624,639,5.371822125813448,0.9827539339477328,2.2716706778756244,4.545907417536584,5.859076931370966,12.8579977657319,24.660096915312597,Mid,Paid Search,12,9.86403876612504
17349.0,4,452,630,9.066489361702128,0.8825187617661128,1.1794092266579852,2.3577749712067693,9.881711313522429,11.259019625711735,21.57282919655448,Mid,Paid Search,12,8.629131678621793
17350.0,6,668,675,13.055075342465752,0.9799592742378928,1.695323245396856,3.393239483890188,13.502960854404382,22.114607698768346,42.42121287959543,Mid,Paid Search,12,16.968485151838173
17351.0,11,693,728,28.814927536231885,0.9821190920925384,2.6730378423484056,5.35679877090245,28.83841026145195,74.46769140973016,143.01521109685126,Top,Paid Search,12,57.206084438740504
17353.0,3,495,623,231.57142857142856,0.9177191532775666,1.0058703784001684,2.0096661542259566,221.4862776244846,215.2265019789877,412.1539593536512,Top,Organic,0,61.82309390304768
17354.0,3,377,427,30.22557692307692,0.9445072447589036,1.4291760635757658,2.8437601462056232,30.23779666466493,41.75082831075288,79.64210830235658,High,Paid Search,12,31.85684332094263
17356.0,4,376,688,11.00546511627907,0.683165287437719,0.8447586080053843,1.6902093634977673,11.746832293592623,9.586340797644036,18.382755056507463,Low,Organic,0,2.7574132584761193
17357.0,1,0,23,8.625333333333334,0.8407265882298471,3.2132547706937946,6.201385294943827,11.61213666927842,36.06702282073127,66.82211970100755,High,Organic,0,10.023317955151132
17358.0,4,350,652,5.891496598639455,0.6704540186703545,0.869366750673662,1.7385479868959004,6.827652695212745,5.734249563309284,10.990603294294582,Low,Paid Social,8,2.7476508235736454
17359.0,1,636,647,7.48578947368421,0.9035299455363124,0.5148464032555274,1.026770058024871,10.6284071000433,5.286422068671224,10.106014923164931,Low,Paid Search,12,4.042405969265973
17360.0,5,417,434,5.130750000000001,0.9725131287418228,2.124074887975448,4.231317596939086,5.908783083617623,12.125254291032489,23.154855975800608,Mid,Paid Social,8,5.788713993950152
17361.0,4,627,675,15.18344827586207,0.9612865164161304,1.2089146773467143,2.4183798869874207,15.765677824241576,18.41232815435573,35.301362527767964,Mid,Email,2,7.060272505553593
17362.0,6,463,702,7.1113888888888885,0.7808367709825798,1.3046559065731411,2.612248588297565,7.712143661520772,9.720015698119102,18.651738476210134,Low,Paid Social,8,4.662934619052534
17363.0,2,6,401,26.135,0.050618005547057,0.0619853123208563,0.1231307292567468,26.453064129290315,1.584175680937236,3.0170858199763964,Low,Paid Search,12,1.2068343279905587
17364.0,27,731,731,13.120021739130436,0.995699982335239,6.2051071820137205,12.441155976820928,13.22120473225909,79.25184286810388,152.2733797098918,Top,Paid Social,8,38.06834492747295
17365.0,14,664,676,10.294092615769712,0.9895063474525206,3.576855421673856,7.164568525487033,10.51979411488898,36.34984506149062,69.77762794706118,High,Organic,0,10.466644192059176
17366.0,1,23,455,8.120296296296296,0.1638587294587928,0.1262696077432379,0.2507715903722804,11.176155322281208,1.3634225430256044,2.596107052726,Low,Email,2,0.5192214105452
17368.0,13,700,723,11.775583333333334,0.9866298536042596,3.140316396558453,6.293563020909939,12.00060436403802,36.40556146410573,69.92038821971157,High,Paid Search,12,27.968155287884628
17370.0,3,96,169,13.52060606060606,0.8534880522697561,2.594071063875748,5.105254793655526,14.3705698220415,36.02080956916207,67.99644836204465,High,Email,2,13.59928967240893
17371.0,5,714,731,4.538013698630136,0.9745627463443832,1.3562461201431113,2.71595294573039,5.334247092687485,6.988866088850905,13.412847576875084,Low,Paid Search,12,5.365139030750034
17372.0,27,695,735,6.632666666666667,0.9822557422286854,6.091531108606692,12.213993320764295,6.771684785964394,39.84850433143973,76.56766178222384,High,Paid Search,12,30.627064712889535
17373.0,6,609,648,12.82967032967033,0.972152174301945,1.7435452391577055,3.488425458754544,13.283353169232434,22.3738446895064,42.90295038232511,Mid,Organic,0,6.435442557348766
17374.0,2,176,394,17.312142857142856,0.6965348896714305,0.8653388878724312,1.7185902465299256,18.277663506369382,15.280820905883989,29.096713239993385,Mid,Paid Search,12,11.638685295997355
17375.0,3,232,431,7.6808139534883715,0.7562643220606164,1.1355136312136809,2.259673389316341,8.823639699249739,9.679852471712447,18.466738926675134,Low,Paid Search,12,7.386695570670054
17376.0,3,452,522,8.248,0.9398314518733508,1.200598080492512,2.394275351149644,9.362381714190292,10.85927489169663,20.758674175091954,Mid,Paid Search,12,8.303469670036781
17377.0,77,713,737,10.314983108108107,0.984416049413535,16.840312491160116,33.77431311787953,10.356355941699388,168.4785975473012,323.8007227178609,Top,Organic,0,48.57010840767913
17380.0,2,100,534,64.5,0.2264829039481878,0.2180845644143122,0.4346531627358779,62.00268709380667,13.063372829889886,24.95794736179353,Mid,Email,2,4.991589472358706
17381.0,37,539,547,229.8986781609196,0.9948523555536366,10.824688403739106,21.649575551808425,229.04859010686343,2395.216269276073,4591.315299620424,Top,Email,2,918.2630599240849
17382.0,7,504,569,50.126666666666665,0.9617807859899908,2.196421988160962,4.389820633089093,49.691713294784975,105.43991314857664,201.9807349505795,Top,Email,2,40.3961469901159
17383.0,1,449,452,5.848867924528302,0.9054725146815984,0.7016230372703905,1.3933095181889392,9.21530823878609,6.24673943387931,11.893550628668477,Low,Paid Search,12,4.757420251467391
17384.0,2,447,466,25.3775,0.9418476887274166,1.0181191008567525,2.026021948368114,25.751152506831797,25.329331486973693,48.32126218721319,High,Paid Social,8,12.080315546803298
17386.0,6,377,384,74.02026315789473,0.9790846291161882,2.739802015858059,5.452116070888756,72.90014819367073,192.9641244436964,368.1209543771862,Top,Paid Social,8,92.03023859429655
17387.0,1,13,33,10.052692307692308,0.8587504593014611,3.001571426100608,5.802215330800565,12.84432726650772,37.264717039414144,69.14821505716539,High,Paid Search,12,27.659286022866155
17388.0,10,651,729,47.22052631578948,0.964653150237267,2.4095283440128137,4.828437672564836,46.95933743555112,109.3064424343452,209.9112894991781,Top,Paid Social,8,52.47782237479453
17389.0,60,734,735,132.77187935034803,0.9979026470905276,13.398415771417662,26.86984646232351,132.5025261325831,1715.0054883036166,3295.90907025093,Top,Organic,0,494.3863605376395
17391.0,1,0,164,169.6,0.4039093177776442,0.6703738451970049,1.314109515405638,150.5761073465685,97.54307976356962,183.4379278697054,Top,Paid Search,12,73.37517114788216
17392.0,2,143,449,8.24421052631579,0.4991056108820044,0.5565891212227329,1.1071147890402249,9.8751722922771,5.310192980412539,10.126199324045574,Low,Paid Search,12,4.05047972961823
17393.0,1,77,487,7.940625,0.3188669670716778,0.2320822817953035,0.4613023895974623,11.021051185294422,2.4711517890009134,4.709099897238011,Low,Paid Search,12,1.8836399588952046
17396.0,13,402,440,176.142,0.974052168798843,4.7657136531831314,9.505924504273375,174.3884946390305,802.9006103279278,1535.131156998672,Top,Paid Search,12,614.0524627994688
17397.0,2,394,415,8.93608695652174,0.9403684086805156,1.119510670559064,2.2247613275169447,10.516276064774353,11.374345574756466,21.67103227722148,Mid,Organic,0,3.250654841583222
17398.0,2,140,254,17.19421052631579,0.8169307046472223,1.4307601839857698,2.826270260787831,18.168385521324968,25.11630723626501,47.58014325113707,High,Paid Social,8,11.895035812784268
17400.0,7,595,721,9.723596673596674,0.9356522623795502,1.7350057243834494,3.4753282703215245,10.182628825781224,17.066900167463498,32.76229479518869,Mid,Paid Social,8,8.190573698797172
17402.0,22,718,722,25.104334975369454,0.9940836055584312,5.158247640115095,10.340370324050976,25.14268411924293,125.28635348926544,240.68268895075303,Top,Email,2,48.13653779015061
17403.0,1,414,450,8.708043478260869,0.8916324621866555,0.6934600060669318,1.3770230090268585,11.683537532485204,7.827728964806287,14.902910769170424,Low,Paid Search,12,5.96116430766817
17404.0,22,697,701,163.63397260273973,0.9940649462648298,5.295634048919359,10.613114426594889,162.6820918606675,832.2406315946471,1598.4041642940529,Top,Paid Social,8,399.6010410735132
17405.0,2,149,149,12.57817073170732,0.9480243386762242,2.4002062681062126,4.710954001772626,13.891089176022357,32.218161849753834,60.66141589533175,High,Paid Social,8,15.165353973832937
17406.0,12,400,732,18.93841698841699,0.0829494441747117,0.2428891455419964,0.4868048808536411,19.088632882957384,4.478925767956161,8.602652648338752,Low,Paid Social,8,2.150663162084688
17408.0,2,350,513,39.51125,0.8611561570064796,0.8581639241680562,1.7095932143325323,38.84771144270389,32.20757653891772,61.50719672794444,High,Organic,0,9.226079509191665
17409.0,9,543,728,74.93759615384616,0.8399513460862201,1.9151388278470205,3.8373628319988473,74.1685305291708,137.2183448011484,263.48894677315354,Top,Email,2,52.697789354630714
17410.0,4,199,214,18.98,0.9637990942167776,3.0680949556964947,6.059388415445847,19.41762048308948,57.5624651037935,109.02485790598593,Top,Paid Social,8,27.25621447649648
17411.0,4,724,736,19.005066666666668,0.970248738127106,1.1298753370750445,2.26210366969601,19.441732370919983,21.2207986498672,40.71735284432094,Mid,Organic,0,6.107602926648141
17412.0,15,734,736,18.718305084745765,0.99200459927344,3.5414099973021296,7.099079977870329,18.841091693195597,64.45732809507263,123.82426849874402,Top,Paid Search,12,49.52970739949761
17413.0,1,165,569,56.014,0.4947569852012174,0.3152825382655333,0.6278478009135304,52.521165533670384,15.997726286991952,30.53988324944789,Mid,Paid Search,12,12.215953299779157
17414.0,5,692,735,107.12,0.9688040930983376,1.341679003616593,2.686914364362944,104.7663942634122,135.78926906434344,260.6154075266543,Top,Paid Search,12,104.24616301066172
17416.0,21,695,724,28.97562814070352,0.9875252407391908,4.892435574095972,9.807558888891156,28.986809323760006,136.99838523548794,263.1833082230752,Top,Paid Search,12,105.27332328923008
17418.0,2,344,386,15.953809523809523,0.929980238260378,1.1748534674338245,2.332721271577804,17.019010101960813,19.31786921376557,36.77517112900193,Mid,Paid Social,8,9.193792782250483
17419.0,17,672,682,20.44188679245283,0.9913546906755216,4.25162618894272,8.517754634045414,20.534450654396217,84.33952608292232,161.92801665893268,Top,Email,2,32.385603331786534
17420.0,5,351,400,19.025087719298245,0.9566411547860808,2.2352446386092417,4.448771206267349,19.3764871392425,41.84351271760924,79.83767574736706,High,Organic,0,11.975651362105058
17421.0,2,349,734,18.265689655172416,0.6803974779518251,0.4959531238908783,0.9917819584364232,19.161235229267145,9.180496165191608,17.595591021053753,Low,Paid Social,8,4.398897755263438
17422.0,10,518,534,17.535414634146342,0.9846237376987657,3.23154010470417,6.456974464782696,17.73708112330879,55.37304162990578,106.04675499148112,Top,Paid Social,8,26.51168874787028
17423.0,2,347,393,26.022093023255817,0.9282433745339213,1.155598257245163,2.294984556491966,26.34844271776108,29.41723124493066,56.01269319199143,High,Paid Search,12,22.405077276796575
17425.0,1,41,60,17.655116279069766,0.872644106727708,2.480427508567153,4.813204313209061,19.40724206366933,46.52580101336649,86.65047159433163,High,Paid Search,12,34.66018863773265
17426.0,12,652,659,18.917494145199065,0.989151280273966,3.179764612369643,6.367086719396504,19.06798260853919,58.57271080939839,112.40184569703445,Top,Paid Social,8,28.10046142425861
17428.0,44,737,737,43.6485048010974,0.9973517862477022,9.87323538275946,19.79960756271058,43.601232213365066,415.8592121051902,799.1754804485535,Top,Paid Social,8,199.79387011213836
17429.0,4,301,429,14.289052631578947,0.8816581740755516,1.6366048779724591,3.258550576616233,14.905349335503036,23.5674072380828,44.98307445210241,Mid,Organic,0,6.747461167815361
17430.0,3,446,479,17.50404761904762,0.9535619716332164,1.3105149615333582,2.611019217656036,18.15424423503456,22.984875450075567,43.898827644956086,Mid,Paid Search,12,17.559531057982436
17432.0,8,717,735,6.322707581227437,0.9825557692734076,2.00609449863266,4.0195334918896775,6.791501386502884,13.161624905866772,25.272711637131767,Mid,Paid Search,12,10.109084654852708
17433.0,1,297,384,6.128602150537635,0.8562182596082072,0.7587719001311461,1.5036970700344543,9.456793309608384,6.932771768627786,13.173883757612844,Low,Paid Social,8,3.293470939403211
17434.0,6,82,84,17.715074626865672,0.9795030545102305,7.595342357611563,14.865788949983417,18.043106803504525,132.43309813758214,248.68029119352923,Top,Paid Search,12,99.4721164774117
17436.0,4,730,732,31.41529411764706,0.9720997072377796,1.1375513855873405,2.2773572083349496,31.37925945532485,34.483409978255935,66.16179708584768,High,Paid Search,12,26.464718834339074
17438.0,4,387,640,20.03901408450704,0.7759326410176909,1.0227226803105285,2.0448566790765708,20.43629716460109,20.19124886896108,38.69309368932932,Mid,Email,2,7.738618737865863
17440.0,3,392,548,53.93,0.8851752958951496,1.0845603654657987,2.1639956713557917,52.75345749589987,55.27371751545781,105.71396029847284,Top,Paid Search,12,42.28558411938914
17442.0,14,625,661,16.326148409893992,0.9824668365380046,3.6226259022511993,7.254801756394561,16.48436867794639,57.68870077730755,110.71902369426684,Top,Email,2,22.14380473885337
17444.0,2,25,172,21.778074074074077,0.4824300101425318,1.1126300610803153,2.187444957415807,22.41586684137182,24.0996355118906,45.44806237711912,Mid,Paid Search,12,18.17922495084765
17446.0,1,133,309,13.433333333333332,0.7007944392617649,0.7381007479745131,1.4586256633812793,15.762720017898976,11.241279902769742,21.30394934524063,Mid,Paid Search,12,8.521579738096252
17447.0,1,31,71,15.0425,0.8231409862224485,2.174868752168557,4.2260797120598745,17.151859030341132,36.05255228302152,67.23336484857712,High,Paid Social,8,16.80834121214428
17448.0,45,147,644,13.032202327663384,1.1928262882935096e-21,1.3604992602617724e-20,2.72520361466206e-20,13.093362105117622,1.720851137978249e-19,3.3034541470840565e-19,Low,Organic,0,4.9551812206260844e-20
17449.0,12,728,729,8.279515050167223,0.9902786622429264,2.9103511751318973,5.832797531864215,8.568587986146573,24.09049732135224,46.268963090670205,Mid,Paid Social,8,11.567240772667551
17450.0,50,429,437,566.9701418439716,0.9947994234722672,17.543392506185665,35.01301099968902,565.2759662781373,9580.47472110012,18327.68668684096,Top,Email,2,3665.5373373681923
17451.0,6,104,105,17.214000000000002,0.980506220762974,6.7601391343249215,13.259119443841454,17.554919617515722,114.67709408593038,215.7739742195373,Top,Paid Search,12,86.30958968781493
17453.0,1,46,63,25.61684210526316,0.8776976884005865,2.4442287981593336,4.74478485162051,26.28032996726345,62.08302311200122,115.66709809083142,Top,Email,2,23.133419618166286
17454.0,9,500,692,12.285238095238096,0.8002644787097687,1.9089337564828817,3.823217237037945,12.599724531368787,23.235199984640197,44.597668390729766,Mid,Paid Search,12,17.839067356291906
17456.0,1,90,455,15.914545454545456,0.3933281144504028,0.3030988149980108,0.6019546051933882,17.90466629799434,5.243118578838828,9.98347664884296,Low,Email,2,1.9966953297685919
17457.0,13,605,731,93.51265625,0.908004985266898,2.8618040312425594,5.735932671342541,92.75378434671327,256.4261214656468,492.5351427191964,Top,Paid Social,8,123.1337856797991
17458.0,1,366,381,6.1579069767441865,0.8998043725161148,0.8024857633159758,1.5901673631435804,9.482091172272098,7.351802476033331,13.968804578521492,Low,Organic,0,2.0953206867782237
17459.0,1,16,59,5.921621621621621,0.8000201686923696,2.289794636721042,4.442709720997666,9.278114038225796,20.533399649859085,38.23701105448274,Mid,Paid Social,8,9.559252763620686
17460.0,15,592,685,16.030719424460433,0.939077417832722,3.573919913734249,7.159815841597279,16.181588855699367,55.86748497695938,107.25995754145704,Top,Paid Search,12,42.90398301658282
17461.0,2,6,29,6.823963963963965,0.8898728155673822,4.630812485180924,8.969300169873467,8.55914909904739,38.30982196141728,71.22159616564743,High,Paid Search,12,28.488638466258973
17462.0,1,223,283,25.02555555555556,0.863769903243486,0.9734189383336248,1.9214548628278196,25.769892340915764,24.2375433754316,45.88372116283351,Mid,Organic,0,6.882558174425026
17463.0,6,572,588,7.894783950617284,0.977680191498291,1.909199241926808,3.8162915752217215,8.475390112643186,15.632034216957486,29.94861519632485,Mid,Paid Social,8,7.487153799081213
17464.0,2,461,618,23.831904761904763,0.8858782773697287,0.7516591597900592,1.5004776818482348,24.3189792246726,17.659466846448794,33.78992131250824,Mid,Email,2,6.757984262501648
17465.0,6,310,735,17.906971830985917,0.1858893477425404,0.2981340988629908,0.5971865530332792,18.230068487564605,5.250416034731282,10.078982396871378,Low,Paid Search,12,4.0315929587485515
17466.0,1,68,78,18.61658536585366,0.8925650480500229,2.257242811956544,4.38977392835265,20.23724572045357,44.14835484697785,82.39623539220183,High,Paid Search,12,32.95849415688073
17468.0,2,364,374,24.35,0.9442127668361138,1.223810700997943,2.4290027525394864,24.79905456349697,29.3219483297496,55.79958303061375,High,Paid Search,12,22.319833212245502
17469.0,16,706,722,18.918539325842698,0.9897933948361866,3.8148486735870057,7.646230615022183,19.03176421593661,70.13697583417144,134.71861248652922,Top,Organic,0,20.20779187297938
17470.0,10,463,507,16.896807228915662,0.9726806267464756,3.337475686897495,6.665202165337519,17.10843099462873,55.16170942703148,105.5902289454787,Top,Email,2,21.118045789095742
17472.0,3,437,627,4.065652173913044,0.8725269353540833,0.9509900095895172,1.9001419606200567,5.389776060602284,4.951687602888402,9.48295597074274,Low,Organic,0,1.4224433956114109
17473.0,1,47,455,17.852941176470587,0.2445160622687643,0.1884241832679561,0.3742106509017316,19.57801758885536,3.5640563843626767,6.786356851064117,Low,Paid Search,12,2.714542740425647
17476.0,1,341,737,15.801935483870968,0.6716081911340749,0.3410652640500483,0.6811664390429893,17.807453929198548,5.867427320617812,11.231939147845434,Low,Email,2,2.246387829569087
17477.0,1,34,647,26.00681818181818,0.1084661317170459,0.061805807395143,0.123260747368742,26.61698308908326,1.5892934123079552,3.038240748361027,Low,Email,2,0.6076481496722055
17478.0,1,225,632,31.82,0.569267707506574,0.3311151598877658,0.660175811505463,31.63530581309516,10.11971999349089,19.340932102143096,Mid,Paid Search,12,7.736372840857239
17480.0,1,366,444,16.70425925925926,0.8692013244675992,0.6836172793206862,1.3572507049832838,18.58639944442132,12.275784850195262,23.367669842862224,Mid,Organic,0,3.5051504764293333
17481.0,3,90,93,15.312073170731706,0.9612185613068844,4.16636730055738,8.14755337962845,16.07219595784777,64.71074319310162,121.41364768618443,Top,Organic,0,18.212047152927664
17482.0,1,91,577,14.410925925925929,0.2886670352626342,0.1817460226085629,0.361984820226036,16.60664255045921,2.915881322027929,5.567322808192079,Low,Organic,0,0.8350984212288118
17483.0,3,349,414,21.133214285714285,0.9353380866929648,1.451973360249978,2.888100942095197,21.60141042429483,30.302047991663937,57.78347761737231,High,Email,2,11.556695523474463
17484.0,1,47,623,14.969285714285714,0.1456192043855453,0.0857684010416974,0.1709767616592762,17.088655620364666,1.4159681498608123,2.705796733649318,Low,Paid Search,12,1.0823186934597273
17489.0,1,153,212,12.987586206896552,0.8506315730436173,1.185447203612937,2.3312475592512274,15.37792164005289,17.6149225492797,33.22782792541646,Mid,Paid Search,12,13.291131170166587
17490.0,8,568,569,23.71120689655172,0.985598896011648,2.521260164716172,5.03979038988108,23.84241104900697,58.07274593789346,111.25968538275012,Top,Organic,0,16.688952807412516
17491.0,16,589,590,32.863021978021976,0.9926015319192794,4.571686114485884,9.14667373381823,32.83955715139233,145.03524778275624,278.10640871498737,Top,Paid Search,12,111.24256348599495
17492.0,2,270,517,28.78,0.7522024450765102,0.744638323976487,1.4835627550615642,28.90396345787485,20.7933591998562,39.71263079643959,Mid,Email,2,7.942526159287919
17495.0,2,383,390,16.80666666666667,0.9454850362803008,1.1844481334190435,2.352063282045392,17.809281179014537,20.37994174471306,38.80159769482249,Mid,Email,2,7.760319538964499
17496.0,3,335,693,19.623472222222222,0.6401297369830842,0.6387695440155352,1.277573795434484,20.16738099721592,12.445005016420716,23.85587475624333,Mid,Email,2,4.771174951248667
17497.0,1,220,610,41.035714285714285,0.5777470199241426,0.3466059269589803,0.6907820949757725,39.59091942788931,13.257179934540414,25.327562202833796,Mid,Organic,0,3.799134330425069
17499.0,1,271,561,18.89281690140845,0.7019548293393566,0.4528158756853173,0.9015790316117,20.475707037391512,8.957471955696658,17.097234297171962,Low,Paid Search,12,6.8388937188687855
17500.0,2,12,29,227.6,0.9106587781653144,4.738980633967034,9.178808241812652,213.13375722315945,976.246570569551,1814.935059662452,Top,Paid Search,12,725.9740238649808
17501.0,1,0,220,16.033333333333335,0.2937632039275464,0.398748510243116,0.7845329144132496,18.007211845356014,6.938142377703315,13.093654688105024,Low,Paid Search,12,5.23746187524201
17502.0,3,19,28,24.610714285714288,0.9478294940954513,6.492161843055571,12.589699453567995,24.904515936989,156.2715763198911,290.8596426866494,Top,Paid Social,8,72.71491067166235
17503.0,1,35,38,14.709473684210527,0.9012508372434348,3.021273135667419,5.844764167141332,16.86436870568052,49.24825227438696,91.45179968917328,High,Paid Search,12,36.58071987566932
17504.0,17,463,669,27.644855491329483,0.2812311382610227,1.22685890594362,2.4574872565813237,27.670927793927632,32.79534400972432,62.95546069073082,High,Paid Search,12,25.18218427629233
17505.0,4,443,604,23.877254901960782,0.8932975759445699,1.2386694399983824,2.475206739587743,24.12834099665855,28.87280479012864,55.29972115594392,High,Organic,0,8.294958173391588
17507.0,1,47,308,6.881590909090909,0.4079447192798153,0.4307446694988689,0.8511963883986473,10.106822969123709,4.206334341234871,7.971327876684992,Low,Organic,0,1.1956991815027487
17508.0,7,451,732,19.823506493506493,0.6348195328942444,1.1613644283744642,2.326600298842937,20.05906124224317,22.504650217047985,43.20631939659099,Mid,Paid Search,12,17.282527758636398
17509.0,7,5,62,16.708032786885248,0.4303972750943001,4.366863703129718,8.527823343674147,17.012522604041386,71.79488845740337,134.5268175569204,Top,Paid Social,8,33.6317043892301
17510.0,1,395,420,14.701714285714289,0.8958801244395452,0.7377956711051104,1.4637942359956406,16.857670280099445,12.0165193474502,22.858960468321097,Mid,Organic,0,3.4288440702481644
17511.0,59,734,737,91.89092098377812,0.997529985246774,13.143023306256696,26.358188685732223,91.72646984860864,1164.602627410301,2238.182936317417,Top,Paid Search,12,895.2731745269668
17512.0,17,700,728,27.75543147208122,0.9870828975225668,3.994364577064336,8.006853235903058,27.78048303313603,107.19577271462182,205.92071391790043,Top,Paid Search,12,82.36828556716017
17513.0,2,407,478,64.37777777777778,0.9203377510862985,0.9737936129547232,1.9383842214244775,61.88943402674333,58.22510220198339,111.1081437539191,Top,Paid Search,12,44.44325750156764
17514.0,1,541,668,6.2394252873563225,0.8624865689926969,0.4778487963068656,0.953325043279912,9.5524631653325,4.409810522122651,8.4330606689314,Low,Paid Social,8,2.10826516723285
17515.0,8,519,549,8.985888888888889,0.9777306528107664,2.579765993131366,5.15492782865329,9.402978263738971,23.434307540188502,44.882059295292215,Mid,Paid Search,12,17.952823718116885
17516.0,5,363,378,4.885459183673469,0.9725661654206856,2.379966499223612,4.733809581791271,5.671024063462237,13.039590786469772,24.86463949724389,Mid,Organic,0,3.7296959245865833
17518.0,1,195,620,4.278181818181818,0.5185877176380532,0.3067337745590817,0.6114310307905855,7.859388189095704,2.328996894629263,4.450285711431871,Low,Paid Social,8,1.1125714278579677
17519.0,14,721,738,23.015630630630632,0.9886770526454204,3.3053017230179083,6.625672356099239,23.099014970292743,73.755544947608,141.68422541725909,Top,Paid Social,8,35.42105635431477
17521.0,4,404,434,16.385384615384616,0.9623573867652476,1.7692750006284252,3.5231561177370083,16.921832911926725,28.924631083138195,55.21515738085482,High,Paid Search,12,22.08606295234193
17522.0,4,216,217,14.667260273972603,0.971964798665192,3.0634692975021034,6.051244851605288,15.269151207179974,45.19620312225294,85.61620155533784,High,Paid Social,8,21.40405038883446
17523.0,3,7,18,19.78,0.9402013920893616,7.076482207412027,13.699533556918796,20.31605900315914,138.95835652229462,258.2147294239733,Top,Email,2,51.64294588479467
17524.0,2,76,437,12.53813953488372,0.2428498344363584,0.2770051912249126,0.5508179180005928,13.853995628416538,3.7076238329917977,7.068069639232999,Low,Email,2,1.4136139278466
17525.0,2,69,428,44.68846153846154,0.2254420897757701,0.2616313554043138,0.5201199823190524,43.64499850642998,11.032104906690254,21.026275769456603,Mid,Email,2,4.205255153891321
17526.0,11,717,721,42.948865979381445,0.9889285926278903,2.714882206707416,5.440200455960557,42.77171995542086,112.17590810534664,215.4167614233806,Top,Paid Social,8,53.85419035584515
17527.0,3,164,217,19.98659574468085,0.9187837633903684,2.350418302753161,4.639384799461726,20.512294098243103,46.5840643147226,88.18415884906672,High,Organic,0,13.227623827360008
17528.0,7,70,70,14.34189723320158,0.9838457609754402,9.463099965296824,18.49796819858339,14.698741758386946,134.41916803305614,252.1042325949593,Top,Organic,0,37.815634889243896
17529.0,1,87,697,15.125,0.2055752173516831,0.1097011042683027,0.2189600338014977,17.22307848255852,1.825296216995556,3.492140727790421,Low,Email,2,0.6984281455580842
17530.0,11,732,732,5.629946236559141,0.9895870258108616,2.680213070426459,5.37143180604144,5.982535658871465,15.48980129019953,29.74949857972307,Mid,Paid Search,12,11.899799431889228
17531.0,2,428,617,21.841724137931035,0.8632960775224375,0.73353592624802,1.464274530246546,22.47484600914928,15.92683560270523,30.474177968417305,Mid,Paid Search,12,12.189671187366923
17534.0,4,598,651,18.13945652173913,0.9593283954218034,1.2456285618295528,2.49095416466384,18.60909295392108,22.39319092361695,42.91951215044686,Mid,Paid Search,12,17.167804860178745
17536.0,2,505,682,22.801875,0.8826389888205288,0.686750292706128,1.3723133076336929,23.364537163472416,15.50107810457927,29.68894677346121,Mid,Email,2,5.937789354692242
17537.0,1,273,302,11.968266666666668,0.8896226051264565,0.953772791641982,1.8842712427183332,14.49797764866318,13.360514565221404,25.3130202123944,Mid,Paid Social,8,6.3282550530986
17539.0,3,108,726,8.232013422818792,0.0441153433672839,0.0422382126121807,0.0845165825761096,9.347196854027429,0.381404648738903,0.7314268894319612,Low,Paid Social,8,0.1828567223579903
17540.0,5,575,599,24.853125,0.9721177173056595,1.6128478181725114,3.2237230382035564,25.02557116953944,38.992602089743336,74.69970385351876,High,Organic,0,11.204955578027812
17542.0,2,371,641,5.256923076923076,0.7908358150842223,0.6498756286007611,1.2977951015510456,7.107103935375166,4.462026683186359,8.540840458008583,Low,Organic,0,1.2811260687012875
17544.0,2,0,389,10.442282608695653,0.0432589625225214,0.0543058670166722,0.1078366318445155,11.9119410600976,0.6249855366096562,1.189882007968444,Low,Organic,0,0.1784823011952666
17545.0,5,534,577,5.210575539568345,0.9660930021569396,1.6559063306381732,3.308557224283221,5.986157533894144,9.576144592184503,18.3389337451923,Low,Paid Search,12,7.33557349807692
17547.0,1,289,664,23.47903225806452,0.6512838340995664,0.3627482748666311,0.7236471521628021,24.43483122468863,8.563062562980805,16.374455573421088,Low,Email,2,3.274891114684218
17548.0,3,162,395,21.50764705882353,0.5836460153426621,0.9416901567642644,1.872089451213134,21.95706562400454,19.976373549250493,38.073668468957095,Mid,Paid Search,12,15.229467387582838
17549.0,1,27,51,24.81,0.8567466842130299,2.5965730284637085,5.03254458549692,25.583810539835994,64.20661107107597,119.44221802854337,Top,Paid Search,12,47.776887211417346
17550.0,8,472,669,7.627664670658683,0.798725464013026,1.7730515665972335,3.549607402897157,8.071123339026823,13.8245801751517,26.524532078739316,Mid,Paid Search,12,10.609812831495727
17552.0,11,567,627,19.7775,0.969398070215775,3.0115506603491164,6.02713352464033,19.92926740607516,57.98020749178098,111.21010711843512,Top,Paid Search,12,44.48404284737405
17553.0,3,481,610,626.2666666666667,0.915722448325692,1.022365246710004,2.0421826938130554,596.3877921569127,589.0373896075454,1127.7632227349468,Top,Paid Social,8,281.9408056837367
17554.0,4,146,147,22.18693181818182,0.9718094855623618,3.984053021450197,7.834515210868003,22.502401611283943,86.62782631615552,163.40192670614735,Top,Organic,0,24.5102890059221
17555.0,4,566,585,3.88875,0.9679737786757164,1.3801145337827925,2.7569657552288143,4.901189875825053,6.53468183447237,12.5119692989718,Low,Paid Search,12,5.0047877195887205
17556.0,1,173,378,21.47642857142857,0.7055750183557801,0.6333046974246898,1.2547991156320333,22.706051375346437,13.893360305669258,26.39555668493792,Mid,Email,2,5.279111336987584
17557.0,3,718,732,16.441714285714287,0.9612712555906988,0.9136393366310206,1.828290511314524,17.145186265328707,15.132673306888291,29.02237013652422,Mid,Paid Social,8,7.255592534131055
17560.0,7,565,660,34.46909090909091,0.9506922069214672,1.906749322959541,3.8162763390689576,34.38058759834675,63.329318520412485,121.4768848202268,Top,Paid Search,12,48.59075392809072
17561.0,3,713,732,3.5583251231527093,0.960239761112016,0.912658953699812,1.826328659696803,4.907891149572711,4.327151490839229,8.29887685124238,Low,Paid Social,8,2.074719212810595
17562.0,6,159,172,17.81555555555556,0.9724898526724024,4.95679197460638,9.77341232251534,18.14100340251912,86.88555598799772,164.3055453825118,Top,Paid Search,12,65.72221815300473
17563.0,1,33,611,13.530344827586209,0.1183214244444783,0.0708829546892005,0.1412716632265279,15.846466750983575,1.085159889401154,2.07321204193524,Low,Paid Social,8,0.51830301048381
17564.0,2,55,79,9.265510204081632,0.912697038751758,3.2943536970682548,6.423899650695529,10.821524917804476,34.452744492758434,64.46572618167987,High,Paid Social,8,16.116431545419967
17566.0,1,17,24,5.929013157894737,0.8914257047088657,3.3754294758180743,6.515461298053893,9.284494900824782,30.292751392426077,56.13300954464374,High,Paid Search,12,22.4532038178575
17567.0,8,434,441,24.018071748878924,0.9839113541285676,3.1271245954409665,6.234660113561196,24.143318262490173,72.93913671051,139.39766469474384,Top,Paid Search,12,55.75906587789754
17571.0,4,492,542,4.826487252124646,0.9574930431159177,1.458372249723032,2.9110125571275174,5.803209108712604,8.176144969393658,15.643229165976791,Low,Paid Social,8,3.910807291494198
17572.0,9,653,724,20.083611111111114,0.9676142540366997,2.217094041932805,4.44217650291528,20.263227234070527,43.39954863299692,83.33272942629486,High,Organic,0,12.499909413944229
17573.0,2,64,93,15.224,0.9072368421767184,3.017113161929756,5.892233670228562,16.342756917877878,47.65078648991009,89.29071677897284,High,Paid Search,12,35.716286711589134
17576.0,40,728,735,9.759493534482758,0.9958414823031556,9.010161949430286,18.06803440560265,9.8411762398279,85.6579928425934,164.60609466276344,Top,Email,2,32.92121893255269
17577.0,1,23,668,16.607142857142858,0.0819081482042627,0.0453800806113918,0.0905348462678118,18.50256214793582,0.8111687214026515,1.551231057663527,Low,Email,2,0.31024621153270543
17578.0,6,311,529,16.11276923076923,0.6656044697100133,1.4241951247142932,2.843810898509506,16.48201206736116,22.677222899961908,43.402548276769465,Mid,Organic,0,6.51038224151542
17579.0,3,573,577,8.013617021276595,0.9630582801167916,1.1285455112008032,2.25298227097051,9.1397528977696,9.964709229982228,19.067882948054965,Low,Organic,0,2.8601824422082447
17580.0,4,169,421,5.739684210526316,0.4507342486472436,0.8498552356700488,1.6917430790167711,6.681622777388345,5.485975865031942,10.468984394496404,Low,Paid Social,8,2.617246098624101
17581.0,42,735,736,22.067941176470587,0.9970749805870142,9.446424961509786,18.94328958340768,22.099505330587835,201.66856547724225,387.54785399982296,Top,Email,2,77.50957079996459
17582.0,4,387,623,11.699193548387097,0.7974052374967018,1.0761540770307203,2.1511187539319394,12.41413690023439,12.906112785500712,24.726150851744595,Mid,Organic,0,3.708922627761689
17584.0,5,676,683,42.81790322580645,0.9763826526280968,1.443382038464854,2.888639525733957,42.43873050523427,59.17550305472763,113.50068030737684,Top,Paid Social,8,28.37517007684421
17585.0,6,368,477,5.2727959697733,0.9130569514634091,2.1337184159587106,4.256012982200416,5.920838623833031,12.204957134767136,23.33563249317813,Mid,Paid Search,12,9.334252997271253
17588.0,6,537,637,41.40211267605634,0.9454009614883744,1.7213075931089568,3.44337509231932,41.12092361889111,68.3788610507739,131.09967428633558,Top,Paid Search,12,52.43986971453424
17589.0,17,582,641,10.46155621742368,0.9681201479391864,4.385844125195117,8.781819690920626,10.646249834535672,45.10717549861502,86.55855540176397,High,Organic,0,12.983783310264595
17590.0,2,37,39,7.359303482587065,0.9450952169228188,4.517454147268232,8.76330172630618,9.055203264173336,39.536711449933456,73.61169865414055,High,Organic,0,11.041754798121083
17591.0,7,617,690,10.36070895522388,0.9635849930233824,1.8580384767484444,3.7203001842070775,10.805643932191863,19.395509280217432,37.21842770159178,Mid,Paid Search,12,14.887371080636711
17593.0,10,731,734,19.794132029339853,0.9880871776949844,2.453037374136256,4.915915994385338,19.960580208208025,47.30083289715921,90.84127017169834,High,Paid Social,8,22.710317542924585
17594.0,3,519,604,24.01807692307693,0.9375724544795784,1.0558312965712668,2.108817585862928,24.341598973780947,24.82859880085137,47.53193230853145,High,Paid Social,8,11.882983077132863
17595.0,1,24,36,4.68421686746988,0.8819506573537285,3.0057298107832118,5.812937306824287,8.20990447747577,23.85182205746633,44.27892455707128,Mid,Paid Search,12,17.711569822828512
17596.0,12,701,723,8.834236983842011,0.9861893905484416,2.9197970747776267,5.851312204622627,9.116083373693288,25.712980730440577,49.38182262983217,High,Organic,0,7.407273394474825
17597.0,4,369,582,27.219453125,0.814743479002503,1.1668444725821183,2.330808378439726,27.34323628899492,30.822719573893483,59.0134054037247,High,Paid Search,12,23.60536216148988
17601.0,1,141,379,5.545789473684211,0.6339074277365847,0.5677623688104982,1.124974842632917,8.953670890325357,4.9115718494966485,9.331641196930107,Low,Paid Search,12,3.732656478772043
17602.0,13,616,618,8.03789644012945,0.9907888104347394,3.623198107486681,7.251168103144959,8.307909095717068,29.07917885777253,55.77532530841805,High,Paid Social,8,13.943831327104512
17603.0,3,651,729,16.761495327102804,0.945112116583389,0.9015768520620986,1.8040817325766811,17.448930484067883,15.197439545136548,29.145502852731816,Mid,Email,2,5.829100570546363
17604.0,5,464,681,4.504428571428572,0.8380589484616207,1.2421214160742653,2.485788574055364,5.301693216212109,6.361756792250087,12.201753918390386,Low,Paid Search,12,4.880701567356155
17608.0,3,573,606,2.9498816568047337,0.9557499235664904,1.0732013239819478,2.1435836033102733,4.329960749038779,4.48924756805996,8.594503913265592,Low,Email,2,1.7189007826531186
17609.0,10,568,608,4.869768637532133,0.977648302021956,2.867012611486553,5.735773339890529,5.268920058512709,14.593227261441465,27.981156666954995,Mid,Paid Social,8,6.995289166738749
17610.0,4,193,732,9.741974522292994,0.0919435869671315,0.107592414617143,0.215398059459091,10.531467527219384,1.0946292246823113,2.1002167910115936,Low,Paid Search,12,0.8400867164046375
17611.0,27,731,737,7.448380782918149,0.994702676529236,6.153746436722517,12.339018951579977,7.582641547922557,45.07635967799784,86.61468082710019,High,Paid Search,12,34.64587233084008
17612.0,17,669,722,15.867235294117648,0.9765002256303186,3.980846807118232,7.979195291426239,16.002028370750356,61.53766573203482,118.2046152192303,Top,Paid Social,8,29.551153804807576
17613.0,13,282,305,14.612660256410258,0.9787445679540384,6.44109003206144,12.79689995091756,14.803530566539823,92.12193810788376,175.47311645534845,Top,Paid Search,12,70.18924658213938
17615.0,5,355,484,12.427118644067797,0.8933414209695397,1.7803835961336911,3.5508253621410053,12.981112514804726,22.327598551060596,42.68524727413702,Mid,Organic,0,6.402787091120553
17616.0,3,277,451,212.16,0.8255155507103785,1.1934839816219098,2.376253144274452,203.0483202632898,234.12173451772725,446.8636166863577,Top,Organic,0,67.02954250295366
17618.0,10,679,684,10.861973333333331,0.98769595661223,2.6110258150449592,5.22928401415314,11.167693267589357,28.16885788310488,54.0665021029781,High,Organic,0,8.109975315446714
17621.0,5,410,431,48.10787878787879,0.9710574435273772,2.133174327686447,4.249122111322546,47.56627431270381,98.02771753341624,187.1840394978245,Top,Paid Search,12,74.87361579912981
17622.0,1,0,597,29.742368421052632,0.0577658679006465,0.0353109515073758,0.070356916177582,29.84175692870515,1.01801630946956,1.944440457979555,Low,Organic,0,0.29166606869693323
17623.0,6,692,724,12.161581632653062,0.9748954621817496,1.5847499796562396,3.1739530927573463,12.63244744880524,19.33938706692972,37.12017944757883,Mid,Paid Social,8,9.280044861894707
17624.0,3,704,719,16.171443298969074,0.961017465560071,0.9281009507472664,1.8569123656253856,16.888469202427366,15.1420627221544,29.03566853634701,Mid,Paid Search,12,11.614267414538805
17625.0,7,706,724,8.631294452347085,0.980541961269113,1.8115249170011645,3.628735156733237,9.114495618764218,15.950363626532251,30.6200199088536,Mid,Paid Search,12,12.24800796354144
17629.0,9,415,420,15.74051282051282,0.985961765960021,3.61369316492769,7.2019905027962965,15.995241409289704,55.84221989007999,106.6840445497418,Top,Paid Search,12,42.67361781989672
17630.0,1,62,231,19.36923076923077,0.6023423130156274,0.7894013658449867,1.5541130708230522,20.88697897308936,15.93187696782746,30.084631570366057,Mid,Email,2,6.016926314073212
17631.0,6,728,729,14.470869565217392,0.9810949083265028,1.5850642879276322,3.174778542221792,14.882341410685516,22.78831857042837,43.7426482334506,Mid,Paid Social,8,10.93566205836265
17633.0,6,357,388,20.37019801980198,0.9693020736470548,2.689577474310065,5.35278610602776,20.629941474736263,53.60562756752007,102.2755473309452,High,Paid Search,12,40.910218932378086
17634.0,8,301,337,7.952760942760944,0.9674373839838494,3.8296758825447417,7.6129733280858,8.389908017722318,31.04232511287549,59.161165286713775,High,Email,2,11.832233057342755
17635.0,2,166,590,17.10243243243243,0.3859422072966891,0.3409730031148183,0.6803197443819681,18.083342470785272,5.956794929038994,11.392461718260895,Low,Paid Search,12,4.556984687304358
17637.0,1,83,114,15.630285714285716,0.865232442578078,1.7939107392325342,3.5018642308982177,17.659274504191245,30.614579866071185,57.3436496234243,High,Paid Social,8,14.335912405856075
17638.0,1,74,721,280.8,0.1657677308020854,0.0858422627515821,0.1714014923923883,246.5712962747311,20.448116479512493,39.13480823234904,Mid,Paid Social,8,9.78370205808726
17639.0,5,207,483,7.786962025316455,0.372904338496596,0.744482200880031,1.4847745665640757,8.483434584730032,6.101585069390331,11.664588025008053,Low,Organic,0,1.7496882037512078
17640.0,5,539,626,48.014242424242425,0.9499573831940102,1.5164578146375696,3.032368234687761,47.475513107688045,69.55087103468125,133.29596521071525,Top,Organic,0,19.994394781607287
17642.0,4,614,733,16.893425925925925,0.9379745109329168,1.0962815112239683,2.19476334830068,17.41052314170203,18.438701680101087,35.3779465664921,Mid,Paid Social,8,8.844486641623025
17643.0,1,132,504,13.878205128205128,0.471159247219492,0.333106742493615,0.6623824475981755,16.1467627516897,5.1963804409738055,9.90631533382739,Low,Paid Social,8,2.4765788334568475
17644.0,19,660,661,18.43608562691132,0.9937443514407384,4.8597573185910665,9.73395483866314,18.53556937586901,87.01910698050246,167.0379101935263,Top,Paid Social,8,41.759477548381575
17646.0,11,504,723,20.242878048780486,0.6477955210271744,1.7739879432079837,3.5548804773428917,20.38803949600005,34.93959747592808,67.09770822478306,High,Organic,0,10.064656233717459
17647.0,2,604,668,27.63833333333333,0.9311125670344602,0.7378617128637913,1.4741340263932246,27.84607685416949,19.84933578221534,38.0094096581369,Mid,Paid Search,12,15.203763863254762
17648.0,4,324,384,17.73096,0.9437573732886811,1.919144503892374,3.8163323876804927,18.21615589362886,33.77515036884685,64.39011338583329,High,Paid Search,12,25.756045354333317
17649.0,2,334,471,16.111122448979593,0.8747806844091464,0.9371702963296248,1.8651666678422536,17.16477877594077,15.54119838991693,29.65172552705461,Mid,Paid Search,12,11.860690210821843
17651.0,15,514,526,17.179277108433737,0.9893640546120314,4.742194342957699,9.477039116780162,17.31814515777117,79.33896420856075,151.96919435010648,Top,Paid Social,8,37.99229858752662
17652.0,11,255,280,18.794285714285717,0.9748928744675424,5.896399969641764,11.701489660315984,18.96000967274809,108.0116335899678,205.51840126261243,Top,Paid Social,8,51.37960031565311
17653.0,3,83,119,27.44454545454545,0.9174616852937972,3.469982564036449,6.802590981722399,27.59623221472036,92.53417814236576,174.029513338627,Top,Organic,0,26.10442700079405
17655.0,8,406,416,30.43733333333333,0.9828616796577871,3.2791191783943243,6.533629161556156,30.437952859281065,96.42608928530348,184.17579406377305,Top,Paid Search,12,73.67031762550923
17656.0,4,55,128,20.423048780487804,0.771714717559872,3.4455574051845987,6.765376921036821,20.8057041398342,69.2717158049997,130.47607574703798,Top,Paid Social,8,32.619018936759495
17658.0,1,185,210,31.337894736842102,0.8869536936088334,1.2443704530346773,2.446827430351905,31.219120688813653,37.538080385443386,70.80161342015022,High,Organic,0,10.620242013022532
17659.0,13,368,385,18.79799019607843,0.9849640483320916,5.381352040003823,10.718786467073858,18.93848047170076,98.46011406049092,188.00191085352952,Top,Organic,0,28.200286628029428
17660.0,1,595,736,4.038988764044944,0.8614904737884643,0.4380232161373201,0.8747955776046276,7.652900937097741,3.238408985652552,6.199158442064341,Low,Paid Social,8,1.5497896105160853
17662.0,1,60,722,27.528,0.1363542482182451,0.0705236803782618,0.1408169385823423,27.930167765616083,1.902909215970381,3.641951250327645,Low,Paid Social,8,0.9104878125819112
17663.0,16,619,645,21.74718487394958,0.9864726242796342,4.202008646274348,8.413913788353174,21.832682184015876,88.62570545478474,170.0722141076819,Top,Paid Search,12,68.02888564307277
17664.0,3,601,619,14.577875,0.9598346547022568,1.0579801650966374,2.113639805512475,15.374817374050828,15.714289183754657,30.090642655479705,Mid,Organic,0,4.513596398321956
17666.0,4,523,527,46.54090909090909,0.9714900364310692,1.5157949689938746,3.0247445625193694,45.92874608841077,67.25717178084912,128.6457310023872,Top,Paid Search,12,51.45829240095489
17667.0,8,588,654,17.17695652173913,0.966337584119726,2.1885274233107936,4.380468712968984,17.435020115913375,36.86142437581002,70.71021390794137,High,Organic,0,10.606532086191205
17668.0,1,36,37,23.183333333333334,0.9048491599023144,3.0583411255348647,5.915582448106669,24.17956437086287,71.47703378961208,132.71047911183553,Top,Email,2,26.542095822367106
17669.0,9,574,616,42.65520833333333,0.976112759250885,2.580023821259345,5.161771617828919,42.4444560576613,105.79001097140824,202.84814450449508,Top,Paid Social,8,50.71203612612377
17671.0,4,360,375,26.123260869565215,0.9672003938708236,2.00511458444221,3.986209496646809,26.288797537517095,50.92656131905705,97.06315787206528,High,Paid Search,12,38.82526314882611
17672.0,6,631,681,28.05160194174757,0.9694627795978508,1.6640728061949177,3.330963488613987,28.113782731187044,45.19484508377295,86.70147362548545,High,Paid Social,8,21.675368406371362
17673.0,12,628,629,8.1415,0.990256057214222,3.316685147313648,6.63844063965568,8.43237090369228,27.01790816434408,51.82690713034668,High,Paid Social,8,12.95672678258667
17674.0,1,294,368,22.413157894736845,0.8638858184361299,0.7923644131125064,1.5694117226421136,23.51469803330981,18.00194415099888,34.19011551877091,Mid,Paid Search,12,13.676046207508364
17675.0,69,728,728,33.918085106382975,0.9983077534258534,15.503050554396154,31.08877024818343,33.91018632861653,507.8500922155342,975.935690898466,Top,Email,2,195.1871381796932
17676.0,9,615,619,16.86487804878049,0.9865700238383855,2.5965863469597275,5.195144547025467,17.100161108323682,42.8946086171607,82.25226661869733,High,Organic,0,12.3378399928046
17677.0,53,721,723,51.534985955056186,0.9974796158950416,12.039852125535814,24.1415368114058,51.47221821456394,598.6634196200554,1150.344641398828,Top,Paid Social,8,287.586160349707
17678.0,1,339,602,21.42,0.755478601282473,0.4584705404450176,0.9135884579937676,22.65733850326701,10.03553964288584,19.16992216526413,Low,Email,2,3.833984433052826
17679.0,6,683,735,44.16802469135803,0.9699060637585266,1.555560196493307,3.115912052067942,43.815697473015526,65.84310722603936,126.39598734589234,Top,Paid Search,12,50.55839493835694
17680.0,2,487,510,24.8725,0.9410469169124076,0.9424764807747836,1.8774323519367175,25.283211425192786,23.02106854932228,43.9608456306012,Mid,Paid Social,8,10.9902114076503
17681.0,4,96,693,52.22857142857144,0.0121328853663869,0.0149067215810988,0.0298277049505072,51.39976774945454,0.7401886356002377,1.4194772854926676,Low,Paid Search,12,0.5677909141970671
17682.0,10,631,641,18.72596638655462,0.9866289198309798,2.7622179124052195,5.52883404003467,18.90906958792953,50.4574964520322,96.79264792925294,High,Email,2,19.35852958585059
17683.0,2,168,553,17.804565217391303,0.4386460874578948,0.4098755437433058,0.8172186213650398,18.73394994573155,7.418210082561959,14.177922530745382,Low,Organic,0,2.1266883796118075
17685.0,11,649,665,27.902206572769952,0.9864185485070094,2.909598254061039,5.826216432128228,27.93864521017167,78.52968936589642,150.70213327401967,Top,Email,2,30.140426654803935
17686.0,8,526,533,19.339883449883448,0.9842133221512156,2.663875477390648,5.321433220773807,19.555954820490467,50.32698126096346,96.36079966478556,High,Paid Search,12,38.544319865914225
17689.0,1,85,473,14.412727272727272,0.3584615792849259,0.2673924172768769,0.5312967774042447,16.60819759206461,4.290501394700047,8.17332085465203,Low,Paid Social,8,2.0433302136630074
17690.0,19,644,673,19.4467362924282,0.9865315178109778,4.748294961076418,9.512204856217473,19.537864519413773,89.620649826557,172.0575531927168,Top,Paid Social,8,43.0143882981792
17691.0,3,188,546,15.00096153846154,0.3969454578067109,0.4878909455958339,0.9734385126540844,15.776686382688933,7.43622937257909,14.221663554398686,Low,Paid Social,8,3.5554158885996716
17692.0,11,413,540,18.36913580246914,0.8471169919675898,2.9968426700315813,5.989182404387745,18.540894688518406,53.67849023184942,102.82035750414435,High,Organic,0,15.423053625621652
17694.0,2,421,562,20.937901234567903,0.8881379344147615,0.8184091359136962,1.6320513438244184,21.637349242793128,17.10768820964876,32.702280638353514,Mid,Organic,0,4.905342095753027
17695.0,4,549,680,28.623606557377048,0.9275843761735986,1.158937420470168,2.318566194333042,28.69390610515021,32.125485740479945,61.59728118263257,High,Email,2,12.319456236526515
17696.0,26,690,728,21.039972602739727,0.983467978207342,5.934272506643983,11.897576018429213,21.09706767822296,120.94247952974064,232.36681130688885,Top,Paid Social,8,58.09170282672221
17699.0,1,84,561,23.26315789473684,0.2802294166872738,0.1807699347683925,0.359921971565897,24.248474207670764,4.234825535292479,8.083062357621532,Low,Paid Search,12,3.2332249430486133
17700.0,13,722,738,18.555472222222225,0.9882861428517186,3.088406434781369,6.190616708607441,18.69888175727395,55.78795102101672,107.16398657410896,Top,Paid Search,12,42.86559462964359
17702.0,5,370,400,20.549281045751638,0.9667227952055236,2.258800945572624,4.495654942541465,20.853879229383047,45.5085339087544,86.83055838225965,High,Paid Social,8,21.707639595564913
17703.0,3,382,417,14.036410256410257,0.9511437728068136,1.4677327913502705,2.919689430041019,14.860506754502063,21.072272359262502,40.18622755182341,Mid,Paid Social,8,10.046556887955852
17704.0,1,71,239,28.554516129032255,0.6228686151000995,0.7963287014751244,1.5684409532823576,28.816324328064443,22.172847178659133,41.8872110103252,Mid,Email,2,8.37744220206504
17705.0,10,573,576,17.365833333333335,0.9879667197390336,3.037096863589197,6.072927780332428,17.57014396331873,51.550961084109794,98.79603554460982,High,Email,2,19.759207108921967
17706.0,30,685,689,27.124156862745096,0.9954390964021256,7.231921504058805,14.493136341971049,27.141725205275943,189.6193026158884,364.1705768357565,Top,Paid Search,12,145.6682307343026
17707.0,7,547,732,25.3875,0.8749203510366987,1.600614537996888,3.206564771101432,25.499942082999723,39.42930247910275,75.69968962265335,High,Paid Social,8,18.924922405663338
17708.0,3,235,423,11.999054054054056,0.7760862908118558,1.1835278694923788,2.3547190528301494,12.925322713287276,14.779158669167208,28.18921865537674,Mid,Paid Search,12,11.275687462150698
17709.0,4,433,602,16.77525,0.8846245468126572,1.2301989315401087,2.458198620401932,17.29684848730608,20.556472492627474,39.37031212578467,Mid,Paid Search,12,15.74812485031387
17711.0,1,279,289,16.743478260869566,0.9009779958891432,0.999209726863742,1.972903792380554,18.62025587849645,17.97698092838593,34.04082355728684,Mid,Organic,0,5.106123533593026
17713.0,3,166,548,15.764342105263156,0.3083868167092351,0.3778507152041219,0.7539159074554936,16.501783883331928,6.023725322001528,11.52069895354678,Low,Paid Search,12,4.608279581418713
17714.0,4,192,513,17.40962962962963,0.3485231819607612,0.5564664233806095,1.110104467946254,17.90706486250234,9.626722620573313,18.40848549729056,Low,Paid Social,8,4.60212137432264
17715.0,1,392,592,244.8,0.8089032692316108,0.4980886364243913,0.9923428552592772,215.493717125326,103.69616701550068,198.04435394994587,Top,Paid Search,12,79.21774157997835
17716.0,23,714,736,26.550698835274545,0.9902232141672336,5.267336770404535,10.560940183732136,26.57749965022626,135.2366041062062,259.8417450926194,Top,Organic,0,38.976261763892914
17718.0,1,412,644,19.09478260869565,0.7966589134054378,0.4558042436179197,0.9089733995042067,20.650057183327167,9.093181795663028,17.38250699545359,Low,Paid Social,8,4.345626748863397
17719.0,14,217,255,19.693576642335767,0.9493051043508682,7.664428029628344,15.19783924669158,19.81412514301561,146.72515818238557,278.96490127287666,Top,Paid Search,12,111.58596050915067
17720.0,9,552,578,20.818872180451127,0.9808807291104576,2.740743653574217,5.479998453865309,20.98577220346473,55.56438307829822,106.48126538542768,Top,Paid Social,8,26.62031634635692
17722.0,4,279,375,20.229954337899542,0.908082867546328,1.882557340896232,3.742563147507248,20.619964583701943,37.50339320219091,71.47935538620803,High,Email,2,14.295871077241607
17723.0,6,248,375,281.53333333333336,0.823401596833173,2.3490548738110424,4.673308399625482,275.0760644210212,624.2757220976081,1190.6425936778817,Top,Organic,0,178.59638905168225
17724.0,2,67,137,25.825,0.8296654666539718,2.2135789577486444,4.340529738418197,26.165813168284185,55.969570887256296,105.28578401323163,Top,Paid Search,12,42.11431360529266
17725.0,10,250,266,17.911875,0.9805252503662608,5.66561666317454,11.23572039190874,18.1076716543587,99.11947044098812,188.4747490893809,Top,Organic,0,28.271212363407134
17726.0,6,286,681,17.0634375,0.1912975247596434,0.3283602171678744,0.6572764667674249,17.40822952536275,5.522076676842933,10.593513142212482,Low,Organic,0,1.589026971331872
17728.0,4,449,452,17.371967213114754,0.9716312185788726,1.7267212326166228,3.4399619800621744,17.870836991660624,29.81190353367145,56.93317550126325,High,Organic,0,8.539976325189487
17730.0,19,586,589,24.757324840764333,0.993332227462394,5.375294184524562,10.75531711596742,24.80454794720287,128.80508729086537,247.00338131632952,Top,Email,2,49.40067626326591
17731.0,5,589,668,17.262525252525254,0.955652035790055,1.4407721321202995,2.882814843399945,17.668045170894427,24.591394232346325,47.15781593611002,High,Email,2,9.431563187222004
17732.0,7,115,487,17.645642857142857,0.0076319193550165,0.0199181613164023,0.0397463841281313,17.92938648273056,0.3450073509148996,0.65991047926609,Low,Paid Social,8,0.1649776198165225
17733.0,1,222,261,19.776857142857143,0.8793691530307324,1.0534120524059911,2.0771630782169828,21.23886899780487,21.61785855318032,40.88331216630208,Mid,Email,2,8.176662433260416
17734.0,5,588,641,16.771162790697673,0.9642459214357354,1.5075846854750523,3.015314081593198,17.19177027721987,25.03823438268801,47.996803697860734,High,Paid Social,8,11.999200924465184
17735.0,25,495,496,19.246573660714287,0.995142139260687,8.088476574935596,16.15961311024659,19.317228983958216,150.94507607673535,289.0449481103459,Top,Email,2,57.808989622069184
17736.0,2,104,112,15.0976,0.9404446799098738,2.826418178217961,5.530154045678844,16.22563265506764,44.31766695519917,83.19359463415482,High,Paid Social,8,20.798398658538705
17737.0,1,49,57,16.824,0.8937121051901346,2.594003791263995,5.031624279577199,18.68976756519295,46.85774700303559,87.23593684526128,High,Email,2,17.447187369052255
17738.0,12,611,630,18.18939130434783,0.986305952843048,3.298847824668252,6.602835005735955,18.349365004246994,58.4764528981992,112.17358534795356,Top,Organic,0,16.826037802193035
17739.0,17,720,732,51.88315436241611,0.991086425072842,3.99097822137924,8.0004363795901,51.68547971355717,199.26812843943912,382.8065226204881,Top,Paid Search,12,153.12260904819524
17740.0,5,308,696,47.43333333333334,0.3463707665354042,0.5035465630954673,1.0079243437456529,46.91244116589125,22.82049424375526,43.77779651896875,Mid,Organic,0,6.566669477845312
17741.0,1,153,560,16.849999999999998,0.4732871604211776,0.3057770304514217,0.6088045427851205,18.71221248346752,5.527834350689041,10.550832982926796,Low,Paid Social,8,2.637708245731699
17742.0,10,625,737,24.688,0.9417193228484124,2.3294155119536426,4.668340720765188,24.778142147358125,55.75797439837987,107.0867909598178,Top,Organic,0,16.06301864397267
17744.0,6,377,380,17.543973509933775,0.9803540768816394,2.7668615019746583,5.50532276703767,17.876406339509735,47.78562607348727,91.15136690808768,High,Paid Social,8,22.78784172702192
17745.0,1,78,555,21.44071428571429,0.2670022550213491,0.1738396714310816,0.346079550107451,22.675220443650595,3.8082549579703615,7.267985441076638,Low,Paid Social,8,1.8169963602691594
17746.0,3,370,609,25.11611111111111,0.8069464298702228,0.9022133599293756,1.8021480668295853,25.38456742227049,22.12519716250953,42.359935112287424,Mid,Organic,0,6.353990266843113
17749.0,2,368,545,18.003157894736844,0.8564907119745704,0.810415973704332,1.6155645077241014,18.917969098687312,14.811571807766818,28.304023503234497,Mid,Paid Search,12,11.321609401293799
17750.0,8,158,163,9.313834196891191,0.9827751444213668,6.611810845893131,13.03546790236266,9.724556665623334,62.12644935573809,117.47447488016024,Top,Organic,0,17.621171232024036
17753.0,3,238,701,5.424444444444444,0.3469354070746998,0.3426904272263415,0.6854758285438162,6.680425734045416,2.2116016690300047,4.239875370559807,Low,Paid Social,8,1.0599688426399518
17754.0,12,727,727,20.07688596491228,0.9904367295377456,2.917965857000214,5.847920394199488,20.212270647498386,56.97528924061746,109.4260718921188,Top,Paid Social,8,27.3565179730297
17756.0,2,18,393,8.631764705882354,0.0812271097326715,0.1011220861072859,0.2008255243389805,10.234286197188188,0.9998700095558308,1.9038301603171928,Low,Paid Search,12,0.7615320641268771
17757.0,55,693,694,7.192709923664123,0.997718513581533,12.949925807455106,25.957622956117923,7.259550206222263,90.81704354415928,174.4512317261026,Top,Paid Social,8,43.61280793152565
17758.0,11,549,567,9.351735074626864,0.9852930913312132,3.3417452300279678,6.681629650460694,9.65149436453841,31.158107689556115,59.70970790266948,High,Paid Search,12,23.883883161067793
17759.0,4,566,583,9.252971014492754,0.9684704986919772,1.3849390526288297,2.7665073285738173,10.061089958251202,13.461196621559644,25.773332304841396,Mid,Paid Search,12,10.309332921936559
17760.0,5,627,649,12.091184210526317,0.9730261772307012,1.504794132878714,3.010090311645368,12.65549314204781,18.397420294434276,35.27073554009296,Mid,Paid Search,12,14.108294216037184
17763.0,3,395,658,6.153571428571429,0.7969036244129768,0.8324937888761914,1.6641843634049849,7.3729874481285,5.929642612443292,11.361055749647992,Low,Paid Search,12,4.544422299859197
17764.0,4,685,735,10.211572327044026,0.9617607760391556,1.1213514039437806,2.2450099072464327,10.983178548240971,11.89778383108214,22.82857061235415,Mid,Organic,0,3.4242855918531223
17765.0,3,289,448,6.395180722891566,0.8485636435976396,1.2336740987600028,2.456088024517827,7.602480184860919,9.06112041002593,17.293549795279027,Low,Organic,0,2.594032469291854
17766.0,1,0,380,13.618636363636364,0.1319370840725767,0.117918213048417,0.2336532163961655,15.922685839867505,1.814052216681818,3.44668247142519,Low,Paid Social,8,0.8616706178562975
17767.0,1,394,409,10.591025641025642,0.9002139291591811,0.7577297207190201,1.5028388976205127,13.309052176936325,9.743353356385995,18.528808486516635,Low,Email,2,3.705761697303327
17768.0,6,729,737,18.47110526315789,0.9798835360718576,1.5677513934910887,3.140408070634425,18.77969263137118,28.441946756231324,54.59995283777975,High,Paid Search,12,21.839981135111902
17769.0,16,676,689,12.018747884940778,0.9903240685232072,3.979208604696397,7.972444711832744,12.19960744897946,46.89594240047133,90.04292503925947,High,Email,2,18.008585007851895
17770.0,4,83,281,30.086052631578948,0.325187643314419,0.8463953579334405,1.6769970603972382,30.100648220814467,24.615207470835056,46.7651585814865,High,Organic,0,7.014773787222976
17771.0,3,532,588,5.61463768115942,0.9481392409891366,1.0929908776084698,2.182431509846676,6.861080896855016,7.24467865744515,13.865580680529622,Low,Organic,0,2.079837102079443
17772.0,2,381,392,3.6644761904761904,0.943981841560671,1.1776391096636798,2.3386855783417944,5.631517166074898,6.407340066498927,12.19971849297654,Low,Paid Social,8,3.049929623244135
17773.0,1,175,689,10.45125,0.4195587968220695,0.2261872596006497,0.4514057442917754,13.188388606182624,2.8818549495220185,5.512877784097347,Low,Email,2,1.1025755568194693
17774.0,8,572,668,8.11719512195122,0.9503920030209412,2.112521617751037,4.229160653895601,8.551149783556044,17.451081481964884,33.48208512226629,Mid,Paid Search,12,13.392834048906517
17776.0,1,336,722,4.030476190476191,0.6749852483360923,0.3491086235722185,0.6970766037798612,7.645552321018629,2.578570429983136,4.935089768192674,Low,Organic,0,0.7402634652289012
17777.0,2,75,99,3.4322680412371134,0.9179675941443382,2.9533699154784347,5.771284076608771,5.416349378905934,15.458698436209623,28.984362906607416,Mid,Paid Search,12,11.593745162642968
17779.0,2,122,143,8.031341463414634,0.9288503755271666,2.4132650445688086,4.734369480624398,9.677924411997004,22.5686972688658,42.47410673356883,Mid,Email,2,8.494821346713767
17780.0,2,17,684,4.356913580246914,0.0168105209318332,0.0130458395632307,0.0260699045754236,6.273140732682043,0.0790610861470725,0.1514286291084642,Low,Email,2,0.030285725821692838
17781.0,1,93,252,15.668333333333337,0.6750301655942798,0.8300248626182638,1.6359318827468536,17.692119723424547,14.18916871544076,26.82263220386185,Mid,Email,2,5.36452644077237
17782.0,1,0,382,23.41448275862069,0.1307729239658691,0.1163815877999011,0.2306239247278723,24.37910783085474,2.741285396492524,5.2087503488939015,Low,Paid Search,12,2.0835001395575605
17783.0,2,440,512,4.12945652173913,0.9219121986305296,0.9202383516737266,1.833214566934145,6.062375382217565,5.38971287298741,10.29258423775633,Low,Organic,0,1.5438876356634494
17785.0,2,512,564,7.909411764705882,0.9322221186999058,0.8564005062787412,1.707879302910039,9.56494240190256,7.9136322811525455,15.127900029139528,Low,Paid Search,12,6.051160011655812
17786.0,1,231,316,3.871388888888889,0.8459960711948208,0.875618433217333,1.7308913793255545,7.508217648609055,6.352122740439641,12.041593137027164,Low,Email,2,2.408318627405433
17787.0,3,218,370,15.76648484848485,0.8154703076339218,1.3876200534491887,2.756502666688145,16.503819169298243,22.125533196035825,42.13929398139291,Mid,Paid Search,12,16.855717592557166
17788.0,1,55,129,223.58,0.7745196476034076,1.4939873958831251,2.920371142598524,197.1752107489266,284.6711130719711,533.9088067823744,Top,Paid Search,12,213.56352271294978
17789.0,1,379,660,13.694827586206896,0.7596929456308381,0.425385125932459,0.8485443718265819,15.98845913847655,6.570579721711582,12.563587501135242,Low,Paid Social,8,3.1408968752838105
17790.0,19,517,543,9.156611842105264,0.9855806531370946,5.7229686852449655,11.44219561358524,9.33281334304595,51.598538699708776,98.87607893614776,High,Paid Social,8,24.71901973403694
17792.0,1,11,477,6.9820754716981135,0.1168605684889281,0.0865561164797199,0.1720009693940374,10.19356788433812,0.8524322021491162,1.6240267391002394,Low,Paid Search,12,0.6496106956400958
17794.0,1,1,688,21.042857142857144,0.0448838043855871,0.0242282785803392,0.0483520147450189,22.331763864558955,0.5227065157479374,0.9999023386481446,Low,Paid Search,12,0.39996093545925787
17795.0,1,85,264,7.617173913043478,0.6306084741644046,0.7489831535966612,1.4770968892441183,10.741826830965188,7.773779745155969,14.703720502252008,Low,Paid Social,8,3.675930125563002
17796.0,6,381,420,6.053288888888889,0.9663989575774106,2.512241058868518,5.004206634403863,6.681257574300809,16.215971162005317,30.96448165199841,Mid,Email,2,6.192896330399682
17797.0,7,701,723,7.221345454545455,0.9797047007151474,1.81221099695628,3.6300648719511264,7.735744101597662,13.542678056246745,25.997666809497865,Mid,Organic,0,3.8996500214246796
17799.0,19,703,725,6.8486933045356375,0.9893349213341196,4.456816607224061,8.934016312581555,7.043975447985616,30.327225063444917,58.2589232272147,High,Paid Search,12,23.303569290885882
17800.0,8,296,333,11.528942307692308,0.9663604209174196,3.861899237818173,7.676002359970488,11.896659479387374,44.38761058856296,84.58414334324993,High,Paid Social,8,21.146035835812484
17801.0,2,240,691,9.392117647058823,0.4879100571299659,0.375246265075974,0.7499439779825919,10.938841400597145,3.9654536144955976,7.59592797282418,Low,Paid Search,12,3.038371189129672
17802.0,9,644,725,9.35762962962963,0.9628889244273556,2.203551119758961,4.415095160938402,9.722748097569497,20.696865926526367,39.74110634291478,Mid,Paid Search,12,15.896442537165914
17804.0,2,362,738,4.187282608695653,0.6983507122223278,0.5065782618679802,1.0130840571630484,6.11595795979655,2.9930418128798246,5.736838924216629,Low,Email,2,1.147367784843326
17805.0,1,536,609,84.27545454545454,0.8818355821639696,0.5297935006163441,1.0558531915208464,76.91832082571705,39.36915573044235,75.21259515038282,High,Email,2,15.042519030076566
17807.0,2,309,703,4.919887640449439,0.6356982482006722,0.4815026263400054,0.9624691753602086,6.794801506277837,3.160673937006412,6.055353994247173,Low,Paid Search,12,2.4221415976988694
17808.0,3,32,580,7.958787878787878,0.0110286755021049,0.0128657715053403,0.0256860921403882,9.087673403072037,0.1129534120145671,0.2161521318206025,Low,Paid Search,12,0.086460852728241
17809.0,19,720,736,101.22669642857144,0.9909100071132496,4.404246619161887,8.829757275788142,100.6417114572874,428.1925283248432,822.6615002849059,Top,Paid Search,12,329.06460011396234
17810.0,1,15,683,6.693035714285714,0.0655167251399465,0.0355945779503007,0.0710298706985758,9.944049663829544,0.3419478571153957,0.6540733810483028,Low,Organic,0,0.09811100715724543
17811.0,46,441,445,8.130118443316412,0.9963580133566244,15.957326998433118,31.85270996181439,8.206774603210551,126.51578182607297,242.0650898740579,Top,Organic,0,36.30976348110868
17812.0,6,517,529,5.003819742489271,0.9783666247945,2.0934128910260577,4.180094631186494,5.658780358546177,11.444264270177436,21.903485919315028,Mid,Paid Search,12,8.76139436772601
17813.0,4,57,70,4.773261455525606,0.9556678528610058,5.866994477287362,11.453645297189102,5.752010660416648,32.61313934131672,61.09055857112157,High,Paid Search,12,24.436223428448628
17814.0,1,47,421,11.07753424657534,0.2741318571056734,0.2253169726374557,0.447044619471638,13.729038557376256,2.9886763612597886,5.685505402203238,Low,Organic,0,0.8528258103304857
17816.0,5,687,723,2.042181818181818,0.9703667646547824,1.3637285872688356,2.730663722325638,2.915051171475245,3.840340369507111,7.369580396086582,Low,Organic,0,1.1054370594129872
17817.0,5,417,421,5.853985507246377,0.9765558990058956,2.1874692417574133,4.356151138111508,6.609811226944334,13.96869568454034,26.666710048194364,Mid,Paid Social,8,6.666677512048591
17819.0,11,654,725,65.47049504950496,0.968045583821066,2.644465142868756,5.299349615095335,64.97365849568789,165.9842250736988,318.7619355908892,Top,Paid Search,12,127.50477423635569
17822.0,4,140,560,12.434659090909092,0.101570790192704,0.1504054551874423,0.3003212931398097,13.121588868232708,1.9066025781410605,3.649030245719674,Low,Paid Search,12,1.4596120982878698
17823.0,1,0,420,4.493181818181818,0.1110570495705567,0.0914602391364823,0.181458059614574,8.044990397904652,0.7108908014906197,1.3523237685308045,Low,Paid Social,8,0.3380809421327011
17825.0,3,126,725,26.141428571428573,0.0648761056301694,0.0621919391645153,0.1244413704366828,26.358465842237763,1.583628672213239,3.036916693318235,Low,Paid Social,8,0.7592291733295587
17827.0,5,616,621,8.291840277777778,0.9766823711826796,1.570119311601495,3.1394273576075897,8.97281025888153,13.610187810793892,26.08233360511745,Mid,Paid Search,12,10.43293344204698
17828.0,3,162,184,27.165522388059703,0.948132305556433,2.72164856534116,5.361641459891697,27.331201983497376,71.87563233226808,135.80783306589302,Top,Paid Social,8,33.951958266473255
17829.0,4,356,654,27.817192982456135,0.6835333318004564,0.8839376791624208,1.76773929630936,27.91820848559614,23.84027059752136,45.69496815917894,Mid,Paid Search,12,18.277987263671577
17830.0,2,287,288,17.33478260869565,0.9475715929692892,1.5092434925650555,2.9859440695318518,18.298641862467704,26.68338871054214,50.62377403242158,High,Email,2,10.124754806484317
17834.0,1,30,444,12.38084745762712,0.1941610402778376,0.1527055221482895,0.3031808642937776,14.85414465384645,2.1915095193449203,4.171665724878456,Low,Paid Search,12,1.6686662899513824
17835.0,2,20,22,5.748196721311476,0.9445728813601594,5.241706607451402,10.14075885552342,7.562325956238231,38.314309403378005,71.15077996973916,High,Paid Search,12,28.460311987895665
17837.0,7,120,162,9.42828402366864,0.924131535374944,5.57158265819621,10.981385430164934,9.893850462335742,53.26379876661597,100.68793646048005,High,Paid Social,8,25.17198411512001
17838.0,12,604,630,21.827597402597405,0.9843368548407104,3.2922618817943943,6.58965285958538,21.940174988161825,69.78019199208022,133.85720121647887,Top,Paid Social,8,33.46430030411972
17841.0,210,735,736,5.499152055857254,0.999277191450934,46.17783297943911,92.61877757146368,5.517971420710767,246.1502535217812,473.1087382533144,Top,Organic,0,70.96631073799716
17843.0,1,108,411,5.09734375,0.5018299214562898,0.4207125990160675,0.8344695129615243,8.566542904991792,3.4820720396590663,6.622200725556839,Low,Paid Social,8,1.6555501813892097
17845.0,3,21,575,12.462291666666667,0.0072222407169727,0.0084887954963188,0.0169460703627462,13.365329244389509,0.1096066805668617,0.2097296842951431,Low,Paid Search,12,0.08389187371805724
17847.0,1,129,644,14.41,0.3421450028154137,0.195756479456552,0.3903812548874699,16.605843230007835,3.1404604650611554,6.003297550798678,Low,Email,2,1.2006595101597357
17848.0,29,652,732,21.73154761904762,0.9135739240970956,6.087853787740511,12.20648219205727,21.779011684766623,128.08293272539154,246.10473623231172,Top,Paid Search,12,98.44189449292469
17849.0,7,416,634,21.2752,0.742238614804322,1.542314767119292,3.0857177477964197,21.478633601001896,32.00217678001852,61.363997319504485,High,Organic,0,9.204599597925672
17850.0,154,362,734,20.243233190271816,5.382795928853287e-39,1.832751525691009e-37,3.675803075176265e-37,20.253739994192028,3.585884562722524e-36,6.891932430034919e-36,Low,Paid Social,8,1.7229831075087297e-36
17851.0,5,313,735,6.596371308016877,0.2962627142017051,0.4102887942263724,0.8216651313558335,7.329401642973186,2.905045955595927,5.575549090278565,Low,Paid Social,8,1.3938872725696412
17852.0,4,719,730,6.029181818181819,0.9704247077484808,1.138367046910789,2.278932494443759,6.960093542401195,7.654097898938063,14.685227417382588,Low,Paid Search,12,5.874090966953036
17853.0,2,329,735,15.171603773584906,0.6436141373459601,0.4685719740800125,0.937039156770122,16.294205735971975,7.375839471015377,14.13691736794557,Low,Paid Social,8,3.5342293419863924
17854.0,5,546,731,8.92875,0.894086151677642,1.244251207872446,2.491677346065461,9.590163300266534,11.527341371598638,22.12296970899325,Mid,Organic,0,3.318445456348987
17856.0,3,279,281,94.53533333333333,0.9631406575752685,2.035030251949088,4.029360353900455,91.32245832353976,179.55883962853068,340.9151176621207,Top,Organic,0,51.1372676493181
17857.0,23,637,641,478.0373333333334,0.9942308772101628,5.978956100797053,11.973430730058809,474.9761997217655,2743.41986697872,5265.206125310236,Top,Paid Search,12,2106.0824501240945
17858.0,29,727,732,32.39911392405063,0.9951692583909952,6.631586978717923,13.296697191350082,32.388630670411274,207.49084491159743,398.6829358995855,Top,Paid Search,12,159.47317435983422
17860.0,3,359,727,4.3773275862068965,0.6533979905342336,0.6248285426071369,1.2502675352951067,5.68582114256319,3.432045587822079,6.581780503085606,Low,Organic,0,0.9872670754628409
17861.0,17,726,729,9.027623239436618,0.992730863689198,4.012296872949998,8.04289277753258,9.225553682042214,35.758196462203685,68.69146433458772,High,Organic,0,10.303719650188158
17862.0,3,239,562,12.540098039215684,0.5583972891167404,0.6694443028533108,1.3360819493143024,13.439233675184443,8.691636087802644,16.627439203508793,Low,Paid Search,12,6.6509756814035175
17863.0,11,593,652,20.815942028985507,0.9710655416923086,2.9146900128159543,5.835370798435797,20.9529689346538,58.99760241410709,113.19998062427858,Top,Paid Social,8,28.299995156069645
17864.0,4,414,427,6.374620689655173,0.9684649899670542,1.804732285379412,3.59311251923553,7.292374791919602,12.714751207840427,24.26742613442645,Mid,Paid Search,12,9.70697045377058
17865.0,45,708,738,25.90804518664047,0.985461566728464,9.958671531322072,19.97125529661796,25.92404342179445,249.39752677056345,479.2857037169106,Top,Organic,0,71.89285555753658
17866.0,2,582,724,43.65192307692308,0.904866668838945,0.6676826806702854,1.3350160406799765,42.68452537998889,27.53235080076681,52.76243328960837,High,Paid Search,12,21.10497331584335
17867.0,14,707,736,11.498439716312056,0.985738476753092,3.3034848407629998,6.621877719290341,11.710668060051102,37.37181673676295,71.78960170495283,High,Paid Search,12,28.715840681981135
17869.0,6,440,546,10.573061224489797,0.9302440936300356,1.9370179533824523,3.869047040641916,11.084783156167036,20.742891033963296,39.71245902410757,Mid,Email,2,7.942491804821514
17870.0,12,379,381,11.021808510638298,0.9898680529647834,5.073483030239171,10.103705037140116,11.27515668257681,55.265438470227934,105.50662623876109,Top,Paid Search,12,42.202650495504436
17871.0,4,488,692,13.16458823529412,0.8720516311554766,1.0727945748685597,2.1465861728899216,13.823715317180618,14.326514270302958,27.47393933583405,Mid,Paid Social,8,6.8684848339585125
17873.0,17,643,722,36.40156424581006,0.9559210208335792,3.89695265168652,7.811038142348832,36.34680220854659,136.83016603318896,262.83020218488366,Top,Paid Social,8,65.70755054622092
17874.0,5,70,255,14.857826086956525,0.2015404792586526,0.6707708147498312,1.3281273437045906,15.337183681922108,9.939817730589825,18.87198979629607,Low,Paid Search,12,7.548795918518429
17876.0,2,275,674,856.005,0.5928145654770536,0.4660833431401386,0.9312483539217856,795.4238867426931,358.1530992929657,685.8857437106735,Top,Paid Social,8,171.47143592766838
17878.0,2,351,394,16.61564705882353,0.9298407383700305,1.1551859962379791,2.2942357195383773,17.63227935345339,19.678870163374743,37.47118335836896,Mid,Paid Social,8,9.36779583959224
17880.0,2,365,729,18.33155555555556,0.7107906784479872,0.5212731140525997,1.0423448961734851,19.22226762663034,9.67993223697522,18.551629779789007,Low,Paid Search,12,7.420651911915603
17882.0,1,0,378,5.597499999999999,0.133115181601313,0.119480519595357,0.2367328885024388,8.9983108340597,1.0387500721841416,1.973488472808961,Low,Paid Social,8,0.49337211820224025
17883.0,6,648,651,5.658238636363636,0.9806979795678656,1.7517280257838557,3.504949831735465,6.296367857751319,10.655068006378473,20.432462126217672,Mid,Organic,0,3.064869318932651
17884.0,19,731,734,6.375290456431535,0.993440204874692,4.426249119940279,8.87366545916429,6.5744864427492375,28.11170868077444,54.00822546824494,High,Email,2,10.801645093648988
17886.0,5,557,589,9.190742857142858,0.9697793992475158,1.6327460175359103,3.262951423307761,9.844111515429525,15.527475852377115,29.741908493897338,Mid,Paid Search,12,11.896763397558935
17888.0,24,696,717,11.168343558282208,0.9905171071323404,5.615151933146663,11.256010283906358,11.294887428410249,61.26796951486192,117.69667683471884,Top,Paid Search,12,47.07867073388754
17889.0,6,406,618,6.351393442622951,0.7840383747073537,1.4659534905344571,2.9317055584930025,6.971694997022064,9.8732603950434,18.92435334558262,Low,Paid Search,12,7.569741338233048
17890.0,1,38,360,6.405212765957447,0.3006454932788724,0.2806679555785258,0.5557529955983325,9.695581873338242,2.629199013411755,4.992149386680118,Low,Paid Social,8,1.2480373466700294
17892.0,2,99,154,8.717857142857143,0.8804938506338343,2.1828141044047333,4.285897753036758,10.314060827047438,21.755027562520425,40.97592223428982,Mid,Paid Social,8,10.243980558572455
17894.0,17,397,468,5.813696682464455,0.918857768081907,5.461000960424544,10.901762518955609,6.041295307360983,31.87233486565327,60.98705639856862,High,Email,2,12.197411279713725
17897.0,8,403,575,7.471098265895954,0.7993050194869966,2.026174873473837,4.050569343537278,7.91759659842767,15.49795119789461,29.69489824204832,Mid,Paid Search,12,11.877959296819329
17898.0,3,481,566,5.9836,0.9353905035065136,1.1145527799785224,2.224598896191992,7.211539982214827,7.764988799217432,14.855780336470897,Low,Paid Search,12,5.942312134588359
17900.0,1,0,189,18.7,0.3498484828442443,0.528099280931508,1.037028334081824,20.30925474531195,10.363834520896756,19.522676276913533,Mid,Paid Social,8,4.880669069228383
17901.0,2,492,521,11.82181818181818,0.9392180836645838,0.9236733197878222,1.840418393543576,13.190240799199486,11.770435144033408,22.48186195270911,Mid,Email,2,4.496372390541822
17905.0,12,608,679,13.938713450292395,0.9652860591313084,3.0220376465917584,6.052875642666258,14.154062136690513,41.32141764022904,79.31648572300713,High,Paid Search,12,31.726594289202854
17908.0,4,351,725,5.095812274368231,0.5531678645879372,0.6528891630779949,1.306955938208081,6.0622756536442,3.823596770235789,7.335547062057641,Low,Email,2,1.4671094124115283
17912.0,5,65,374,7.221153846153846,0.0283108736851335,0.0698807217871526,0.1389777431200983,7.934999872463741,0.5357184705164428,1.021422242207882,Low,Paid Search,12,0.40856889688315284
17913.0,13,677,735,7.310168067226891,0.9748443067880352,3.0575165492636587,6.128486166233113,7.588940601024167,22.415089170059336,43.05609374657418,Mid,Organic,0,6.458414061986127
17916.0,1,104,732,2.3089473684210526,0.2270691784589535,0.1160143744013947,0.2316839352838565,6.159414870313052,0.6903352342420248,1.3214083135633072,Low,Organic,0,0.19821124703449608
17917.0,2,317,362,3.63063829787234,0.9270918319589544,1.233661904445479,2.447588019537412,5.600162433272066,6.674866159215272,12.69747629963876,Low,Paid Search,12,5.0789905198555045
17918.0,2,4,504,9.90975,0.0249971717359884,0.0252886049953776,0.0503686696229728,11.418487822630096,0.2789696303350424,0.5326503384629246,Low,Paid Search,12,0.21306013538516988
17919.0,1,350,438,46.008,0.8623603935505388,0.6859520752782322,1.3616544113225912,43.883325062310725,29.082735774588244,55.35171507500524,High,Paid Social,8,13.83792876875131
17920.0,53,729,733,13.59759290072102,0.9971222873195194,11.88870939264754,23.841183176860188,13.647863875837224,156.7427681373361,301.2170453717716,Top,Paid Search,12,120.48681814870864
17921.0,9,447,511,6.585597826086956,0.9595184392089052,2.9814288071729167,5.954006305249428,6.998657678300639,20.15806011675744,38.58557016641369,Mid,Email,2,7.717114033282738
17923.0,2,262,543,165.66666666666666,0.708821762884592,0.6728140545787779,1.3412003882863148,155.74533942215035,101.23460225666304,193.44575178762872,Top,Organic,0,29.016862768144307
17924.0,7,402,414,101.04857142857142,0.980219703750839,2.931029112853417,5.838760460745173,99.48688571375564,281.7144330712592,537.9664308712183,Top,Email,2,107.59328617424367
17926.0,4,446,578,23.53386363636364,0.9139833319531088,1.3168349506076586,2.6302346805952803,23.798029360566,30.274764875393704,57.9604294861022,High,Organic,0,8.69406442291533
17928.0,2,525,570,12.638518518518518,0.9348130099687152,0.8509598776844766,1.6972257185417887,13.947008401042067,11.46584618887649,21.92081183948663,Mid,Paid Social,8,5.480202959871657
17929.0,11,719,730,205.47333333333333,0.9876900381689196,2.681621702454483,5.374128145292271,202.9891813232048,525.8498472037984,1009.9173753623478,Top,Paid Search,12,403.9669501449391
17930.0,12,609,645,49.140459770114944,0.9812617535561984,3.2147270035797573,6.435844851550192,48.897223662716016,151.85353165307183,291.3553579643937,Top,Email,2,58.27107159287874
17931.0,13,527,660,9.628263305322127,0.8661199847548323,2.989217475027277,5.985949181483927,9.879132252121542,28.52801614014249,54.74921285173074,High,Paid Social,8,13.687303212932685
17932.0,2,182,210,14.795222222222222,0.928328451633762,1.8667078188186164,3.678800815486916,15.945444567152917,28.760791019227906,54.36274021217001,High,Email,2,10.872548042434003
17934.0,2,354,406,25.589024390243903,0.925780967992756,1.1222141836837116,2.229552218219654,25.947154391908555,28.132167655364043,53.585664446434,High,Paid Search,12,21.434265778573604
17935.0,6,596,734,10.7209375,0.9302255892497148,1.4937351444826894,2.992035157783383,11.228856112459798,16.203280259441012,31.104334109478245,Mid,Paid Search,12,12.441733643791299
17937.0,6,353,361,100.02837209302326,0.9786090158673209,2.879134694514006,5.725432369415523,98.23933887141878,273.26268480876945,520.9660222511699,Top,Organic,0,78.14490333767547
17940.0,15,687,736,844.2552777777778,0.9790780379784408,3.495262778393692,7.006573660319733,835.7519547694899,2821.936650877516,5421.016537162596,Top,Paid Search,12,2168.4066148650386
17941.0,3,571,701,204.7542857142857,0.923759530855482,0.9124567335242024,1.8251663476137183,196.013997996552,172.78266290779655,331.2427220421695,Top,Organic,0,49.68640830632542
17945.0,2,0,696,5.004861111111111,0.0082863224252606,0.0063323372001397,0.0126563435034968,6.873539284044263,0.0420483772983037,0.0805503379329559,Low,Organic,0,0.012082550689943386
17946.0,1,26,258,7.478999999999999,0.382187224283633,0.4617962326065116,0.9104526433497776,10.62254597765986,4.739832413675256,8.962601780470193,Low,Email,2,1.7925203560940386
17949.0,116,736,737,702.8364102564102,0.9988357219849324,25.59497054692208,51.33445233834337,701.9195830993701,17355.191613464558,33356.423461405415,Top,Email,2,6671.284692281083
17950.0,6,631,703,6.955388349514563,0.9625985980007046,1.6063173751147026,3.216292256791536,7.56015539421163,11.731617203064506,22.512077539908795,Mid,Paid Social,8,5.628019384977199
17951.0,3,364,403,49.57818181818183,0.948825866368846,1.5059313785018895,2.9945004269166766,48.61988032074349,70.73788324866209,134.85151624535732,Top,Organic,0,20.227727436803598
17952.0,3,163,541,7.880865384615385,0.3073232330135053,0.3807369467512113,0.7595706867693388,9.013658674081658,3.3154378202131527,6.340128388599945,Low,Paid Search,12,2.5360513554399784
17954.0,18,725,729,5.144033722438392,0.9929364385465576,4.232120583135229,8.48377863876655,5.364939585978347,21.933747399085675,42.13582051401082,Mid,Paid Social,8,10.533955128502704
17955.0,5,466,664,43.17727272727273,0.8594755147777521,1.3026672446932284,2.6063353252426693,42.78706535862156,53.84503182560268,103.25064521531915,High,Email,2,20.65012904306383
17958.0,1,611,727,27.052222222222223,0.8708763031370081,0.4476703013170517,0.8939443087814214,27.51944494488228,11.901648520186772,22.780003961061883,Mid,Paid Social,8,5.695000990265471
17960.0,2,470,641,3.6508108108108113,0.8803797422628075,0.7234590638127418,1.4447404824372607,5.618854606586531,3.9270913375746304,7.516911699483804,Low,Paid Social,8,1.879227924870951
17961.0,99,717,737,4.53869696969697,0.9858686347320488,21.60222986902534,43.32581939775603,4.580117319501657,95.57904237827964,183.69907085858625,Top,Paid Search,12,73.4796283434345
17962.0,3,552,694,3.4371,0.9171860583953442,0.91406759349015,1.828210492007549,4.792745391826415,4.232178432965079,8.11278599679034,Low,Paid Social,8,2.028196499197585
17963.0,3,217,688,5.817053571428572,0.2976550908649458,0.2989350873215958,0.5978442338588312,7.053345754656579,2.036919209578512,3.904316290166732,Low,Organic,0,0.5856474435250097
17964.0,1,340,371,5.276690647482015,0.8914191218933455,0.8122865776077863,1.609038920045034,8.721366999483392,6.844602830150768,13.000874711507675,Low,Paid Search,12,5.200349884603071
17965.0,28,687,724,8.46898245614035,0.9836009432753972,6.40089658668552,12.832829845248872,8.592734265749176,53.13266346848712,102.08170679575171,High,Organic,0,15.312256019362756
17966.0,9,652,689,17.31947368421053,0.9790547623933176,2.3444410897974923,4.695269982742492,17.54689466077924,39.74058881305005,76.27531859533683,High,Email,2,15.255063719067365
17967.0,1,44,415,3.106869565217392,0.2684362889106006,0.223260460627362,0.4428840318653728,6.848234043257648,1.4771899009201062,2.8096458662994954,Low,Organic,0,0.4214468799449243
17968.0,3,138,511,4.036545454545454,0.254734678550812,0.3313886977287418,0.6607146462415663,5.362129025318451,1.7166946317181964,3.2809274785643527,Low,Paid Social,8,0.8202318696410882
17969.0,19,566,732,11.448985507246377,0.6050579823541167,2.702404798991092,5.417608575872087,11.60623488241215,30.29921869247312,58.20960227540012,High,Email,2,11.641920455080026
17974.0,5,382,406,4.610570719602977,0.9694587837687192,2.2376292406074905,4.454254211677046,5.404576208429559,11.68360510069197,22.295896403796306,Mid,Paid Search,12,8.918358561518522
17975.0,23,475,490,14.673966597077245,0.9903694857706484,7.515456629426762,15.012433569251415,14.781998100936637,107.32397330510844,205.4840574362985,Top,Organic,0,30.822608615444775
17977.0,1,370,399,14.496574074074076,0.893403312852439,0.7673985680288303,1.5215369794085951,16.680579692211268,12.36747336512936,23.5120263637342,Mid,Paid Search,12,9.40481054549368
17978.0,3,366,730,18.272,0.6652788285572723,0.6338584435273117,1.268385885118938,18.883684276159048,11.56319375765194,22.17605580337848,Mid,Organic,0,3.3264083705067717
17979.0,3,224,259,5.189794520547945,0.94324604070395,2.119763101358717,4.193012329857159,6.457543359587964,13.225712595884048,25.08721165364732,Mid,Organic,0,3.7630817480470977
17980.0,3,227,392,15.657878787878788,0.8034368585840561,1.3044228425177162,2.592976591720563,16.40065963586909,20.668765530618657,39.39001310787614,Mid,Paid Search,12,15.756005243150458
17984.0,4,593,738,4.74609561752988,0.9254401180051414,1.0750860560432098,2.1524648159908994,5.725879557813938,5.946775525832646,11.41063087254178,Low,Paid Search,12,4.564252349016712
17987.0,4,365,550,5.638426966292135,0.8453601203776723,1.2714306274600655,2.5382501381125646,6.584222379183537,8.087388672381866,15.47564936140818,Low,Email,2,3.0951298722816363
17988.0,13,720,731,3.98,0.9892592996443564,3.117897255634836,6.249222007951422,4.298858735974946,12.948089969957328,24.870279614428053,Mid,Paid Search,12,9.948111845771223
17990.0,5,495,731,26.800175438596494,0.8309135647412328,1.156337344703258,2.315625291723215,26.912836299994076,30.063469736863237,57.697018670283725,High,Organic,0,8.65455280054256
17991.0,2,366,591,8.01375,0.8224985143637644,0.725593899003049,1.4477535432135744,9.661623880476494,6.772633870875351,12.952990945285094,Low,Paid Search,12,5.181196378114038
17994.0,10,499,620,7.367261146496816,0.9088091537300558,2.619909006926397,5.242373771039678,7.727471234522008,19.557925739049324,37.50701121959854,Mid,Paid Search,12,15.002804487839416
17995.0,2,105,386,17.08551724137931,0.4476723544537484,0.5655490259535966,1.1229215213056958,18.067668584057497,9.872192083134893,18.793560990513367,Low,Organic,0,2.8190341485770047
17996.0,2,166,546,7.1989552238805965,0.441097287695295,0.4167110459409787,0.8307304688308303,8.906622001563361,3.585639035365005,6.852072832073967,Low,Email,2,1.3704145664147935
17997.0,7,89,163,11.871506024096384,0.7387654972568991,4.436068517185316,8.743927183013014,12.28301208812272,52.649091783570114,99.5324151215243,High,Organic,0,14.929862268228643
17998.0,2,358,737,11.021379310344829,0.692752470808746,0.5031255081107939,1.006165554277462,12.448541331272454,6.050574519593888,11.597141626039136,Low,Paid Search,12,4.638856650415654
17999.0,2,341,377,4.152840909090909,0.932642900860436,1.201016979987841,2.3839921617583646,6.084043729763817,7.0596693581551735,13.435764141266436,Low,Email,2,2.6871528282532875
18001.0,5,725,736,6.813142857142857,0.9757357796614994,1.3496385910136257,2.702887875158434,7.539517096497335,9.830051333845786,18.8666802482184,Low,Paid Social,8,4.7166700620546
18002.0,3,355,731,4.628148148148148,0.6393473309787874,0.6084084511058852,1.21747488669543,5.92406320750789,3.481878779328232,6.677678625078827,Low,Email,2,1.3355357250157656
18005.0,1,43,46,4.162,0.9016108112793842,2.837120012411188,5.4949250915517815,7.759092365477169,21.27692243102434,39.55455024447736,Mid,Email,2,7.910910048895473
18006.0,3,699,722,15.351692307692309,0.9593288775754022,0.923041376177872,1.8468629095281055,16.109828219444534,14.36519119881207,27.547019454303,Mid,Paid Social,8,6.88675486357575
18008.0,22,632,702,107.5458415841584,0.9545474891658724,5.078668548100146,10.178412588703026,106.99488691489404,524.9331913246534,1008.2001280961558,Top,Paid Social,8,252.05003202403896
18009.0,7,417,652,11.910662983425414,0.7039423252647662,1.4271313033976982,2.856018188618977,12.321302634211056,16.987092755218548,32.58076109806888,Mid,Paid Search,12,13.032304439227554
18011.0,1,194,566,5.666989247311828,0.5632176893455959,0.3605502854638797,0.7179485888584003,9.058298544708752,3.155272002215424,6.023103126824346,Low,Email,2,1.2046206253648692
18013.0,1,0,154,6.041612903225806,0.4279457970007757,0.7397399297577628,1.4489871410410744,9.38169844242837,6.7063986235093855,12.602820158508454,Low,Paid Search,12,5.041128063403382
18016.0,6,648,680,11.532117647058824,0.9744571810178984,1.6748245152254315,3.352439612899817,12.019173027526412,19.44649160420732,37.30553259965324,Mid,Email,2,7.461106519930649
18017.0,3,350,430,172.0,0.9270932467077893,1.3946978641530954,2.775376981094823,164.9023195760726,222.1957101571514,423.883228311076,Top,Paid Search,12,169.5532913244304
18018.0,3,312,420,6.7725,0.9024893892517346,1.3844240750603805,2.75419339081212,7.960877132168655,10.647811465129656,20.3076699812794,Mid,Email,2,4.06153399625588
18021.0,1,2,511,6.880606060606061,0.0821775033516229,0.0574220431093474,0.1142027662373133,10.10597278282543,0.5606449007991372,1.0689763437584945,Low,Email,2,0.2137952687516989
18022.0,4,510,545,3.3302217741935483,0.9628531532938596,1.4595836401873197,2.913597792276077,4.363935756244642,6.153454574163468,11.77390415244738,Low,Paid Search,12,4.709561660978952
18024.0,1,0,152,18.560952380952383,0.43292395932947,0.7546099361806629,1.4778839306373213,20.189219651242823,14.722176667878214,27.66213891682107,Mid,Paid Search,12,11.06485556672843
18025.0,5,239,618,10.515357142857145,0.2293605533475952,0.370288539263258,0.7403508467252414,11.128052754534078,3.980729537274778,7.628261321836149,Low,Paid Search,12,3.05130452873446
18026.0,1,4,504,122.00411764705883,0.0889212685370267,0.0628667998677105,0.1250105730592857,109.48819620742118,6.649985627154329,12.67745026298831,Low,Email,2,2.5354900525976625
18030.0,1,38,41,25.62777777777778,0.901391748574532,2.9494386672365325,5.708340315451043,26.289770362489147,74.94675772668245,139.2322458216947,Top,Organic,0,20.884836873254205
18034.0,2,353,375,3.527555555555556,0.939183890479138,1.214663848984717,2.4109260041436023,5.504644314582894,6.45994219991892,12.293628813551694,Low,Paid Search,12,4.917451525420677
18035.0,4,349,384,20.93016393442623,0.9586244982800504,1.9493770212993025,3.8764515371802655,21.29350348992378,40.10290615052165,76.45356559286526,High,Email,2,15.290713118573052
18036.0,10,689,721,4.709759036144579,0.9819482925849528,2.477003508138319,4.963174576008446,5.111405354363614,12.230921761219042,23.486035352302597,Mid,Paid Search,12,9.39441414092104
18037.0,14,583,737,5.073333333333333,0.8288125911587142,2.7742120419533696,5.561007742951085,5.357440005664992,14.357774640616158,27.58094967602247,Mid,Paid Social,8,6.895237419005618
18039.0,3,266,640,3.447440476190476,0.5226419022585822,0.5594746913549018,1.1180995563850449,4.802567299492452,2.5957291737937678,4.9720473353432055,Low,Organic,0,0.7458071003014808
18040.0,1,226,245,18.8,0.8938601168650596,1.1221984413333097,2.210980787132716,20.3955813540603,22.115366267019706,41.79142225109978,Mid,Paid Search,12,16.716568900439913
18041.0,37,683,694,9.1170625,0.99455615583199,8.783535667036807,17.6047749999012,9.20807832352864,78.13203945734949,150.07252822212328,Top,Paid Social,8,37.51813205553082
18042.0,1,488,541,17.571875,0.8872880257094863,0.5905137384800868,1.175236847442986,19.33538269036965,11.030877548847094,21.046165375729064,Mid,Paid Search,12,8.418466150291627
18043.0,2,342,366,4.684331550802139,0.93806913820422,1.2372711058277837,2.455076030394144,6.576531463948701,7.861524440805167,14.956732435612738,Low,Paid Search,12,5.982692974245095
18044.0,17,555,559,17.52805,0.992381539258296,5.066611338568744,10.132091534268024,17.64751187581896,86.37805029837155,165.55641152167624,Top,Paid Search,12,66.2225646086705
18047.0,1,0,380,3.894204545454545,0.1319370840725767,0.117918213048417,0.2336532163961655,7.527913631185855,0.8576460370429322,1.629519555931083,Low,Paid Search,12,0.6518078223724333
18048.0,2,290,492,6.585737704918033,0.8085716097072528,0.8349048145662766,1.662468916551488,8.338404835022105,6.725815102529375,12.838582334866716,Low,Email,2,2.5677164669733434
18049.0,1,153,589,5.858105263157895,0.4474471732813523,0.2767363348916518,0.551309801455532,9.223282519963618,2.465888729476932,4.709219461007765,Low,Paid Social,8,1.1773048652519413
18050.0,1,33,392,17.915652173913042,0.2473078310995813,0.2155178636038582,0.4272153316036459,19.63215386625969,4.087910888818,7.769932791327546,Low,Paid Social,8,1.9424831978318866
18051.0,6,96,730,41.496,0.0006528829734715,0.0010535127496431,0.0021101419906347,41.21239619806117,0.0419432170066966,0.080511808598575,Low,Paid Search,12,0.032204723439430004
18053.0,2,456,527,17.8459375,0.9231825116688744,0.8990556688251805,1.7915976979514516,18.772286164887568,16.305136533063212,31.147067804149923,Mid,Paid Search,12,12.45882712165997
18055.0,13,406,412,19.170496575342465,0.9894650763114452,5.113064004319261,10.191749420770742,19.30650288327001,95.36843059519478,182.223472966328,Top,Email,2,36.4446945932656
18056.0,1,330,618,18.486666666666668,0.7354631583806907,0.4362395983163964,0.8695507703959465,20.12509131331548,8.481676706282036,16.20636007208041,Low,Organic,0,2.4309540108120617
18057.0,2,297,690,8.596857142857143,0.6242156545255985,0.4806935368366688,0.9606702295615722,10.201940290654724,4.73757728064574,9.074823805503083,Low,Paid Search,12,3.6299295222012335
18058.0,2,657,667,48.37875,0.9457540066553018,0.7504555414969082,1.4992714067888278,47.064478851484,34.12127802954257,65.33773416055968,High,Organic,0,9.80066012408395
18059.0,2,44,67,17.025555555555556,0.910836613070276,3.547634259316525,6.9080246463907615,18.012107126391623,61.75610930121624,115.39789458580748,Top,Paid Social,8,28.84947364645187
18060.0,1,156,564,15.806133333333332,0.4771859851795488,0.3064102896522103,0.610116503742585,17.811077790279768,5.272518411585674,10.064319713300954,Low,Paid Social,8,2.5160799283252384
18061.0,27,713,735,50.695078125,0.990684473130592,6.143802502183422,12.318801527540284,50.57711834217616,300.17889383241715,576.7844089191738,Top,Paid Social,8,144.19610222979344
18062.0,5,424,597,30.23462962962963,0.8700495655698314,1.4477223635693943,2.8935785587744145,30.24183359168873,42.295913029767455,81.02545075317589,High,Paid Search,12,32.41018030127036
18063.0,1,242,632,62.20000000000001,0.6003166029793687,0.349174782545519,0.6961830002056298,57.86132955084319,19.51860044504726,37.304186892457125,Mid,Paid Search,12,14.921674756982851
18064.0,10,543,675,69.15430769230768,0.9065827818134468,2.424896425177714,4.85593358507034,68.55112351859489,160.5842581905797,308.1861577977656,Top,Email,2,61.63723155955312
18065.0,28,724,729,18.924612903225807,0.9950258251310742,6.43556036335342,12.90306862851519,18.98955163006533,118.05657681037712,226.8298695087157,Top,Paid Search,12,90.73194780348628
18066.0,2,340,415,27.17735849056604,0.9130830917765436,1.0870274404317957,2.160208629556602,27.418930187767703,28.795671881476608,54.86310668920568,High,Organic,0,8.229466003380852
18069.0,10,622,648,4.549659318637275,0.982812637777666,2.7253346753907293,5.455551930764851,4.953801939200817,13.042341601917288,25.021495768498053,Mid,Paid Social,8,6.255373942124513
18071.0,5,477,734,16.807411764705883,0.7967464218577285,1.1047418943902922,2.2123848418348926,17.226906205547316,18.384973388323868,35.28519859110586,Mid,Paid Search,12,14.114079436442346
18073.0,11,82,196,53.11671232876713,0.1084396264437428,0.8515143109441378,1.6830197015845263,52.79523552940777,43.436685339064425,82.33105035310638,High,Email,2,16.466210070621276
18074.0,1,131,505,26.947142857142858,0.4673693806601094,0.329871761031366,0.6559654697559728,27.428733492514965,8.741436559546111,16.664947545598803,Low,Paid Search,12,6.665979018239522
18075.0,19,475,498,17.904922600619194,0.9861526184586488,6.167099965884708,12.319797989826824,18.00879772286578,107.29354678604432,205.43787686560535,Top,Paid Social,8,51.35946921640134
18077.0,17,724,732,11.508116710875331,0.9918616847486272,3.9941000928968977,8.006694578226334,11.683149389273323,45.078432559836095,86.59848490852627,High,Email,2,17.319696981705256
18078.0,3,410,627,10.96883116883117,0.8441644356470674,0.9200769766784908,1.8383756430226468,11.946764872458116,10.618936937629323,20.33628118560898,Mid,Organic,0,3.050442177841347
18079.0,4,446,491,30.305357142857144,0.9578581121052328,1.58749920416487,3.1654493397671244,30.31159951509625,46.48790798508316,88.85599129013052,High,Email,2,17.771198258026104
18080.0,1,223,242,615.75,0.8937294290544615,1.1322333479527509,2.23039558166577,535.7222722773216,586.0910448049201,1107.3679879681167,Top,Email,2,221.47359759362337
18081.0,2,97,133,20.20294117647059,0.90693532957939,2.463957443167357,4.829895113716555,20.956323491213865,49.8968830501117,93.83273344661566,High,Email,2,18.766546689323132
18084.0,2,372,388,101.61625,0.9419583150306834,1.1849868151982208,2.3529876593990755,96.39519832427014,110.35951396190328,210.102360528122,Top,Organic,0,31.515354079218298
18085.0,3,298,628,23.17957746478873,0.6342397458921779,0.690309612854071,1.379307268654227,23.545149747882224,15.701887270826935,30.071078642551974,Mid,Paid Search,12,12.02843145702079
18087.0,16,640,738,167.74454545454546,0.9372992431579236,3.5424692620737037,7.101612223938186,166.39891488716185,569.4378369515769,1093.965187883908,Top,Paid Search,12,437.5860751535632
18092.0,17,733,735,107.86293333333332,0.9928960428304632,3.9836735377628,7.986069140674141,107.14850192053642,412.3439280714877,792.1644029875401,Top,Paid Search,12,316.8657611950161
18093.0,7,525,618,72.99524590163935,0.9484367568243638,2.015479422846707,4.031405085403507,72.05428695157923,140.2940656106676,268.9513121036899,Top,Paid Search,12,107.58052484147595
18094.0,12,619,701,50.72634920634921,0.9591138379146292,2.918896590600119,5.847937062242514,50.46245319266345,142.29180527739032,273.20205655262765,Top,Email,2,54.640411310525536
18095.0,4,286,598,47.98104166666667,0.5633338341970368,0.787965813180925,1.5744176142851138,47.31402461744222,36.01669719498525,68.9757705340346,High,Email,2,13.795154106806919
18096.0,5,501,512,4.121643835616438,0.9749391663945214,1.8522404940024515,3.696323092743206,4.930662106771885,8.822992802458861,16.87701671322138,Low,Paid Social,8,4.219254178305345
18097.0,10,715,722,29.5146835443038,0.987388132120118,2.4876481170298206,4.984563385046678,29.529567211288374,70.96402045753487,136.26794583467955,Top,Paid Search,12,54.50717833387182
18101.0,4,662,673,5.6175,0.9702634101276476,1.2234103960902452,2.4473083461861997,6.564092512273881,7.757957849429015,14.873680889432954,Low,Email,2,2.974736177886591
18102.0,144,738,738,575.4457939508507,0.9991875748752572,31.675972809026728,63.53250670814589,574.847010969388,17590.149266143617,33808.87446589636,Top,Paid Search,12,13523.549786358546
18106.0,5,364,693,7.456428571428572,0.5621141193706282,0.8203291988341321,1.6419467039119904,8.163050351427376,6.469016042216479,12.40939357704507,Low,Email,2,2.481878715409014
18108.0,2,483,737,18.05978723404256,0.8396561357111465,0.6098172691103202,1.219530953392323,18.970442750741206,11.175809698548496,21.42068450525056,Mid,Paid Social,8,5.35517112631264
18109.0,37,524,526,14.72315476190476,0.9964286110505904,11.213610533919672,22.419102549418728,14.790274052427325,160.22317608442222,307.0185953234425,Top,Paid Search,12,122.80743812937702
18110.0,1,391,410,5.183690476190476,0.898427322936744,0.7547113039487422,1.4968986776888829,8.641083105477252,6.300802372251837,11.982506965986,Low,Paid Search,12,4.7930027863944
18112.0,3,539,551,12.316825396825395,0.9609739914121326,1.171906400478002,2.3384105932968957,13.227158018559528,14.975218641287722,28.642489457408143,Mid,Paid Search,12,11.456995782963258
18116.0,12,343,410,3.7531358885017423,0.9350650331513916,4.512604300004206,8.993780968127387,4.101175463114321,17.87952831451724,34.159059414094926,Mid,Organic,0,5.123858912114239
18118.0,28,370,380,4.29962962962963,0.9920947622455728,11.217868175086329,22.351920604697508,4.446834113290103,48.19291130154838,92.05086891141086,High,Organic,0,13.807630336711629
18121.0,1,5,154,21.034375,0.4641525385959669,0.8023262962371037,1.5715800099466986,22.32444151828119,17.308541058026005,32.52661262868877,Mid,Email,2,6.505322525737753
18122.0,5,142,150,5.01706043956044,0.9721688324701984,4.676608881018039,9.203367218182985,5.7985844267872615,26.203024373166095,49.46119521620685,High,Paid Search,12,19.784478086482743
18123.0,2,489,513,11.603220338983052,0.9407578907293848,0.937489068192678,1.8676209805100892,12.987684539753497,11.763059627566744,22.46405660981785,Mid,Paid Social,8,5.616014152454462
18125.0,3,286,315,5.831581632653061,0.9504618321298844,1.838417805422893,3.645058486501129,7.067145242541372,12.552731118169495,23.86405476949872,Mid,Email,2,4.772810953899744
18127.0,3,384,402,8.138115942028985,0.9577635407907144,1.5232213750742378,3.028794265588996,9.258008274178426,13.624285815109872,25.97201723511345,Mid,Email,2,5.19440344702269
18130.0,2,41,56,15.13414285714286,0.924492637120464,3.8827940817016313,7.550101465331789,16.259493851300526,61.01541003617287,113.86145529192108,Top,Paid Search,12,45.54458211676843
18134.0,1,96,694,15.892857142857142,0.2282841241885936,0.1222851677759402,0.2440659237547357,17.885943514019047,2.112990099681981,4.042373072536925,Low,Paid Search,12,1.6169492290147702
18135.0,9,605,633,33.773513513513514,0.9809324817075206,2.5315626264488293,5.066104771451939,33.716367247633855,82.45711055431825,158.14638854088173,Top,Email,2,31.629277708176346
18136.0,4,387,450,18.53818181818182,0.9470898585027608,1.6893706999770106,3.365388473884747,18.9926309707965,30.99794780886847,59.19547708198115,High,Paid Social,8,14.798869270495288
18137.0,1,0,550,5.034137931034483,0.0676766335065591,0.0444071331323281,0.0883961317718214,8.511979464947242,0.3651821171804629,0.6968724957469565,Low,Paid Search,12,0.27874899829878264
18139.0,5,0,17,53.07132075471698,0.9255338682085792,10.322507429609477,20.008245080027752,52.37731092755453,522.5716361879097,972.1980161023084,Top,Paid Search,12,388.8792064409234
18141.0,1,187,588,21.01119047619048,0.528592102267726,0.3274048410199263,0.6522379418418157,22.304427105121977,7.055016863216894,13.473032939242769,Low,Paid Social,8,3.368258234810692
18142.0,1,58,215,67.968,0.615787467838239,0.8496618746862863,1.6712072325172884,62.840648343447874,51.5924847601373,97.33792367649536,High,Organic,0,14.600688551474304
18143.0,1,25,141,16.396065573770493,0.6225544584136832,1.137546072801843,2.225886175471933,18.32034628736232,20.13905884295489,37.80821085904186,Mid,Organic,0,5.671231628856279
18144.0,18,715,722,58.13793103448276,0.9923985507907674,4.26642783468135,8.55185202763515,57.89658356881922,238.62048241862948,458.36626800606894,Top,Paid Social,8,114.59156700151723
18145.0,10,718,731,13.871086419753086,0.9862967068409242,2.457568931584569,4.924822796452969,14.129887744973018,33.54563828630609,64.42224801406209,High,Paid Social,8,16.105562003515523
18146.0,1,79,219,16.035,0.6851032222316871,0.9329771615946628,1.835514114671232,18.008650622168485,16.234923288561408,30.636821345199664,Mid,Paid Search,12,12.254728538079867
18147.0,1,62,108,25.62,0.8328002616000356,1.780024665398442,3.472754916949244,26.283056070697608,45.21275760328587,84.64056741900527,High,Paid Social,8,21.160141854751316
18149.0,6,584,635,16.9240625,0.9681137850074484,1.7675400364773892,3.535754706802502,17.27243919514228,29.493316033293763,56.54458683483371,High,Paid Social,8,14.136146708708427
18150.0,2,169,201,15.312972972972974,0.9238490832101052,1.9157991596092847,3.773533720642877,16.425200698490972,30.40549450104704,57.442274389764606,High,Email,2,11.488454877952922
18151.0,5,511,645,17.730566037735848,0.9227191230926372,1.434783167414482,2.8698752814409287,18.121714493500825,25.118091107451576,48.15261091514965,High,Paid Social,8,12.038152728787413
18154.0,4,487,490,19.84255319148936,0.9716873397945688,1.6132069471898118,3.2166397605846737,20.247319384726502,31.555522025538608,60.31329402377489,High,Paid Search,12,24.125317609509956
18155.0,2,216,291,14.8648,0.895058682459249,1.414304730214965,2.798472388091121,16.00991644951207,21.87731790238645,41.51075599018999,Mid,Paid Search,12,16.604302396075997
18156.0,1,356,369,4.8265128205128205,0.9005849686170148,0.8242218738001409,1.6325677973512878,8.332743748123882,6.6357038293272055,12.603250931861268,Low,Paid Search,12,5.041300372744508
18158.0,1,79,88,13.335294117647058,0.8949133131081636,2.132784524591251,4.15239608205716,15.678086087753536,32.315853413195924,60.37756052471356,High,Paid Search,12,24.151024209885424
18160.0,2,328,385,15.444307692307692,0.9216048378482788,1.16673361969684,2.316526675440938,16.546897551208286,18.652184173394332,35.50686114307633,Mid,Paid Search,12,14.202744457230532
18161.0,5,364,378,19.388172043010755,0.9729472259865574,2.3808989924700303,4.735664332883898,19.72842274911364,45.380049496953575,86.53328080507319,High,Organic,0,12.979992120760977
18167.0,2,82,105,37.428648648648654,0.920805884232276,2.869111909740386,5.609952822342532,36.91793970216088,102.3596562112939,192.02840578703413,Top,Paid Social,8,48.00710144675853
18168.0,15,560,735,9.332351485148514,0.7102993726476443,2.5388200315220386,5.08923811585759,9.553212761706328,23.42995481434694,45.00908419439452,Mid,Paid Social,8,11.25227104859863
18170.0,8,667,699,22.84126984126984,0.9791087131098664,2.090561845929531,4.186915937476938,22.98936341834664,46.4284884034331,89.11355285385727,High,Organic,0,13.36703292807859
18171.0,8,644,703,26.4925,0.97086356369086,2.0624669520733656,4.130859080198769,26.56970663627185,52.93806674320432,101.61277542182414,High,Organic,0,15.24191631327362
18172.0,51,714,728,36.72235294117648,0.9942938834079942,11.488621400846473,23.037400617597065,36.70299270314164,407.3407226003511,782.7512149984022,Top,Paid Social,8,195.68780374960056
18173.0,4,526,612,59.91911111111112,0.9454559643649726,1.2960100449148826,2.590129590952797,58.79737799605443,73.61591687629873,141.01323381370153,Top,Organic,0,21.15198507205523
18174.0,1,596,603,81.25,0.9045361211950652,0.5481357788194771,1.0922841301310429,74.3065485174034,39.349166640253145,75.1662780360593,High,Paid Search,12,30.06651121442372
18177.0,8,692,723,22.1687,0.9795976131682208,2.029667342700124,4.066177634639037,22.32985120873863,43.78282216016236,84.05944806976883,High,Paid Search,12,33.623779227907534
18178.0,10,530,658,17.43925714285714,0.9081798095475968,2.484582976916795,4.974311487780706,17.642422936170053,42.34558236422401,81.24999140872512,High,Paid Social,8,20.31249785218128
18179.0,7,654,662,23.37201834862385,0.982338802084187,1.9649635533557168,3.932899735191774,23.52905633536704,44.66391455314515,85.67560015455533,High,Email,2,17.135120030911065
18180.0,5,137,142,15.493697478991596,0.9742766763518362,4.85174050824689,9.542271819943794,15.953530275647996,74.79230264237171,141.0979034740416,Top,Email,2,28.21958069480832
18181.0,4,710,734,6.626043956043956,0.9678210589641026,1.1297896907831908,2.261875429578488,7.534221451380185,8.223039034799157,15.77755931563084,Low,Paid Search,12,6.311023726252337
18183.0,1,47,274,17.082972972972975,0.460960922930007,0.5323782296557399,1.050431243418221,18.91333015033529,9.728977450464813,18.41038063464383,Low,Paid Search,12,7.364152253857532
18188.0,5,608,623,24.66609022556391,0.9745004244274376,1.5622031823983578,3.1236968219814574,24.844279405865286,37.49442853242949,71.85582013027671,High,Email,2,14.371164026055343
18189.0,2,548,625,16.322441860465116,0.9252534958636232,0.7773719321669451,1.551991185342154,17.360590724419694,13.037790896540889,24.94955482968409,Mid,Paid Search,12,9.979821931873637
18190.0,4,525,717,17.752857142857142,0.8896277249458578,1.0604358496562047,2.1225652645362225,18.237218983484443,18.682736484175997,35.839205280671,Mid,Paid Social,8,8.95980132016775
18191.0,1,215,476,35.29333333333333,0.6858756531048169,0.5089115186509848,1.011263184672479,34.63371669028776,17.0285392012368,32.44143498553342,Mid,Email,2,6.488286997106684
18193.0,2,277,441,17.247857142857146,0.8366828907885353,0.9471459926409888,1.8835775935725425,18.21809533473217,16.670629481694323,31.78347001265366,Mid,Email,2,6.356694002530732
18194.0,5,597,679,148.6442857142857,0.9549166846644824,1.4190122619401244,2.8397121562449605,145.01565280449918,198.7923147733322,381.2707042430562,Top,Email,2,76.25414084861124
18196.0,3,537,631,5.211067615658362,0.9352149618768668,1.013647742935271,2.02546665598389,6.477749622055622,6.343331946985007,12.148830322852882,Low,Organic,0,1.8223245484279322
18198.0,16,332,335,34.12301886792453,0.9918247206005378,7.332418151829464,14.58544106463124,34.08720301886908,241.47378135007585,460.4883832130143,Top,Paid Social,8,115.12209580325357
18202.0,2,111,310,20.543970588235293,0.6215515135292505,0.9351957329280468,1.851909804714024,21.27232680173246,19.22094439530284,36.497607252902895,Mid,Email,2,7.299521450580579
18203.0,3,573,730,8.407,0.9128724181943404,0.8697584611109639,1.740434898045783,9.513407961931016,7.99343735290647,15.329926706586598,Low,Email,2,3.0659853413173197
18204.0,2,121,191,9.9685,0.8692482115400544,1.8674898618017048,3.676108430122667,11.472926512820775,20.702749856120388,39.08874711879368,Mid,Paid Search,12,15.635498847517471
18205.0,1,38,74,16.1675,0.83718311682464,2.170315748324044,4.218746046360944,18.123033378760045,38.01391154952856,70.91541124083595,High,Paid Search,12,28.36616449633438
18210.0,6,381,382,19.22798611111111,0.9809667240732612,2.756779379033818,5.485582229371045,19.51710680379177,51.98125500352848,99.1600579610117,High,Paid Search,12,39.664023184404684
18211.0,4,252,278,14.287380952380952,0.9592362562122868,2.5172322610998856,4.986860461277826,14.903741329865644,36.2471401886461,68.85574682634581,High,Paid Social,8,17.213936706586452
18212.0,1,351,676,9.940363636363635,0.7216671348130095,0.3956557726442078,0.7894512366315991,12.7473577338976,4.872490922443316,9.319030731566848,Low,Email,2,1.8638061463133697
18214.0,3,23,553,30.69551724137931,0.0091292375663987,0.0110983658292532,0.0221464218683869,30.68416976488689,0.3289931910997361,0.6292748158879066,Low,Organic,0,0.09439122238318598
18215.0,4,534,622,24.972111111111115,0.9451164091865958,1.2772971065068728,2.5531419141588945,25.1814945912954,31.07262795545066,59.52953491001126,High,Paid Search,12,23.811813964004504
18217.0,3,496,525,23.626,0.9557780373975064,1.2149948562371098,2.423135723507908,23.969184467378195,28.134823778072946,53.78590661084078,High,Paid Search,12,21.514362644336316
18218.0,3,448,659,29.28205128205128,0.8608708862220886,0.8981147140832958,1.7953899938164195,29.341588254531185,25.457712251809756,48.77707645488775,High,Organic,0,7.316561468233162
18219.0,16,729,731,17.551182266009853,0.9924759983246066,3.783103647978845,7.583402060625428,17.67781056832282,64.6051084646565,124.1054426837622,Top,Paid Search,12,49.64217707350488
18220.0,5,497,724,76.8704,0.8414898488253013,1.1811517504054088,2.365110544320199,75.44562570060471,86.08654707582883,165.20132328145715,Top,Paid Social,8,41.30033082036429
18221.0,5,367,389,16.96357142857143,0.9699438239149228,2.3186966413155177,4.613427952252829,17.378270896751417,38.9296311902275,74.25599011566821,High,Paid Social,8,18.563997528917053
18223.0,25,730,735,24.30703125,0.9945444083237008,5.732249797715579,11.493305028757554,24.34582710808231,134.8151179543573,259.0366169448684,Top,Paid Social,8,64.7591542362171
18225.0,25,731,734,22.54621761658031,0.9948862478174508,5.741205532760778,11.511130691440531,22.59609914816551,125.32149812582438,240.7927803031091,Top,Paid Search,12,96.31711212124365
18226.0,25,600,644,22.497878787878783,0.976117862031876,6.32660120883823,12.67056731625008,22.548064649497743,137.80799667049575,264.50154611369425,Top,Paid Search,12,105.80061844547771
18227.0,1,266,483,64.79166666666667,0.7553840247407189,0.553634537257467,1.100330112458233,60.09862749423786,32.145687621499775,61.25188576682634,High,Paid Search,12,24.50075430673054
18228.0,1,22,79,25.996666666666663,0.7706541300023482,1.937086734933518,3.7675848237498113,26.608219630316384,49.813696183799344,92.98000759213684,High,Paid Social,8,23.24500189803421
18229.0,27,724,735,51.20241706161137,0.993684675804846,6.162408479360889,12.356107957881054,51.08149840996306,304.0905580018436,584.3005499677596,Top,Paid Social,8,146.0751374919399
18230.0,8,516,525,30.650428571428574,0.983694456073881,2.697270523255375,5.387328499775266,30.6469109521206,79.8582803363471,152.88224056388054,Top,Paid Search,12,61.15289622555222
18231.0,27,506,698,17.87264935064935,0.0679169962993655,0.4410490023262936,0.8839524094428217,17.94611438117108,7.646246248340732,14.685956488573767,Low,Email,2,2.9371912977147536
18232.0,3,115,196,16.026216216216216,0.8534986333733082,2.345807295118066,4.624677055285991,16.75052516860035,37.96703583287846,71.78905400309868,High,Organic,0,10.768358100464802
18235.0,2,145,216,17.273846153846154,0.8785026109121443,1.7315191626536148,3.4135545343814973,18.242177168223108,30.520351968263974,57.70756212937599,High,Paid Search,12,23.083024851750395
18236.0,11,573,602,18.319897959183677,0.9822927606095097,3.162327674032986,6.326492727725328,18.49235576768477,56.49360931244156,108.31976577477592,Top,Paid Social,8,27.07994144369398
18237.0,4,131,133,16.181967213114753,0.9710557660895168,4.236231552131525,8.321295229989946,16.72616359332419,68.46792166617536,129.0127812782603,Top,Email,2,25.80255625565206
18239.0,5,204,422,17.20288,0.5358294004381492,1.1978916976565137,2.3855574208977703,17.610231360293188,20.38014714073508,38.90735187017712,Mid,Paid Search,12,15.56294074807085
18241.0,20,608,617,18.786100628930814,0.9923705112118224,5.410146812765044,10.82994551392487,18.877899086564724,98.66425627633006,189.28488885324776,Top,Paid Search,12,75.71395554129911
18242.0,7,625,697,25.7515,0.964273539997127,1.842776199381164,3.6900784553837087,25.855887973972465,46.02856310072156,88.33278845975067,High,Email,2,17.666557691950135
18244.0,1,72,502,29.928421052631577,0.2895955959990701,0.2054343282804434,0.4084862434511027,30.00236985603431,5.954713910767334,11.351471696206916,Low,Organic,0,1.7027207544310374
18245.0,19,633,640,13.81,0.99257981313431,4.994306581209651,10.000579412910383,13.947729763549445,67.2936823397202,129.13867934989128,Top,Organic,0,19.37080190248369
18246.0,2,586,609,151.76399999999998,0.9421232675364912,0.8096899968939539,1.6160677349224846,142.86290600102825,111.75073255315226,213.79403590642127,Top,Paid Social,8,53.44850897660532
18247.0,2,216,630,22.69540540540541,0.4913029210021795,0.4099084488546279,0.8184342325174915,23.265880733262,9.213328947838589,17.632343851065755,Low,Email,2,3.5264687702131514
18248.0,1,63,185,17.1068085106383,0.6920599378915367,1.0600112209302666,2.080986948633927,18.9339065616787,19.393825002337717,36.5234229842408,Mid,Paid Social,8,9.1308557460602
18251.0,8,630,717,243.3227777777778,0.9591876754680854,2.002201615250618,4.010858340926939,239.19032509449025,462.6417770744905,888.1724678050997,Top,Email,2,177.63449356101995
18252.0,6,670,720,11.174565217391304,0.9702028448081772,1.5849318816282003,3.1741592413449298,11.670816704687418,17.869259401113478,34.29678302268296,Mid,Paid Social,8,8.57419575567074
18255.0,1,366,455,15.95526315789474,0.8635501536314997,0.6654521216282452,1.3215887008745373,17.93981651045599,11.533842617234432,21.9617097552066,Mid,Paid Search,12,8.784683902082639
18257.0,11,619,658,16.667210144927534,0.9798028937138644,2.9172343649204118,5.840949469315434,16.863127563805033,47.52317444442027,91.19092686300192,High,Email,2,18.238185372600384
18258.0,5,108,572,41.1934,0.015253501221206,0.0263430435806347,0.0526297080299581,40.86410858912943,1.039956629899359,1.9914190394187372,Low,Paid Social,8,0.4978547598546843
18259.0,6,707,731,46.93695652173913,0.9767326030279982,1.574161845392862,3.1530189720179567,46.51341347377196,70.7329232804149,135.7764649727074,Top,Paid Social,8,33.94411624317685
18260.0,22,551,723,24.238710462287106,0.3998332640310182,2.0721521348980128,4.153943800982479,24.283247215379383,48.609178571101,93.38221701303596,High,Organic,0,14.007332551955393
18261.0,1,52,95,15.44,0.832226033010335,1.9065775998174637,3.714765680601564,17.49500730011582,32.235778696729575,60.27112177689905,High,Paid Search,12,24.10844871075962
18262.0,2,462,602,13.75095238095238,0.8940902723381026,0.776193588229961,1.549020458980752,14.977807420525568,11.231327187793296,21.48450265247476,Mid,Paid Search,12,8.593801060989904
18263.0,2,226,252,19.887868852459015,0.932707716131801,1.643161220336416,3.245521863020012,20.664372433604967,32.80768799607032,62.14484389203582,High,Paid Search,12,24.85793755681433
18265.0,1,85,157,17.424130434782608,0.8044495366554087,1.3734568851687816,2.690920166804568,19.20783981760749,25.492985883775493,47.91758370444258,High,Email,2,9.583516740888516
18268.0,5,594,728,22.24223880597015,0.932576839281558,1.3025882826691642,2.6084029652252934,22.494853743888232,28.3064633940918,54.32309428681204,High,Email,2,10.864618857362409
18270.0,2,394,432,26.15,0.9336874348785266,1.0752384646564752,2.1377955187718416,26.466963369339,27.4942825109504,52.407283660114864,High,Paid Search,12,20.962913464045947
18271.0,1,121,731,32.42142857142857,0.2664972366802459,0.136324737429802,0.2722403068393639,32.15449870285308,4.234725560959396,8.105806358583985,Low,Email,2,1.6211612717167971
18272.0,8,642,644,19.40699115044248,0.9854352010574532,2.2622950830555157,4.527473686661611,19.621759656154577,42.88304378085453,82.25018786029317,High,Paid Social,8,20.56254696507329
18273.0,3,588,590,89.25,0.9635384036725744,1.1074675462728851,2.2114156923113235,86.30218120786482,92.33421104496009,176.7242307205125,Top,Email,2,35.344846144102505
18275.0,1,152,730,39.04473684210527,0.3385095525129664,0.1733731657867481,0.3462208830379664,37.8721761198771,6.34323898465183,12.141601533106051,Low,Paid Social,8,3.035400383276513
18276.0,5,685,728,17.622553191489363,0.9687108616287504,1.3530589271593476,2.709469265680003,18.017018244075928,23.550216301370877,45.19535354180667,Mid,Paid Social,8,11.298838385451667
18277.0,4,436,494,18.43828125,0.9522366037517592,1.5700424056430955,3.1308453109050105,18.89653557342136,28.662287456498117,54.78788319881241,High,Organic,0,8.218182479821861
18278.0,1,330,404,17.258333333333336,0.8679032622685353,0.7379380270276529,1.4633566838296117,19.064712802523275,13.592460568492934,25.844766102360367,Mid,Paid Search,12,10.337906440944147
18280.0,1,116,393,16.27166666666667,0.5483401318736684,0.4768632369660693,0.9453040467674976,18.212956929539576,8.391204544853114,15.94973917752017,Low,Paid Search,12,6.379895671008068
18281.0,1,397,577,11.831764705882351,0.8206371276469157,0.5166767096182128,1.0290686044279724,14.380140135043083,7.178027110122327,13.705082489506866,Low,Paid Social,8,3.4262706223767165
18282.0,1,118,125,14.8375,0.8993943524528833,1.7676764846595776,3.454142835096723,16.974889482407022,28.99723445916473,54.366755452173976,High,Organic,0,8.155013317826096
18283.0,21,654,657,2.775507099391481,0.9939612839626832,5.3678534183240725,10.751574394781544,2.9828219781738525,15.467571473570835,29.69062887426031,Mid,Paid Social,8,7.422657218565077
18286.0,1,247,723,19.349701492537317,0.5401402268496985,0.2790221032893387,0.5571408636468591,20.87012001080681,5.625654193845025,10.76701302991604,Low,Paid Search,12,4.306805211966416
18287.0,6,528,571,26.987032258064517,0.969371700708368,1.9418478495551392,3.8804302188556585,27.07659335798505,50.79433625205701,97.28755376588238,High,Paid Search,12,38.91502150635296
